countryIsoCode,country,year,Expected_Years_Schooling,GNI_Per_Capita,HDI,HDI_Rank,Life_Expectancy,Mean_Years_Schooling
AFG,Afghanistan,1990,2.936460018,3642.049616,0.285,,45.118,0.871961963
AFG,Afghanistan,1991,3.228456167,3192.813684,0.291,,45.521,0.915267456
AFG,Afghanistan,1992,3.520452316,2990.156395,0.301,,46.569,0.95857295
AFG,Afghanistan,1993,3.812448465,1993.698011,0.311,,51.021,1.001878443
AFG,Afghanistan,1994,4.104444614,1425.203987,0.305,,50.969,1.045183937
AFG,Afghanistan,1995,4.396440763,2034.991008,0.329,,52.103,1.08848943
AFG,Afghanistan,1996,4.688436912,1852.207871,0.334,,52.83,1.123601992
AFG,Afghanistan,1997,4.980433061,1690.905132,0.338,,53.212,1.158714555
AFG,Afghanistan,1998,5.272429209,1554.30396,0.338,,52.487,1.193827117
AFG,Afghanistan,1999,5.564425358,1425.314494,0.347,,54.532,1.228939679
AFG,Afghanistan,2000,5.856421507,1331.140022,0.351,,55.005,1.264052241
AFG,Afghanistan,2001,6.148417656,1246.15844,0.355,,55.511,1.315550666
AFG,Afghanistan,2002,6.440413805,1946.695886,0.383,,56.225,1.367049091
AFG,Afghanistan,2003,6.732409954,1982.539949,0.392,,57.171,1.418547515
AFG,Afghanistan,2004,7.600430012,1963.734915,0.408,,57.81,1.47004594
AFG,Afghanistan,2005,7.858029938,2084.058077,0.417,,58.247,1.521544365
AFG,Afghanistan,2006,8.115629864,2193.256889,0.426,,58.553,1.595280745
AFG,Afghanistan,2007,8.37322979,2729.944476,0.442,,58.956,1.669017126
AFG,Afghanistan,2008,8.630829716,2496.71817,0.446,,59.708,1.742753507
AFG,Afghanistan,2009,8.888429642,2802.106865,0.458,,60.248,1.816489888
AFG,Afghanistan,2010,9.180809975,2822.121231,0.465,,60.702,1.890226268
AFG,Afghanistan,2011,9.473190308,2947.533545,0.474,,61.25,1.937043018
AFG,Afghanistan,2012,9.803686778,3148.38478,0.484,,61.735,1.983859768
AFG,Afghanistan,2013,10.13418325,3245.787894,0.492,,62.188,2.030676517
AFG,Afghanistan,2014,10.46467972,3214.32395,0.497,,62.26,2.077493267
AFG,Afghanistan,2015,10.48297477,3087.800291,0.496,,62.27,2.124310017
AFG,Afghanistan,2016,10.50126982,2818.611013,0.495,,62.646,2.268591682
AFG,Afghanistan,2017,10.51956487,2783.873555,0.496,,62.406,2.412873348
AFG,Afghanistan,2018,10.53785992,2758.820419,0.498,,62.443,2.557155013
AFG,Afghanistan,2019,10.62129205,2969.98769,0.507,,62.941,2.701436679
AFG,Afghanistan,2020,10.70538475,2797.703558,0.501,,61.454,2.845718344
AFG,Afghanistan,2021,10.79014324,2151.783518,0.486,,60.417,2.99000001
AFG,Afghanistan,2022,10.79014324,1960.945925,0.495,,65.617,2.514790058
AFG,Afghanistan,2023,10.79014324,1971.549458,0.496,181.0,66.035,2.514790058
AGO,Angola,1990,3.755630016,6558.720345,0.379,,41.854,3.387140553
AGO,Angola,1991,3.521440029,7317.376878,0.379,,43.812,3.387140553
AGO,Angola,1992,3.488090038,2808.275404,0.379,,42.267,3.387140553
AGO,Angola,1993,3.568055034,2755.353142,0.379,,42.19,3.387140553
AGO,Angola,1994,3.648020029,2108.901389,0.379,,43.567,3.387140553
AGO,Angola,1995,3.727985024,4615.036001,0.379,,46.139,3.387140553
AGO,Angola,1996,3.80795002,4554.77158,0.379,,46.418,3.387140553
AGO,Angola,1997,3.887915015,5365.954236,0.379,,46.688,3.387140553
AGO,Angola,1998,3.967880011,5254.331989,0.379,,45.452,3.387140553
AGO,Angola,1999,4.39485838,4742.689405,0.379,,45.808,3.387140553
AGO,Angola,2000,4.82183675,4964.900553,0.391,,46.501,3.425745773
AGO,Angola,2001,5.248815119,5009.126104,0.401,,47.032,3.464791
AGO,Angola,2002,5.675793489,5902.874086,0.417,,47.874,3.505191693
AGO,Angola,2003,6.102771858,5932.520736,0.435,,50.218,3.545592386
AGO,Angola,2004,6.529750228,6240.367881,0.448,,51.123,3.585993079
AGO,Angola,2005,6.956728597,6823.310463,0.463,,52.13,3.626393772
AGO,Angola,2006,7.383706967,7180.047405,0.475,,52.965,3.666794465
AGO,Angola,2007,7.810685337,8052.430051,0.492,,54.2,3.707195158
AGO,Angola,2008,8.237663706,8222.320249,0.504,,55.281,3.747595851
AGO,Angola,2009,8.664642076,8870.64231,0.517,,56.225,3.787996544
AGO,Angola,2010,9.091620445,8754.559189,0.528,,57.242,3.828397237
AGO,Angola,2011,10.07281971,8707.88202,0.545,,58.093,3.86879793
AGO,Angola,2012,10.4918,9194.230072,0.557,,58.916,3.909198623
AGO,Angola,2013,10.9107,9423.771811,0.567,,59.705,3.949599316
AGO,Angola,2014,11.3297,9694.499032,0.577,,60.396,3.99000001
AGO,Angola,2015,11.7487,9611.67273,0.603,,61.042,5.315629959
AGO,Angola,2016,12.16763687,9011.136033,0.609,,61.619,5.417390823
AGO,Angola,2017,12.1676,8581.223459,0.61,,62.122,5.521099768
AGO,Angola,2018,12.1676,8000.925845,0.611,,62.622,5.626794086
AGO,Angola,2019,12.1676,7462.890759,0.611,,63.051,5.734511785
AGO,Angola,2020,12.1676,6980.715433,0.61,,63.116,5.844291601
AGO,Angola,2021,12.1676,6806.26114,0.609,,62.958,5.956173009
AGO,Angola,2022,12.1676,6836.106305,0.615,,64.246,5.956173009
AGO,Angola,2023,12.1676,6631.276544,0.616,148.0,64.617,5.956173009
ALB,Albania,1990,11.57933998,5622.324727,0.654,,72.71,7.351564574
ALB,Albania,1991,11.78129959,3968.823966,0.638,,73.001,7.34968678
ALB,Albania,1992,10.65800953,3602.850619,0.622,,73.303,7.347808986
ALB,Albania,1993,10.07353973,4079.815592,0.624,,73.638,7.345931191
ALB,Albania,1994,9.992659569,4484.907216,0.629,,73.837,7.344053397
ALB,Albania,1995,10.05914021,5177.976857,0.638,,74.022,7.342175603
ALB,Albania,1996,10.16149998,5593.814373,0.647,,74.113,7.623844744
ALB,Albania,1997,10.36505985,5006.870923,0.645,,73.383,7.905513884
ALB,Albania,1998,10.54819012,5515.149238,0.659,,74.357,8.187183025
ALB,Albania,1999,10.63376045,6231.203421,0.671,,74.568,8.468852166
ALB,Albania,2000,10.82122358,6754.124612,0.682,,74.826,8.750521307
ALB,Albania,2001,11.0086867,7400.175732,0.691,,75.083,8.819999695
ALB,Albania,2002,11.19614983,7706.642493,0.697,,75.299,8.885713986
ALB,Albania,2003,11.43404007,8175.472685,0.705,,75.557,8.951428277
ALB,Albania,2004,11.44725037,8637.705395,0.71,,75.951,9.017142568
ALB,Albania,2005,12.03781033,9129.182117,0.723,,76.427,9.082856859
ALB,Albania,2006,12.27567959,9815.71748,0.732,,76.994,9.148571151
ALB,Albania,2007,12.54864025,10467.12957,0.742,,77.691,9.214285442
ALB,Albania,2008,12.62777996,11094.04948,0.749,,78.248,9.279999733
ALB,Albania,2009,12.88274002,11306.35911,0.756,,78.509,9.453333219
ALB,Albania,2010,13.69569969,11851.97418,0.769,,78.414,9.626666705
ALB,Albania,2011,14.49333954,12312.54001,0.781,,78.303,9.800000191
ALB,Albania,2012,15.18675995,12412.33733,0.79,,78.084,10.02999973
ALB,Albania,2013,15.41786957,12865.25494,0.793,,77.995,10.01933975
ALB,Albania,2014,15.72037029,13019.67144,0.797,,78.029,10.00867977
ALB,Albania,2015,15.45318031,13381.1968,0.797,,78.358,9.998019791
ALB,Albania,2016,15.07174015,13902.71937,0.797,,78.643,9.98735981
ALB,Albania,2017,14.97856045,14256.36107,0.798,,78.9,9.976699829
ALB,Albania,2018,14.86655045,14813.7759,0.801,,79.238,10.02484799
ALB,Albania,2019,15.04347038,15013.3742,0.805,,79.467,10.07299615
ALB,Albania,2020,14.73484993,14553.63559,0.794,,77.824,10.12114431
ALB,Albania,2021,14.60937023,16035.43576,0.794,,76.844,10.17531099
ALB,Albania,2022,14.67010021,16945.17025,0.806,,78.769,10.17531099
ALB,Albania,2023,14.51014996,17627.39404,0.81,71.0,79.602,10.17531099
AND,Andorra,1990,9.567166927,52196.91896,0.825,,78.961,9.814466572
AND,Andorra,1991,9.660870218,49681.45974,0.825,,79.346,9.814466572
AND,Andorra,1992,9.755491263,47200.32351,0.825,,79.794,9.814466572
AND,Andorra,1993,9.851039052,44445.41114,0.825,,80.186,9.814466572
AND,Andorra,1994,9.947522659,44560.90327,0.825,,80.587,9.814466572
AND,Andorra,1995,10.04495125,46291.1816,0.825,,80.804,9.814466572
AND,Andorra,1996,10.14333409,47469.29332,0.825,,81.009,9.814466572
AND,Andorra,1997,10.24268051,51200.70339,0.825,,81.145,9.814466572
AND,Andorra,1998,10.34299995,52285.32007,0.825,,81.28,9.814466572
AND,Andorra,1999,10.44430195,54156.85079,0.825,,81.55,9.814466572
AND,Andorra,2000,10.54659613,54809.05705,0.825,,81.863,9.814466572
AND,Andorra,2001,10.6498922,59108.86606,0.832,,82.162,9.898915551
AND,Andorra,2002,10.75419998,61188.54236,0.838,,82.448,9.984091174
AND,Andorra,2003,10.59714985,63656.02206,0.84,,82.718,10.06999969
AND,Andorra,2004,10.46098995,64353.27412,0.849,,82.815,10.69999981
AND,Andorra,2005,10.48631954,65114.52265,0.842,,83.086,10.09000015
AND,Andorra,2006,10.65847969,66390.08272,0.851,,83.374,10.40999985
AND,Andorra,2007,11.27224493,65533.95523,0.859,,83.632,10.43999982
AND,Andorra,2008,11.88601017,60691.39571,0.864,,83.855,10.46999979
AND,Andorra,2009,12.09902763,57203.85951,0.866,,84.1,10.49999976
AND,Andorra,2010,12.3120451,58284.90191,0.87,,84.197,10.52999973
AND,Andorra,2011,12.52506256,60470.18429,0.875,,84.296,10.5599997
AND,Andorra,2012,12.73808002,58172.00039,0.876,,84.334,10.58999968
AND,Andorra,2013,11.50372028,57331.95037,0.862,,84.406,10.61999965
AND,Andorra,2014,11.60803986,59928.96765,0.866,,84.485,10.64999962
AND,Andorra,2015,11.80185032,62104.96036,0.869,,84.532,10.56999969
AND,Andorra,2016,11.97064018,64402.5872,0.872,,84.489,10.56000042
AND,Andorra,2017,11.92259026,63239.42225,0.873,,84.359,10.73500029
AND,Andorra,2018,11.92751026,63048.44054,0.875,,84.242,10.91000017
AND,Andorra,2019,11.92630959,63215.61817,0.876,,84.098,11.08500004
AND,Andorra,2020,11.91193008,55488.38734,0.851,,79.418,11.25999991
AND,Andorra,2021,11.98771,59332.10303,0.871,,82.331,11.43499978
AND,Andorra,2022,12.7837801,63913.16447,0.893,,84.016,11.60999966
AND,Andorra,2023,14.54279041,64631.0749,0.913,32.0,84.041,11.60999966
ARE,United Arab Emirates,1990,9.683460236,100116.0404,0.713,,71.074,5.758099967
ARE,United Arab Emirates,1991,10.05986023,94282.36413,0.724,,71.144,6.056743873
ARE,United Arab Emirates,1992,10.09360981,91649.01989,0.729,,71.166,6.355387779
ARE,United Arab Emirates,1993,10.2863102,91795.83229,0.736,,71.159,6.654031685
ARE,United Arab Emirates,1994,10.2920252,96779.78623,0.742,,71.204,6.952675591
ARE,United Arab Emirates,1995,10.29774019,101964.5152,0.747,,71.392,7.251319497
ARE,United Arab Emirates,1996,10.30345519,100663.7765,0.753,,71.82,7.496780241
ARE,United Arab Emirates,1997,10.30917019,99640.33146,0.761,,72.559,7.742240986
ARE,United Arab Emirates,1998,10.31488519,93806.73303,0.77,,73.66,7.987701731
ARE,United Arab Emirates,1999,10.32060019,90830.32623,0.78,,74.982,8.233162475
ARE,United Arab Emirates,2000,10.32631519,95250.5157,0.79,,76.347,8.47862322
ARE,United Arab Emirates,2001,10.33203019,93166.75947,0.798,,77.621,8.58089853
ARE,United Arab Emirates,2002,10.33774519,86329.66769,0.805,,78.721,8.68317384
ARE,United Arab Emirates,2003,10.34346019,87872.21268,0.81,,79.6,8.785449151
ARE,United Arab Emirates,2004,10.34917519,91614.18461,0.815,,80.272,8.887724461
ARE,United Arab Emirates,2005,10.35489019,92221.74998,0.819,,80.779,8.989999771
ARE,United Arab Emirates,2006,10.36060519,94828.00787,0.823,,81.155,9.158181624
ARE,United Arab Emirates,2007,10.36632019,88089.5418,0.827,,81.438,9.326363477
ARE,United Arab Emirates,2008,10.37203519,80459.38274,0.831,,81.591,9.49454533
ARE,United Arab Emirates,2009,10.37775018,72535.52119,0.832,,81.679,9.662727183
ARE,United Arab Emirates,2010,10.38346518,71183.75736,0.835,,81.886,9.830909035
ARE,United Arab Emirates,2011,10.38918018,72914.66349,0.839,,81.898,9.999090888
ARE,United Arab Emirates,2012,10.59852982,71325.63685,0.843,,81.913,10.16727274
ARE,United Arab Emirates,2013,10.60554028,71756.09371,0.846,,81.95,10.33545459
ARE,United Arab Emirates,2014,11.02307987,71100.68245,0.853,,81.99,10.50363645
ARE,United Arab Emirates,2015,11.03812981,72318.79892,0.857,,82.076,10.6718183
ARE,United Arab Emirates,2016,11.05317974,73400.30984,0.861,,82.195,10.84000015
ARE,United Arab Emirates,2017,11.60004044,72413.8932,0.884,,82.388,12.06000042
ARE,United Arab Emirates,2018,12.54436541,72210.12,0.901,,82.449,12.47999954
ARE,United Arab Emirates,2019,13.48869038,72885.13869,0.915,,82.596,12.68999958
ARE,United Arab Emirates,2020,13.52027988,68048.76036,0.909,,81.936,12.73000002
ARE,United Arab Emirates,2021,14.21404998,68790.32993,0.903,,79.083,12.77000046
ARE,United Arab Emirates,2022,14.90782007,70818.02952,0.921,,80.487,12.98999977
ARE,United Arab Emirates,2023,15.60159016,71142.30475,0.94,15.0,82.909,12.98999977
ARG,Argentina,1990,13.39248967,16405.53757,0.733,,71.615,8.122559492
ARG,Argentina,1991,13.35243988,17856.90978,0.739,,72.02,8.18999958
ARG,Argentina,1992,13.31250985,19221.27328,0.743,,72.096,8.257999611
ARG,Argentina,1993,13.27257983,20647.8112,0.748,,72.303,8.325999641
ARG,Argentina,1994,13.2326498,21524.64943,0.753,,72.732,8.393999672
ARG,Argentina,1995,13.45425487,20563.51382,0.754,,72.864,8.461999702
ARG,Argentina,1996,13.67585993,21380.67713,0.76,,73.056,8.529999733
ARG,Argentina,1997,13.89746499,22816.73077,0.768,,73.407,8.597999763
ARG,Argentina,1998,14.11907005,23342.46514,0.772,,73.412,8.665999794
ARG,Argentina,1999,15.17325974,22262.91825,0.783,,73.683,8.733999825
ARG,Argentina,2000,15.68756962,21829.00539,0.789,,73.91,8.801999855
ARG,Argentina,2001,16.30578041,20594.24855,0.795,,74.154,8.869999886
ARG,Argentina,2002,16.39250946,17684.02858,0.795,,74.312,9.394999981
ARG,Argentina,2003,16.26638985,19287.86302,0.804,,74.307,9.920000076
ARG,Argentina,2004,16.29898071,19297.19149,0.808,,74.871,10.00999991
ARG,Argentina,2005,16.01845932,20754.8302,0.812,,75.231,10.09999975
ARG,Argentina,2006,16.17373085,24187.48166,0.822,,75.279,10.18999958
ARG,Argentina,2007,16.18906021,26278.01206,0.825,,74.783,10.29999971
ARG,Argentina,2008,16.38180923,27101.62224,0.833,,75.428,10.40999985
ARG,Argentina,2009,16.7100296,25086.76404,0.835,,75.577,10.53999996
ARG,Argentina,2010,17.02877998,27445.60411,0.844,,75.68,10.60000038
ARG,Argentina,2011,17.26371956,28905.57472,0.852,,76.1,10.69999981
ARG,Argentina,2012,17.23535919,28438.57992,0.85,,75.802,10.78999996
ARG,Argentina,2013,17.2339592,28870.64399,0.852,,75.829,10.89000034
ARG,Argentina,2014,17.42231941,27871.62728,0.855,,76.268,10.90999985
ARG,Argentina,2015,17.58465958,28379.73414,0.859,,76.6,10.92000008
ARG,Argentina,2016,17.85773087,27396.49286,0.857,,76.105,10.93000031
ARG,Argentina,2017,17.84296989,27761.53299,0.861,,76.543,11.01500034
ARG,Argentina,2018,17.85782051,26467.48901,0.861,,76.77,11.10000038
ARG,Argentina,2019,18.08637047,25601.25381,0.861,,76.847,11.12000036
ARG,Argentina,2020,18.36116028,23151.58354,0.851,,75.878,11.14000034
ARG,Argentina,2021,18.97950935,25560.64022,0.847,,73.948,11.18458184
ARG,Argentina,2022,18.83120918,26607.29661,0.858,,75.806,11.18458184
ARG,Argentina,2023,18.83120918,25876.05307,0.865,47.0,77.395,11.18458184
ARM,Armenia,1990,11.20504035,6140.825277,0.663,,67.733,9.783419476
ARM,Armenia,1991,10.74901009,5318.226496,0.652,,67.801,9.853301043
ARM,Armenia,1992,10.31153965,3126.947924,0.618,,67.882,9.923182611
ARM,Armenia,1993,10.7276001,2951.008983,0.621,,68.143,9.993064179
ARM,Armenia,1994,10.47511005,3178.757847,0.625,,68.448,10.06294575
ARM,Armenia,1995,10.17511988,3558.513112,0.631,,68.813,10.13282731
ARM,Armenia,1996,9.8751297,3799.744554,0.635,,69.198,10.20465004
ARM,Armenia,1997,10.15093994,4086.686761,0.644,,69.592,10.27647276
ARM,Armenia,1998,10.73042965,4300.863801,0.655,,70.005,10.34829548
ARM,Armenia,1999,10.87100983,4485.500658,0.661,,70.418,10.4201182
ARM,Armenia,2000,10.72482014,4802.740289,0.667,,70.812,10.49194093
ARM,Armenia,2001,10.50561047,5316.952179,0.672,,71.174,10.48999977
ARM,Armenia,2002,10.54656029,6103.547378,0.682,,71.486,10.55999975
ARM,Armenia,2003,10.58751011,7003.071379,0.692,,71.734,10.62999973
ARM,Armenia,2004,10.62845993,7843.121026,0.7,,71.926,10.69999971
ARM,Armenia,2005,10.88076973,8993.020945,0.711,,72.082,10.76999969
ARM,Armenia,2006,11.33533955,10300.31111,0.725,,72.219,10.83999968
ARM,Armenia,2007,11.92838955,11884.73458,0.739,,72.359,10.90999966
ARM,Armenia,2008,11.69701958,12864.93436,0.743,,72.519,10.97999964
ARM,Armenia,2009,12.23157978,10899.38142,0.741,,72.714,11.04999962
ARM,Armenia,2010,12.42601967,11291.92506,0.747,,72.938,11.1199996
ARM,Armenia,2011,12.55574036,11737.18942,0.752,,73.185,11.18999958
ARM,Armenia,2012,12.85280037,12717.02121,0.761,,73.44,11.28499961
ARM,Armenia,2013,12.80136013,13450.62721,0.766,,73.713,11.37999964
ARM,Armenia,2014,13.07810974,13772.72259,0.772,,73.98,11.47499967
ARM,Armenia,2015,13.13249016,14197.79787,0.777,,74.229,11.56999969
ARM,Armenia,2016,13.57668018,14064.68037,0.783,,74.494,11.68974018
ARM,Armenia,2017,13.76865959,15364.44205,0.785,,74.744,11.18999958
ARM,Armenia,2018,13.82147026,15968.67207,0.789,,74.978,11.23666636
ARM,Armenia,2019,13.99892044,17229.67247,0.796,,75.193,11.28333314
ARM,Armenia,2020,14.07796955,15639.59163,0.761,,68.89,11.32999992
ARM,Armenia,2021,14.43037987,16404.28645,0.786,,72.552,11.34497821
ARM,Armenia,2022,14.40561008,18272.82996,0.801,,74.633,11.34497821
ARM,Armenia,2023,14.3838501,20220.72319,0.811,69.0,75.683,11.34497821
ATG,Antigua and Barbuda,1990,15.63976002,16710.58505,0.827,,73.602,9.202073771
ATG,Antigua and Barbuda,1991,15.63976002,17587.23808,0.827,,73.472,9.202073771
ATG,Antigua and Barbuda,1992,15.63976002,17649.43448,0.827,,73.386,9.202073771
ATG,Antigua and Barbuda,1993,15.63976002,18567.35448,0.827,,73.39,9.202073771
ATG,Antigua and Barbuda,1994,15.63976002,19390.23484,0.827,,73.493,9.202073771
ATG,Antigua and Barbuda,1995,15.63976002,18150.87023,0.827,,73.576,9.202073771
ATG,Antigua and Barbuda,1996,15.63976002,19056.6359,0.827,,73.839,9.202073771
ATG,Antigua and Barbuda,1997,15.63976002,19872.80759,0.827,,74.045,9.202073771
ATG,Antigua and Barbuda,1998,15.63976002,20499.52502,0.827,,74.187,9.202073771
ATG,Antigua and Barbuda,1999,15.63976002,20861.09054,0.827,,74.456,9.202073771
ATG,Antigua and Barbuda,2000,15.63976002,20262.81533,0.827,,74.819,9.202073771
ATG,Antigua and Barbuda,2001,15.63976002,19779.9718,0.827,,75.108,9.328779548
ATG,Antigua and Barbuda,2002,15.63976002,19690.51893,0.827,,75.237,9.457229971
ATG,Antigua and Barbuda,2003,15.63976002,20749.70665,0.827,,75.313,9.587449062
ATG,Antigua and Barbuda,2004,15.63976002,21528.79608,0.827,,75.329,9.719461174
ATG,Antigua and Barbuda,2005,15.63976002,23165.405,0.827,,75.364,9.853290995
ATG,Antigua and Barbuda,2006,15.63976002,25829.34556,0.827,,75.506,9.988963554
ATG,Antigua and Barbuda,2007,15.63976002,28526.95904,0.827,,75.72,10.12650422
ATG,Antigua and Barbuda,2008,15.56513977,28872.52164,0.83,,76.075,10.26593873
ATG,Antigua and Barbuda,2009,15.49051952,25725.07046,0.827,,76.386,10.40729314
ATG,Antigua and Barbuda,2010,15.58386993,24307.54623,0.828,,76.701,10.5505939
ATG,Antigua and Barbuda,2011,15.30879974,23940.16544,0.828,,77.023,10.69586781
ATG,Antigua and Barbuda,2012,15.58716011,24291.47654,0.833,,77.1,10.84314203
ATG,Antigua and Barbuda,2013,15.57778636,24331.21069,0.835,,77.05,10.99244411
ATG,Antigua and Barbuda,2014,15.56841824,24609.5471,0.837,,76.912,11.14380197
ATG,Antigua and Barbuda,2015,15.55905576,24920.90857,0.839,,76.892,11.29515983
ATG,Antigua and Barbuda,2016,15.54969891,25730.26886,0.842,,76.968,11.44651769
ATG,Antigua and Barbuda,2017,15.54034768,26149.27065,0.845,,77.03,11.59787555
ATG,Antigua and Barbuda,2018,15.53100208,27784.13876,0.85,,77.132,11.7492334
ATG,Antigua and Barbuda,2019,15.5216621,28447.8949,0.851,,77.168,11.71532228
ATG,Antigua and Barbuda,2020,15.51232774,22900.017,0.84,,77.161,11.68141116
ATG,Antigua and Barbuda,2021,15.50299899,24617.25631,0.843,,77.197,11.64750004
ATG,Antigua and Barbuda,2022,15.50299899,26433.71028,0.848,,77.483,11.64750004
ATG,Antigua and Barbuda,2023,15.50299899,27386.51793,0.851,53.0,77.598,11.64750004
AUS,Australia,1990,17.4329358,30554.24816,0.867,,77.041,11.22535724
AUS,Australia,1991,17.43243413,29765.46428,0.868,,77.481,11.24740705
AUS,Australia,1992,17.43193246,29602.99681,0.868,,77.473,11.26945686
AUS,Australia,1993,17.43143082,30461.59836,0.872,,78.006,11.29150667
AUS,Australia,1994,17.43092918,31222.55997,0.873,,77.852,11.31355648
AUS,Australia,1995,18.97002983,32067.46099,0.882,,78.257,11.33560629
AUS,Australia,1996,19.51165962,33071.99266,0.884,,78.344,11.32558365
AUS,Australia,1997,20.28628922,34262.21066,0.887,,78.626,11.31556101
AUS,Australia,1998,20.45081096,35542.70719,0.891,,79.02,11.30553836
AUS,Australia,1999,20.61533271,36591.17071,0.893,,79.277,11.29551572
AUS,Australia,2000,20.77985446,37976.60707,0.897,,79.621,11.28549308
AUS,Australia,2001,20.9443762,38416.24244,0.9,,80.006,11.34161987
AUS,Australia,2002,21.10889795,39652.27924,0.902,,80.052,11.39774666
AUS,Australia,2003,21.2734197,40488.25478,0.906,,80.44,11.45387344
AUS,Australia,2004,21.43794145,42308.52194,0.91,,80.733,11.51000023
AUS,Australia,2005,21.60246319,43428.91665,0.914,,81.092,11.55000019
AUS,Australia,2006,21.76698494,44800.9877,0.917,,81.258,11.64000034
AUS,Australia,2007,21.93150669,46023.91301,0.919,,81.232,11.71000004
AUS,Australia,2008,22.09602843,47441.48535,0.924,,81.427,11.93999958
AUS,Australia,2009,22.26055018,48331.83679,0.927,,81.728,11.98999977
AUS,Australia,2010,22.42507193,48044.94603,0.929,,82.013,12.02999973
AUS,Australia,2011,22.58959368,50384.49487,0.933,,82.091,12.11999989
AUS,Australia,2012,22.75411542,52028.95123,0.938,,82.297,12.30000019
AUS,Australia,2013,22.91863717,51662.83279,0.935,,82.551,12.02000046
AUS,Australia,2014,23.08315892,51752.21356,0.937,,82.518,12.17000008
AUS,Australia,2015,23.24768066,51244.17781,0.938,,82.605,12.25
AUS,Australia,2016,22.85634995,50602.687,0.939,,82.801,12.35000038
AUS,Australia,2017,21.95104027,52180.36416,0.94,,82.718,12.31999969
AUS,Australia,2018,20.42849922,52892.5044,0.945,,83.258,12.46000004
AUS,Australia,2019,21.37561989,53812.51606,0.947,,83.241,12.56000042
AUS,Australia,2020,20.93943977,53837.41334,0.95,,83.664,12.64000034
AUS,Australia,2021,21.0800209,56782.45814,0.954,,83.564,12.77999973
AUS,Australia,2022,20.65477943,58256.355,0.952,,82.766,12.86999989
AUS,Australia,2023,20.65477943,58276.87643,0.958,7.0,83.923,12.86999989
AUT,Austria,1990,13.84039021,46156.05154,0.832,,75.739,10.20007837
AUT,Austria,1991,13.9349699,47018.33785,0.835,,75.792,10.28999996
AUT,Austria,1992,14.23005962,47632.10842,0.841,,75.992,10.38071428
AUT,Austria,1993,14.41880989,47504.83816,0.845,,76.225,10.4714286
AUT,Austria,1994,14.62075996,48398.93495,0.851,,76.541,10.56214292
AUT,Austria,1995,14.82771015,49347.00661,0.856,,76.775,10.65285724
AUT,Austria,1996,14.96805954,50378.13577,0.861,,77.026,10.74357155
AUT,Austria,1997,15.00072956,51144.87281,0.865,,77.428,10.83428587
AUT,Austria,1998,15.08288002,52821.06911,0.87,,77.782,10.92500019
AUT,Austria,1999,15.15789445,53884.08736,0.874,,77.955,11.01571451
AUT,Austria,2000,15.23290888,55758.36,0.879,,78.235,11.10642883
AUT,Austria,2001,15.30792332,55923.85349,0.883,,78.718,11.19714315
AUT,Austria,2002,15.38293775,57135.39927,0.887,,78.846,11.28785746
AUT,Austria,2003,15.45795218,57498.55772,0.889,,78.849,11.37857178
AUT,Austria,2004,15.53296661,58750.73079,0.895,,79.362,11.4692861
AUT,Austria,2005,15.60798105,59419.48988,0.898,,79.52,11.56000042
AUT,Austria,2006,15.68299548,61359.25292,0.902,,79.965,11.54500008
AUT,Austria,2007,15.75800991,63102.74827,0.905,,80.166,11.52999973
AUT,Austria,2008,15.86114979,64043.75835,0.907,,80.363,11.47000027
AUT,Austria,2009,15.86686993,61363.41902,0.907,,80.206,11.67000008
AUT,Austria,2010,16.12933922,62287.37144,0.912,,80.463,11.71000004
AUT,Austria,2011,16.17313004,62981.65807,0.915,,80.828,11.71000004
AUT,Austria,2012,16.30450058,62700.86206,0.916,,80.841,11.75
AUT,Austria,2013,16.03704071,62391.00553,0.915,,81.078,11.78999996
AUT,Austria,2014,16.02224922,62502.99636,0.919,,81.39,12.01000023
AUT,Austria,2015,16.03313065,62182.82572,0.919,,81.159,12.07999992
AUT,Austria,2016,15.89675999,63620.12025,0.921,,81.592,12.10999966
AUT,Austria,2017,15.94421005,63623.02784,0.922,,81.639,12.15999985
AUT,Austria,2018,16.02190971,64705.12572,0.925,,81.686,12.21000004
AUT,Austria,2019,16.07625008,65534.68727,0.928,,81.907,12.26000023
AUT,Austria,2020,16.12446976,62011.50517,0.925,,81.804,12.31062811
AUT,Austria,2021,16.36746025,64408.3855,0.93,,81.82,12.36146506
AUT,Austria,2022,16.28428078,64374.35362,0.927,,81.296,12.36146506
AUT,Austria,2023,16.28428078,63479.20843,0.93,22.0,81.956,12.36146506
AZE,Azerbaijan,1990,11.28000926,10332.30083,0.618,,62.75,10.10275724
AZE,Azerbaijan,1991,11.30254776,10143.22436,0.618,,62.544,10.10275724
AZE,Azerbaijan,1992,11.32513129,7753.886331,0.618,,60.773,10.10275724
AZE,Azerbaijan,1993,11.34775995,5886.931522,0.618,,61.426,10.10275724
AZE,Azerbaijan,1994,11.37043382,4665.438681,0.618,,60.277,10.10275724
AZE,Azerbaijan,1995,11.39315299,4046.493761,0.618,,61.931,10.10275724
AZE,Azerbaijan,1996,11.41591756,4033.453907,0.622,,62.66,10.14184061
AZE,Azerbaijan,1997,11.43872761,4213.707143,0.626,,62.953,10.18107517
AZE,Azerbaijan,1998,11.46158324,4609.274053,0.636,,63.75,10.22046152
AZE,Azerbaijan,1999,11.48448454,5087.264823,0.646,,64.733,10.26000023
AZE,Azerbaijan,2000,11.5074316,5284.408056,0.652,,65.377,10.30000019
AZE,Azerbaijan,2001,11.53042451,5709.982446,0.66,,66.043,10.34000015
AZE,Azerbaijan,2002,11.55346336,6220.204746,0.669,,66.769,10.38000011
AZE,Azerbaijan,2003,11.57654824,6828.200604,0.676,,67.036,10.42000008
AZE,Azerbaijan,2004,11.59967925,7252.887645,0.682,,67.488,10.46000004
AZE,Azerbaijan,2005,11.62285648,8526.158241,0.692,,67.71,10.5
AZE,Azerbaijan,2006,11.64608002,11241.53665,0.711,,68.489,10.53999996
AZE,Azerbaijan,2007,11.59284973,13454.76877,0.72,,68.659,10.57999992
AZE,Azerbaijan,2008,11.6370697,15459.31358,0.731,,69.355,10.59000015
AZE,Azerbaijan,2009,11.73507977,17241.67316,0.74,,69.874,10.59000015
AZE,Azerbaijan,2010,11.65657997,18174.01509,0.744,,70.309,10.60999966
AZE,Azerbaijan,2011,11.76165009,17809.12572,0.746,,70.565,10.60999966
AZE,Azerbaijan,2012,11.94021988,18189.31493,0.751,,71.08,10.60999966
AZE,Azerbaijan,2013,12.20462036,19124.79856,0.757,,71.485,10.56999969
AZE,Azerbaijan,2014,12.65771961,19822.18638,0.766,,71.93,10.56999969
AZE,Azerbaijan,2015,13.01393986,19730.86513,0.771,,72.349,10.56999969
AZE,Azerbaijan,2016,13.1896801,18339.65539,0.772,,72.568,10.64999962
AZE,Azerbaijan,2017,13.33090973,18601.12278,0.774,,72.694,10.64000034
AZE,Azerbaijan,2018,13.32077026,18557.25363,0.775,,73.016,10.64000034
AZE,Azerbaijan,2019,13.48278046,19072.48337,0.78,,73.29,10.64000034
AZE,Azerbaijan,2020,12.63230991,18743.01221,0.757,,70.312,10.74750018
AZE,Azerbaijan,2021,12.67786026,19693.90635,0.765,,70.999,10.85500002
AZE,Azerbaijan,2022,12.70971012,20490.9817,0.784,,74.125,10.96249986
AZE,Azerbaijan,2023,12.90977955,20667.95729,0.789,81.0,74.429,11.06999969
BDI,Burundi,1990,4.218900204,1356.331471,0.294,,45.184,1.460000038
BDI,Burundi,1991,4.333489895,1413.874282,0.296,,44.66,1.513888929
BDI,Burundi,1992,4.203050137,1397.278736,0.294,,44.469,1.567777819
BDI,Burundi,1993,4.479829788,1343.486309,0.265,,37.221,1.62166671
BDI,Burundi,1994,4.496963561,1291.20371,0.298,,44.515,1.6755556
BDI,Burundi,1995,4.514097333,1130.670234,0.294,,44.589,1.729444491
BDI,Burundi,1996,4.531231105,1028.868301,0.292,,44.807,1.783333381
BDI,Burundi,1997,4.548364878,1036.165616,0.297,,45.721,1.837222271
BDI,Burundi,1998,4.56549865,1069.340783,0.303,,46.678,1.891111162
BDI,Burundi,1999,4.582632422,1028.870057,0.306,,47.627,1.945000052
BDI,Burundi,2000,4.599766195,1028.485138,0.308,,47.617,1.998888943
BDI,Burundi,2001,4.616899967,995.2942406,0.311,,48.509,2.052777833
BDI,Burundi,2002,5.057419777,1008.44583,0.324,,49.924,2.106666724
BDI,Burundi,2003,5.523624897,959.6942167,0.332,,50.997,2.160555614
BDI,Burundi,2004,5.989830017,962.546083,0.344,,52.217,2.214444505
BDI,Burundi,2005,6.369110107,947.7204216,0.352,,53.053,2.268333395
BDI,Burundi,2006,7.855309963,972.6498886,0.376,,53.962,2.322222286
BDI,Burundi,2007,8.63090992,972.4973987,0.389,,54.832,2.376111176
BDI,Burundi,2008,9.340579987,980.3343384,0.401,,55.581,2.430000067
BDI,Burundi,2009,10.05025005,960.6234435,0.409,,56.422,2.363333384
BDI,Burundi,2010,10.5172596,967.6963505,0.416,,57.088,2.296666702
BDI,Burundi,2011,10.69895983,969.3855402,0.42,,57.804,2.230000019
BDI,Burundi,2012,10.88066006,982.3215799,0.425,,58.501,2.163333337
BDI,Burundi,2013,10.99707985,998.2713488,0.428,,59.179,2.096666654
BDI,Burundi,2014,11.12872982,1002.806707,0.431,,59.764,2.029999971
BDI,Burundi,2015,11.1534996,945.6056123,0.432,,60.107,2.286666632
BDI,Burundi,2016,11.11637974,924.1181692,0.436,,60.789,2.543333292
BDI,Burundi,2017,10.48184967,908.7917161,0.434,,61.345,2.799999952
BDI,Burundi,2018,10.24604034,897.8857177,0.434,,61.806,2.955112081
BDI,Burundi,2019,10.10524225,885.6224475,0.435,,62.18,3.118816986
BDI,Burundi,2020,9.966378953,866.1928704,0.435,,62.569,3.291590683
BDI,Burundi,2021,9.829423879,866.807932,0.435,,62.101,3.473935556
BDI,Burundi,2022,9.829423879,861.031258,0.437,,62.882,3.473935556
BDI,Burundi,2023,9.829423879,858.9155681,0.439,187.0,63.651,3.473935556
BEL,Belgium,1990,14.09537029,44655.65625,0.824,,76.059,9.404695261
BEL,Belgium,1991,14.17916965,45473.34938,0.829,,76.199,9.545248949
BEL,Belgium,1992,15.44893503,45941.95727,0.845,,76.358,9.685802636
BEL,Belgium,1993,16.71870041,45770.34223,0.86,,76.363,9.826356324
BEL,Belgium,1994,17.01412964,47466.93741,0.868,,76.716,9.966910011
BEL,Belgium,1995,17.4025898,48376.87305,0.875,,76.84,10.1074637
BEL,Belgium,1996,17.6801796,48727.81512,0.881,,77.185,10.19427627
BEL,Belgium,1997,17.6545728,50415.82318,0.884,,77.403,10.28108884
BEL,Belgium,1998,17.62896601,51411.07646,0.886,,77.476,10.36790141
BEL,Belgium,1999,17.60335922,52732.01423,0.889,,77.648,10.45471399
BEL,Belgium,2000,17.77131081,54094.05526,0.894,,77.768,10.54152656
BEL,Belgium,2001,18.30985069,54136.9414,0.899,,78.082,10.63867396
BEL,Belgium,2002,18.48284912,54894.14319,0.901,,78.168,10.73582136
BEL,Belgium,2003,18.70292091,55124.49887,0.903,,78.32,10.83296876
BEL,Belgium,2004,18.48070908,56241.23561,0.909,,78.96,10.93011616
BEL,Belgium,2005,18.83530998,56903.01289,0.911,,79.053,11.02726356
BEL,Belgium,2006,19.05407906,57776.73008,0.913,,79.389,11.05000019
BEL,Belgium,2007,19.09911919,59512.54896,0.916,,79.528,11.11500025
BEL,Belgium,2008,19.13726044,58684.44373,0.917,,79.579,11.18000031
BEL,Belgium,2009,19.16604042,57870.95032,0.919,,79.849,11.31999969
BEL,Belgium,2010,19.21767998,58078.92075,0.921,,80.04,11.42000008
BEL,Belgium,2011,19.04887962,56863.23792,0.923,,80.366,11.47000027
BEL,Belgium,2012,19.16010094,58163.21224,0.923,,80.26,11.5
BEL,Belgium,2013,19.35095978,58402.41155,0.925,,80.467,11.53999996
BEL,Belgium,2014,19.70776939,58998.64981,0.93,,81.08,11.64000034
BEL,Belgium,2015,19.79195976,59892.56973,0.933,,80.889,11.89000034
BEL,Belgium,2016,19.65690994,60468.59988,0.936,,81.265,11.98999977
BEL,Belgium,2017,19.76102066,60942.13582,0.94,,81.362,12.23999977
BEL,Belgium,2018,19.56148911,61339.08458,0.942,,81.481,12.30999994
BEL,Belgium,2019,19.56838989,62802.8712,0.945,,81.835,12.38000011
BEL,Belgium,2020,19.27527046,59543.68308,0.939,,80.798,12.53386908
BEL,Belgium,2021,18.94573975,62768.17394,0.948,,81.659,12.68965045
BEL,Belgium,2022,18.99603081,62228.06822,0.945,,81.159,12.68965045
BEL,Belgium,2023,18.99603081,63582.47535,0.951,10.0,82.115,12.68965045
BEN,Benin,1990,4.814975057,2226.929974,0.351,,53.02,1.452573865
BEN,Benin,1991,4.95554642,2260.339349,0.358,,53.441,1.529262549
BEN,Benin,1992,5.10022171,2211.5574,0.363,,54.137,1.610000014
BEN,Benin,1993,5.24912074,2280.659702,0.371,,54.612,1.695000017
BEN,Benin,1994,5.402366821,2232.914425,0.375,,54.988,1.780000019
BEN,Benin,1995,5.560086862,2322.799094,0.383,,55.366,1.865000021
BEN,Benin,1996,5.72241148,2362.786395,0.389,,55.648,1.950000024
BEN,Benin,1997,5.899514256,2441.994156,0.396,,55.986,2.035000026
BEN,Benin,1998,6.076617031,2481.528997,0.401,,56.154,2.120000029
BEN,Benin,1999,6.253719807,2540.646105,0.407,,56.336,2.205000031
BEN,Benin,2000,6.516719818,2608.492032,0.415,,56.594,2.290000033
BEN,Benin,2001,7.11894989,2664.875134,0.426,,56.654,2.375000036
BEN,Benin,2002,7.580840111,2698.758313,0.435,,56.851,2.460000038
BEN,Benin,2003,7.986030102,2707.628873,0.442,,57.092,2.472683366
BEN,Benin,2004,8.376919746,2746.120811,0.449,,57.346,2.485366694
BEN,Benin,2005,8.762456894,2714.79795,0.456,,57.738,2.498050022
BEN,Benin,2006,9.147994041,2732.586446,0.462,,57.966,2.51073335
BEN,Benin,2007,9.533531189,2809.678731,0.469,,58.249,2.523416678
BEN,Benin,2008,9.919068336,2874.903394,0.475,,58.099,2.536100006
BEN,Benin,2009,10.30460548,2849.984213,0.48,,58.258,2.548783334
BEN,Benin,2010,10.69014263,2819.911685,0.485,,58.387,2.561466662
BEN,Benin,2011,11.07567978,2831.206641,0.49,,58.462,2.57414999
BEN,Benin,2012,11.59101009,2869.225288,0.497,,58.559,2.586833318
BEN,Benin,2013,12.10634041,2988.908003,0.506,,58.863,2.599516646
BEN,Benin,2014,12.12549973,3090.145533,0.509,,59.008,2.612199974
BEN,Benin,2015,12.34691048,3042.714164,0.511,,59.123,2.624883302
BEN,Benin,2016,12.16425037,3050.897721,0.51,,59.283,2.63756663
BEN,Benin,2017,11.69883275,3123.176038,0.507,,59.528,2.650249958
BEN,Benin,2018,11.23341513,3239.335488,0.507,,59.71,2.841894984
BEN,Benin,2019,10.7679975,3363.48276,0.507,,59.888,3.03354001
BEN,Benin,2020,10.30257988,3394.211342,0.504,,60.154,3.113870025
BEN,Benin,2021,10.37160969,3557.079405,0.506,,59.61,3.194200039
BEN,Benin,2022,10.4464798,3666.362316,0.512,,60.475,3.194200039
BEN,Benin,2023,10.4464798,3805.527516,0.515,173.0,60.774,3.194200039
BFA,Burkina Faso,1990,2.411689997,1108.332781,0.333,,49.315,1.343624228
BFA,Burkina Faso,1991,2.523999929,1178.041409,0.333,,49.33,1.343624228
BFA,Burkina Faso,1992,2.58694005,1151.296621,0.333,,49.378,1.343624228
BFA,Burkina Faso,1993,2.674679995,1159.19061,0.333,,49.412,1.343624228
BFA,Burkina Faso,1994,2.788160086,1143.846692,0.333,,49.469,1.343624228
BFA,Burkina Faso,1995,2.887354088,1182.326877,0.333,,49.554,1.343624228
BFA,Burkina Faso,1996,2.98654809,1288.00984,0.333,,49.693,1.343624228
BFA,Burkina Faso,1997,3.085742092,1330.116274,0.333,,49.56,1.343624228
BFA,Burkina Faso,1998,3.184936094,1388.455941,0.333,,50.163,1.343624228
BFA,Burkina Faso,1999,3.284130096,1451.12064,0.333,,50.463,1.343624228
BFA,Burkina Faso,2000,3.367840052,1431.825185,0.333,,50.808,1.343624228
BFA,Burkina Faso,2001,3.451550007,1477.304437,0.333,,51.188,1.343624228
BFA,Burkina Faso,2002,3.60710001,1486.887347,0.333,,51.447,1.343624228
BFA,Burkina Faso,2003,3.762650013,1550.89807,0.333,,51.959,1.343624228
BFA,Burkina Faso,2004,4.13158989,1574.987691,0.333,,52.6,1.343624228
BFA,Burkina Faso,2005,4.500529766,1655.215222,0.333,,53.271,1.343624228
BFA,Burkina Faso,2006,4.778759956,1716.876,0.34,,53.784,1.320000052
BFA,Burkina Faso,2007,5.230929852,1733.90831,0.344,,54.377,0.980000019
BFA,Burkina Faso,2008,5.70442009,1779.709269,0.357,,55.199,1.024285725
BFA,Burkina Faso,2009,6.131499767,1765.062008,0.366,,55.791,1.068571431
BFA,Burkina Faso,2010,6.557330132,1825.926259,0.377,,56.343,1.112857137
BFA,Burkina Faso,2011,7.003349781,1867.66398,0.389,,57.001,1.157142844
BFA,Burkina Faso,2012,7.300139904,1958.37158,0.398,,57.457,1.20142855
BFA,Burkina Faso,2013,7.544000149,2008.282537,0.405,,57.903,1.245714256
BFA,Burkina Faso,2014,7.676040173,1999.685308,0.409,,58.331,1.289999962
BFA,Burkina Faso,2015,8.038040161,2012.062169,0.419,,58.778,1.447499961
BFA,Burkina Faso,2016,8.267219543,2070.603234,0.427,,59.173,1.604999959
BFA,Burkina Faso,2017,8.615460396,2152.666106,0.438,,59.578,1.762499958
BFA,Burkina Faso,2018,8.947930336,2246.016256,0.449,,59.972,1.919999957
BFA,Burkina Faso,2019,8.913680077,2280.730481,0.453,,60.184,2.099999905
BFA,Burkina Faso,2020,8.777890205,2286.295787,0.453,,60.454,2.183274984
BFA,Burkina Faso,2021,8.733340263,2351.680408,0.454,,60.046,2.266550064
BFA,Burkina Faso,2022,8.733340263,2373.406513,0.457,,60.7,2.266550064
BFA,Burkina Faso,2023,8.733340263,2390.527778,0.459,186.0,61.092,2.266550064
BGD,Bangladesh,1990,5.540100098,1732.812823,0.397,,55.822,3.297097697
BGD,Bangladesh,1991,5.742722766,1760.525147,0.395,,53.781,3.401583187
BGD,Bangladesh,1992,5.945345434,1810.401348,0.411,,56.592,3.506068678
BGD,Bangladesh,1993,6.147968102,1863.614907,0.419,,57.073,3.610554168
BGD,Bangladesh,1994,6.350590769,1911.614134,0.426,,57.64,3.715039658
BGD,Bangladesh,1995,6.553213437,1967.356996,0.434,,58.244,3.819525149
BGD,Bangladesh,1996,6.755836105,2019.613544,0.442,,58.94,3.91240114
BGD,Bangladesh,1997,6.958458773,2094.544294,0.451,,59.671,4.005277132
BGD,Bangladesh,1998,7.161081441,2163.034218,0.459,,60.429,4.098153123
BGD,Bangladesh,1999,7.363704109,2229.81905,0.468,,61.244,4.191029115
BGD,Bangladesh,2000,7.566326777,2324.918795,0.477,,62.049,4.283905106
BGD,Bangladesh,2001,7.768949445,2402.707335,0.486,,62.836,4.400000095
BGD,Bangladesh,2002,7.971572113,2496.721039,0.494,,63.591,4.480000067
BGD,Bangladesh,2003,8.174194781,2612.91354,0.503,,64.288,4.560000038
BGD,Bangladesh,2004,8.376817449,2732.833475,0.511,,64.912,4.64000001
BGD,Bangladesh,2005,8.579440117,2854.814123,0.52,,65.509,4.719999981
BGD,Bangladesh,2006,8.65802002,3024.238334,0.527,,66.048,4.799999952
BGD,Bangladesh,2007,8.669939995,3282.015772,0.534,,66.458,4.879999924
BGD,Bangladesh,2008,8.411370277,3546.190048,0.538,,67.047,4.959999895
BGD,Bangladesh,2009,8.948829651,3762.028557,0.551,,67.527,5.039999866
BGD,Bangladesh,2010,9.298855373,4011.007432,0.561,,68.009,5.119999838
BGD,Bangladesh,2011,9.648881095,4297.115389,0.572,,68.499,5.199999809
BGD,Bangladesh,2012,9.998906817,4634.890643,0.583,,68.989,5.300000191
BGD,Bangladesh,2013,10.34893254,4932.186405,0.589,,69.487,5.059999943
BGD,Bangladesh,2014,10.69895826,5205.479375,0.6,,70.016,5.190000057
BGD,Bangladesh,2015,11.04898398,5582.619597,0.621,,70.543,5.989999771
BGD,Bangladesh,2016,11.3990097,5987.015851,0.632,,71.075,6.110000134
BGD,Bangladesh,2017,10.9198904,6228.122571,0.633,,71.606,6.269999981
BGD,Bangladesh,2018,11.39918995,6641.699214,0.646,,72.122,6.389999866
BGD,Bangladesh,2019,11.67276001,7092.492311,0.656,,72.625,6.550000191
BGD,Bangladesh,2020,11.94633007,7256.570492,0.663,,71.421,7.099999905
BGD,Bangladesh,2021,12.12824917,7754.226262,0.663,,71.103,6.789999962
BGD,Bangladesh,2022,12.31016827,8114.366836,0.68,,74.265,6.789999962
BGD,Bangladesh,2023,12.31016827,8497.658639,0.685,130.0,74.672,6.789999962
BGR,Bulgaria,1990,12.29901028,17729.38471,0.706,,71.321,6.810661453
BGR,Bulgaria,1991,12.35459995,16482.97006,0.706,,71.194,7.084812921
BGR,Bulgaria,1992,12.12901974,17003.05839,0.709,,71.178,7.369999886
BGR,Bulgaria,1993,12.01152039,16910.51979,0.711,,71.185,7.666666561
BGR,Bulgaria,1994,11.88076019,17270.46889,0.713,,70.861,7.963333236
BGR,Bulgaria,1995,12.17436981,13431.52782,0.709,,70.962,8.259999911
BGR,Bulgaria,1996,12.5159502,14092.01456,0.718,,70.836,8.556666586
BGR,Bulgaria,1997,12.61157036,12223.31128,0.713,,70.314,8.853333261
BGR,Bulgaria,1998,12.7276001,12907.4765,0.723,,70.873,9.149999936
BGR,Bulgaria,1999,12.89875984,11942.47177,0.728,,71.561,9.446666612
BGR,Bulgaria,2000,12.80523014,12426.40561,0.733,,71.575,9.743333287
BGR,Bulgaria,2001,12.79557037,13475.56606,0.742,,71.879,10.03999996
BGR,Bulgaria,2002,13.19983006,14831.67569,0.753,,72.128,10.11599998
BGR,Bulgaria,2003,13.66489029,15670.35515,0.762,,72.373,10.19200001
BGR,Bulgaria,2004,13.87141991,16750.15332,0.769,,72.575,10.26800003
BGR,Bulgaria,2005,14.02011013,17920.49918,0.775,,72.559,10.34400005
BGR,Bulgaria,2006,14.08423996,18789.5391,0.779,,72.69,10.42000008
BGR,Bulgaria,2007,14.25047016,19226.61212,0.785,,73.008,10.53999996
BGR,Bulgaria,2008,14.18344975,21086.16939,0.791,,73.338,10.59000015
BGR,Bulgaria,2009,14.2339201,20815.17315,0.793,,73.681,10.64000034
BGR,Bulgaria,2010,14.48367023,21515.06984,0.799,,73.814,10.72000027
BGR,Bulgaria,2011,14.58668041,21861.74152,0.803,,74.169,10.77999973
BGR,Bulgaria,2012,14.56939983,22570.93303,0.807,,74.337,10.89999962
BGR,Bulgaria,2013,15.06062984,22375.81702,0.815,,74.828,11.01000023
BGR,Bulgaria,2014,15.49750042,23025.01115,0.819,,74.466,11.05000019
BGR,Bulgaria,2015,15.60958004,23420.5225,0.824,,74.621,11.18999958
BGR,Bulgaria,2016,15.56826019,24287.98435,0.827,,74.827,11.22999954
BGR,Bulgaria,2017,15.59177971,25367.07058,0.829,,74.798,11.23999977
BGR,Bulgaria,2018,15.6224699,25946.48259,0.832,,74.933,11.29666646
BGR,Bulgaria,2019,15.59498978,27291.96606,0.835,,75.087,11.35333316
BGR,Bulgaria,2020,15.61781979,26169.45053,0.826,,73.599,11.40999985
BGR,Bulgaria,2021,15.40402031,28236.89571,0.817,,71.414,11.45453092
BGR,Bulgaria,2022,15.3166399,31461.85348,0.835,,74.034,11.45453092
BGR,Bulgaria,2023,15.3166399,32174.93003,0.845,55.0,75.636,11.45453092
BHR,Bahrain,1990,13.29489804,40299.0881,0.734,,72.587,5.110307669
BHR,Bahrain,1991,12.49958038,39806.74408,0.728,,72.668,5.389999866
BHR,Bahrain,1992,11.75183964,43987.61896,0.728,,72.785,5.684999895
BHR,Bahrain,1993,11.5489397,46203.11991,0.732,,72.939,5.979999924
BHR,Bahrain,1994,11.29162979,43781.91069,0.732,,73.134,6.274999952
BHR,Bahrain,1995,11.17031956,44792.67575,0.737,,73.361,6.569999981
BHR,Bahrain,1996,11.00928974,45318.95303,0.741,,73.61,6.86500001
BHR,Bahrain,1997,11.06060664,43918.50676,0.746,,73.872,7.160000038
BHR,Bahrain,1998,11.11192354,45379.34952,0.754,,74.138,7.455000067
BHR,Bahrain,1999,11.16324043,46362.89659,0.761,,74.405,7.750000095
BHR,Bahrain,2000,11.61752534,49059.35563,0.775,,74.673,8.045000124
BHR,Bahrain,2001,12.07181025,48544.71285,0.785,,74.942,8.340000153
BHR,Bahrain,2002,12.52609515,48389.9447,0.791,,75.209,8.305555662
BHR,Bahrain,2003,12.98038006,49759.48204,0.799,,75.486,8.27111117
BHR,Bahrain,2004,12.56597996,49759.53526,0.795,,75.787,8.236666679
BHR,Bahrain,2005,12.15157986,49706.70722,0.791,,76.125,8.202222188
BHR,Bahrain,2006,12.40688992,49310.7715,0.795,,76.51,8.167777697
BHR,Bahrain,2007,12.65253201,50110.94745,0.8,,76.952,8.133333206
BHR,Bahrain,2008,12.8981741,48703.54516,0.804,,77.457,8.098888715
BHR,Bahrain,2009,13.14381618,44079.47866,0.804,,78.016,8.064444224
BHR,Bahrain,2010,13.38945827,44894.18456,0.81,,78.593,8.029999733
BHR,Bahrain,2011,13.63510036,43338.63557,0.817,,79.141,8.244999727
BHR,Bahrain,2012,14.04588032,50102.23956,0.833,,79.622,8.45999972
BHR,Bahrain,2013,14.66265011,50982.11425,0.846,,79.998,8.674999714
BHR,Bahrain,2014,14.44705963,50597.95935,0.847,,80.214,8.889999708
BHR,Bahrain,2015,16.06879997,50009.92952,0.868,,80.338,9.104999701
BHR,Bahrain,2016,16.04701996,50059.95372,0.871,,80.407,9.319999695
BHR,Bahrain,2017,16.06158066,50180.90405,0.874,,80.407,9.590000153
BHR,Bahrain,2018,16.06510925,50316.24937,0.886,,80.412,10.5
BHR,Bahrain,2019,16.43700027,51004.95741,0.894,,80.471,10.75
BHR,Bahrain,2020,16.39122709,48744.53713,0.885,,78.683,11.0
BHR,Bahrain,2021,16.3454539,50854.60797,0.885,,78.083,11.07499981
BHR,Bahrain,2022,16.29968071,53494.0871,0.902,,80.992,11.14999962
BHR,Bahrain,2023,15.92718983,52818.79538,0.899,38.0,81.284,11.13000011
BHS,Bahamas,1990,11.29223459,32133.28464,0.762,,70.945,10.01000023
BHS,Bahamas,1991,11.30924636,30157.57471,0.762,,71.183,10.1130002
BHS,Bahamas,1992,11.32628377,29124.26058,0.762,,71.298,10.21600018
BHS,Bahamas,1993,11.34334683,28241.07419,0.763,,71.42,10.31900015
BHS,Bahamas,1994,11.36043561,28542.43582,0.765,,71.429,10.42200012
BHS,Bahamas,1995,11.37755013,33402.46201,0.774,,71.422,10.5250001
BHS,Bahamas,1996,11.39469043,36415.26641,0.779,,71.464,10.62800007
BHS,Bahamas,1997,11.41185655,30049.59045,0.773,,71.597,10.73100004
BHS,Bahamas,1998,11.42904853,30745.15364,0.777,,71.84,10.83400002
BHS,Bahamas,1999,11.44626642,32889.38944,0.783,,72.147,10.93699999
BHS,Bahamas,2000,11.46351024,33714.85053,0.787,,72.481,11.03999996
BHS,Bahamas,2001,11.48078004,33897.45044,0.79,,72.765,11.12199993
BHS,Bahamas,2002,11.49807586,34419.51013,0.793,,73.023,11.2039999
BHS,Bahamas,2003,11.51539773,33686.1028,0.794,,73.213,11.28599987
BHS,Bahamas,2004,11.5327457,33614.3349,0.795,,73.235,11.36799984
BHS,Bahamas,2005,11.5501198,34160.7,0.798,,73.413,11.44999981
BHS,Bahamas,2006,11.56752008,34460.45941,0.8,,73.456,11.53199978
BHS,Bahamas,2007,11.58494657,34433.12174,0.801,,73.463,11.61399975
BHS,Bahamas,2008,11.60239931,33709.67025,0.801,,73.445,11.69599972
BHS,Bahamas,2009,11.61987835,31589.78191,0.8,,73.455,11.77799969
BHS,Bahamas,2010,11.63738372,31385.50389,0.801,,73.449,11.85999966
BHS,Bahamas,2011,11.65491546,31201.21391,0.802,,73.571,11.94374484
BHS,Bahamas,2012,11.67247361,31735.02856,0.805,,73.707,12.02808137
BHS,Bahamas,2013,11.69005822,30466.17247,0.805,,73.93,12.11301341
BHS,Bahamas,2014,11.70764282,30394.84385,0.807,,74.029,12.19854516
BHS,Bahamas,2015,11.72522743,30301.78953,0.807,,73.805,12.28468087
BHS,Bahamas,2016,11.74281203,29583.75171,0.808,,74.042,12.37142479
BHS,Bahamas,2017,11.76039663,30262.86091,0.81,,74.031,12.45878123
BHS,Bahamas,2018,11.80405766,30155.63431,0.812,,74.062,12.5467545
BHS,Bahamas,2019,11.84771869,30118.02976,0.8,,71.408,12.63534896
BHS,Bahamas,2020,11.89137971,23454.16093,0.797,,72.994,12.724569
BHS,Bahamas,2021,11.89137971,27241.11084,0.794,,70.752,12.81441904
BHS,Bahamas,2022,11.89137971,29827.37358,0.818,,74.491,12.81441904
BHS,Bahamas,2023,11.89137971,30974.68074,0.82,66.0,74.552,12.81441904
BIH,Bosnia and Herzegovina,1990,11.2798642,2043.673699,0.674,,71.509,6.612996281
BIH,Bosnia and Herzegovina,1991,11.2798642,1848.604474,0.674,,71.813,6.612996281
BIH,Bosnia and Herzegovina,1992,11.2798642,1820.990964,0.674,,51.967,6.612996281
BIH,Bosnia and Herzegovina,1993,11.2798642,1931.87975,0.674,,50.894,6.612996281
BIH,Bosnia and Herzegovina,1994,11.2798642,2250.133062,0.674,,66.603,6.612996281
BIH,Bosnia and Herzegovina,1995,11.2798642,2621.600582,0.674,,70.188,6.612996281
BIH,Bosnia and Herzegovina,1996,11.2798642,4098.431391,0.674,,73.454,6.612996281
BIH,Bosnia and Herzegovina,1997,11.2798642,5504.088807,0.674,,73.895,6.612996281
BIH,Bosnia and Herzegovina,1998,11.2798642,8046.181691,0.674,,74.472,6.612996281
BIH,Bosnia and Herzegovina,1999,11.2798642,8424.71289,0.674,,74.946,6.612996281
BIH,Bosnia and Herzegovina,2000,11.2798642,8624.341539,0.674,,75.292,6.612996281
BIH,Bosnia and Herzegovina,2001,11.44111532,8712.03202,0.677,,75.573,6.626101903
BIH,Bosnia and Herzegovina,2002,11.6046716,9037.019787,0.683,,75.994,6.639207526
BIH,Bosnia and Herzegovina,2003,11.770566,9326.454783,0.689,,76.449,6.652313149
BIH,Bosnia and Herzegovina,2004,11.93883194,9904.011727,0.694,,76.489,6.665418771
BIH,Bosnia and Herzegovina,2005,12.10950332,10349.99112,0.698,,76.424,6.678524394
BIH,Bosnia and Herzegovina,2006,12.28261453,10908.00064,0.701,,76.028,6.691630016
BIH,Bosnia and Herzegovina,2007,12.45820045,11689.17047,0.709,,76.162,6.796222546
BIH,Bosnia and Herzegovina,2008,12.83283997,12612.51951,0.719,,76.3,6.900815075
BIH,Bosnia and Herzegovina,2009,12.91891003,12461.13216,0.722,,76.701,7.005407604
BIH,Bosnia and Herzegovina,2010,12.95133018,12520.98338,0.725,,76.827,7.110000134
BIH,Bosnia and Herzegovina,2011,13.18472958,12766.4943,0.731,,76.963,7.239999771
BIH,Bosnia and Herzegovina,2012,13.37152958,12895.15069,0.742,,77.037,7.889999708
BIH,Bosnia and Herzegovina,2013,13.61658955,13475.72766,0.756,,77.129,8.539999644
BIH,Bosnia and Herzegovina,2014,13.64599991,13742.35329,0.765,,77.089,9.18999958
BIH,Bosnia and Herzegovina,2015,13.62532043,14506.78885,0.769,,77.073,9.289999962
BIH,Bosnia and Herzegovina,2016,13.62438011,15082.7085,0.776,,77.124,9.68999958
BIH,Bosnia and Herzegovina,2017,13.62747002,15602.16393,0.78,,77.385,9.75
BIH,Bosnia and Herzegovina,2018,13.57777977,16431.42118,0.785,,77.942,9.81000042
BIH,Bosnia and Herzegovina,2019,13.44087029,17176.32066,0.788,,77.394,10.17500019
BIH,Bosnia and Herzegovina,2020,13.25508976,16802.74452,0.783,,76.04,10.53999996
BIH,Bosnia and Herzegovina,2021,13.2767601,18162.50441,0.783,,74.567,10.75500011
BIH,Bosnia and Herzegovina,2022,13.27705956,19178.35269,0.799,,76.777,10.97000027
BIH,Bosnia and Herzegovina,2023,13.16394043,19827.48588,0.804,74.0,77.85,10.97000027
BLR,Belarus,1990,12.5394001,12383.92388,0.692,,71.145,9.960404162
BLR,Belarus,1991,12.34269047,12229.6738,0.692,,70.722,9.960404162
BLR,Belarus,1992,12.08434963,11031.36344,0.692,,70.119,9.960404162
BLR,Belarus,1993,12.00782013,10170.5012,0.692,,69.522,9.960404162
BLR,Belarus,1994,11.95841026,8958.261294,0.692,,68.966,9.960404162
BLR,Belarus,1995,12.00144958,8057.537477,0.692,,68.752,9.960404162
BLR,Belarus,1996,12.36343956,8325.205794,0.697,,68.566,10.04356507
BLR,Belarus,1997,12.48472023,9289.618599,0.704,,68.501,10.12742029
BLR,Belarus,1998,12.49038982,10114.18693,0.709,,68.272,10.21197564
BLR,Belarus,1999,12.86714156,10553.74554,0.716,,68.419,10.29723695
BLR,Belarus,2000,13.24389331,11180.37811,0.724,,68.464,10.38321013
BLR,Belarus,2001,13.62064505,11772.66334,0.731,,68.435,10.4699011
BLR,Belarus,2002,13.99739679,12457.8942,0.738,,68.298,10.55731587
BLR,Belarus,2003,14.37414853,13462.95888,0.747,,68.429,10.64546048
BLR,Belarus,2004,14.75090027,15082.35994,0.758,,68.688,10.73434102
BLR,Belarus,2005,14.89752007,16647.13185,0.767,,68.982,10.82396364
BLR,Belarus,2006,15.05309963,18351.00786,0.777,,69.436,10.91433453
BLR,Belarus,2007,15.19005013,19918.9071,0.786,,69.986,11.00545995
BLR,Belarus,2008,15.4284296,21938.89118,0.796,,70.349,11.09734618
BLR,Belarus,2009,15.51830006,21877.16814,0.798,,70.409,11.18999958
BLR,Belarus,2010,15.55224037,23663.75066,0.803,,70.501,11.28499966
BLR,Belarus,2011,15.69522953,25171.31902,0.812,,71.068,11.37999973
BLR,Belarus,2012,15.77573967,25334.97882,0.818,,71.8,11.47499981
BLR,Belarus,2013,15.57808018,25264.6035,0.821,,72.681,11.56999989
BLR,Belarus,2014,15.41368008,25819.6288,0.825,,73.245,11.66499996
BLR,Belarus,2015,15.26385021,24473.80951,0.825,,73.761,11.76000004
BLR,Belarus,2016,15.18873024,23747.89644,0.825,,74.153,11.85500011
BLR,Belarus,2017,15.00545025,24608.69412,0.828,,74.362,11.95000019
BLR,Belarus,2018,14.67171001,25461.87474,0.827,,74.334,12.04500027
BLR,Belarus,2019,14.40011024,26050.91945,0.826,,74.255,12.14000034
BLR,Belarus,2020,14.26484013,25673.26534,0.815,,72.269,12.23729677
BLR,Belarus,2021,14.19456005,26597.53983,0.817,,72.221,12.33537298
BLR,Belarus,2022,13.98153019,25478.91748,0.824,,74.361,12.33537298
BLR,Belarus,2023,13.71881008,26724.871,0.824,65.0,74.434,12.33537298
BLZ,Belize,1990,10.14398371,8083.417184,0.617,,69.569,5.452973136
BLZ,Belize,1991,10.30649433,8843.261494,0.626,,69.645,5.619999886
BLZ,Belize,1992,10.47160844,9711.03529,0.634,,69.601,5.792142732
BLZ,Belize,1993,10.63936773,10063.77721,0.64,,69.595,5.964285578
BLZ,Belize,1994,10.8098146,9738.128089,0.643,,69.585,6.136428424
BLZ,Belize,1995,10.98299209,9624.41436,0.647,,69.484,6.308571271
BLZ,Belize,1996,11.15894396,9403.004209,0.65,,69.363,6.480714117
BLZ,Belize,1997,11.33771464,9551.15382,0.654,,69.183,6.652856963
BLZ,Belize,1998,11.5193493,9487.696108,0.657,,68.906,6.824999809
BLZ,Belize,1999,11.70389382,9968.521761,0.664,,68.976,6.997142656
BLZ,Belize,2000,11.89139481,10752.0965,0.671,,68.911,7.169285502
BLZ,Belize,2001,12.08189964,10808.3766,0.676,,68.944,7.341428348
BLZ,Belize,2002,12.46581984,11088.42721,0.686,,69.528,7.513571194
BLZ,Belize,2003,12.84974003,11655.19588,0.696,,69.819,7.68571404
BLZ,Belize,2004,13.1324501,11671.98612,0.703,,70.152,7.857856887
BLZ,Belize,2005,12.57670975,11657.76948,0.7,,70.335,8.029999733
BLZ,Belize,2006,13.05266953,11821.87473,0.713,,70.535,8.521999741
BLZ,Belize,2007,12.95250988,11671.64755,0.718,,70.652,9.013999748
BLZ,Belize,2008,12.83240032,11149.39573,0.72,,70.665,9.505999756
BLZ,Belize,2009,12.49421024,11307.5054,0.724,,70.806,9.997999763
BLZ,Belize,2010,12.39898968,10869.20935,0.727,,70.875,10.48999977
BLZ,Belize,2011,12.49100971,10868.16057,0.725,,70.975,10.17668591
BLZ,Belize,2012,12.94052029,10898.54252,0.727,,71.134,9.86337204
BLZ,Belize,2013,12.82242966,11189.50224,0.724,,71.276,9.550058174
BLZ,Belize,2014,12.81070995,11311.9175,0.721,,71.437,9.236744308
BLZ,Belize,2015,12.87318993,11683.94165,0.721,,71.647,8.923430443
BLZ,Belize,2016,13.53081989,11363.16981,0.727,,71.843,8.908744431
BLZ,Belize,2017,13.24899006,10855.84976,0.722,,72.062,8.894058418
BLZ,Belize,2018,13.30014038,10611.49931,0.723,,72.322,8.879372406
BLZ,Belize,2019,13.31602001,10856.68342,0.725,,72.577,8.864686394
BLZ,Belize,2020,13.16993046,9642.416092,0.713,,71.58,8.850000381
BLZ,Belize,2021,12.86993027,11188.33591,0.713,,70.917,8.762290001
BLZ,Belize,2022,12.42656994,11827.14614,0.717,,72.19,8.762290001
BLZ,Belize,2023,11.98379993,12343.07814,0.721,115.0,73.566,8.762290001
BOL,Bolivia (Plurinational State of),1990,11.04458491,4886.191775,0.552,,56.797,5.993602746
BOL,Bolivia (Plurinational State of),1991,11.31089393,5070.92371,0.561,,57.439,6.100842014
BOL,Bolivia (Plurinational State of),1992,11.58362423,5109.721181,0.568,,57.923,6.210000038
BOL,Bolivia (Plurinational State of),1993,11.86293066,5220.6046,0.577,,58.66,6.321111149
BOL,Bolivia (Plurinational State of),1994,12.14897178,5386.631982,0.586,,59.282,6.43222226
BOL,Bolivia (Plurinational State of),1995,12.44190997,5529.734853,0.594,,59.787,6.543333371
BOL,Bolivia (Plurinational State of),1996,12.74191153,5677.146905,0.602,,60.287,6.654444483
BOL,Bolivia (Plurinational State of),1997,13.04914679,5868.350268,0.61,,60.745,6.765555594
BOL,Bolivia (Plurinational State of),1998,13.36379016,6086.524497,0.618,,61.227,6.876666705
BOL,Bolivia (Plurinational State of),1999,13.68602027,5975.571509,0.624,,61.655,6.987777816
BOL,Bolivia (Plurinational State of),2000,14.01602005,5998.333854,0.63,,62.057,7.098888927
BOL,Bolivia (Plurinational State of),2001,14.5806802,5997.601151,0.639,,62.538,7.210000038
BOL,Bolivia (Plurinational State of),2002,14.68322001,6038.447434,0.642,,63.068,7.14800005
BOL,Bolivia (Plurinational State of),2003,14.82787517,6020.725031,0.645,,63.455,7.086000061
BOL,Bolivia (Plurinational State of),2004,14.97253033,6115.870287,0.648,,63.819,7.024000072
BOL,Bolivia (Plurinational State of),2005,15.77556992,6305.24915,0.658,,64.182,6.962000084
BOL,Bolivia (Plurinational State of),2006,15.28322998,6516.387468,0.656,,64.529,6.900000095
BOL,Bolivia (Plurinational State of),2007,15.51345989,6679.524013,0.664,,64.939,7.049999952
BOL,Bolivia (Plurinational State of),2008,15.30451963,7003.096057,0.668,,65.299,7.199999809
BOL,Bolivia (Plurinational State of),2009,15.07566027,7074.824922,0.671,,65.656,7.480000019
BOL,Bolivia (Plurinational State of),2010,15.16174507,7177.697513,0.677,,66.003,7.710000038
BOL,Bolivia (Plurinational State of),2011,15.24782988,7451.562824,0.683,,66.282,7.940000057
BOL,Bolivia (Plurinational State of),2012,14.93242025,7530.106772,0.685,,66.586,8.170000076
BOL,Bolivia (Plurinational State of),2013,15.81014002,7900.370784,0.699,,66.777,8.423333486
BOL,Bolivia (Plurinational State of),2014,15.28293972,8324.156988,0.701,,66.97,8.676666896
BOL,Bolivia (Plurinational State of),2015,14.88112997,8779.590789,0.704,,67.205,8.930000305
BOL,Bolivia (Plurinational State of),2016,15.30135002,9158.20896,0.714,,67.392,9.162500143
BOL,Bolivia (Plurinational State of),2017,15.02913002,9285.810904,0.715,,67.536,9.394999981
BOL,Bolivia (Plurinational State of),2018,15.20069025,9585.536758,0.722,,67.699,9.627499819
BOL,Bolivia (Plurinational State of),2019,15.44842024,9694.593759,0.728,,67.82,9.859999657
BOL,Bolivia (Plurinational State of),2020,15.52953515,8811.178217,0.697,,62.906,9.829999924
BOL,Bolivia (Plurinational State of),2021,15.61065006,9105.039571,0.693,,61.427,10.02122319
BOL,Bolivia (Plurinational State of),2022,15.61065006,9289.554526,0.727,,67.434,10.02122319
BOL,Bolivia (Plurinational State of),2023,15.61065006,9445.244868,0.733,108.0,68.581,10.02122319
BRA,Brazil,1990,14.09510857,12177.59908,0.641,,65.862,3.685051873
BRA,Brazil,1991,14.14414616,12141.5908,0.645,,66.203,3.830994521
BRA,Brazil,1992,14.19335435,11917.31009,0.648,,66.539,3.976937169
BRA,Brazil,1993,14.24273375,12236.69999,0.654,,66.892,4.122879818
BRA,Brazil,1994,14.29228494,12566.51197,0.659,,67.293,4.268822466
BRA,Brazil,1995,14.34200852,13216.46619,0.666,,67.701,4.414765115
BRA,Brazil,1996,14.39190509,13310.53264,0.671,,68.108,4.586247727
BRA,Brazil,1997,14.44197525,13514.07579,0.676,,68.505,4.757730339
BRA,Brazil,1998,14.49221961,13306.28344,0.68,,68.848,4.92921295
BRA,Brazil,1999,14.54263877,13050.63871,0.684,,69.211,5.100695562
BRA,Brazil,2000,14.59323334,13467.05272,0.69,,69.584,5.272178174
BRA,Brazil,2001,14.64400393,13427.60097,0.694,,69.98,5.449133635
BRA,Brazil,2002,14.69495116,13648.42193,0.7,,70.396,5.626089097
BRA,Brazil,2003,14.74607564,13667.45772,0.705,,70.884,5.803044558
BRA,Brazil,2004,14.79737798,14319.79733,0.712,,71.361,5.980000019
BRA,Brazil,2005,14.8488588,14625.9096,0.718,,71.832,6.150000095
BRA,Brazil,2006,14.90051873,15097.84208,0.725,,72.296,6.320000172
BRA,Brazil,2007,14.95235838,15909.40932,0.732,,72.73,6.5
BRA,Brazil,2008,15.00437839,16499.57692,0.739,,73.111,6.670000076
BRA,Brazil,2009,15.05657938,16361.8993,0.742,,73.457,6.769999981
BRA,Brazil,2010,15.10896198,17266.85845,0.748,,73.779,6.880000114
BRA,Brazil,2011,15.16152681,17878.72893,0.753,,74.047,7.010000229
BRA,Brazil,2012,15.21427453,18075.39887,0.758,,74.335,7.21999979
BRA,Brazil,2013,15.24518967,18668.24289,0.762,,74.609,7.289999962
BRA,Brazil,2014,15.36814022,18514.50254,0.765,,74.823,7.380000114
BRA,Brazil,2015,15.24540043,17708.30372,0.764,,75.106,7.510000229
BRA,Brazil,2016,15.29432011,16949.14988,0.765,,75.081,7.730000019
BRA,Brazil,2017,15.40701962,17079.21153,0.77,,75.383,7.849999905
BRA,Brazil,2018,15.50376034,17087.87299,0.774,,75.633,7.980000019
BRA,Brazil,2019,15.44937038,17183.42339,0.776,,75.809,8.125777988
BRA,Brazil,2020,15.44596004,16609.4287,0.77,,74.506,8.274219016
BRA,Brazil,2021,15.5788002,17121.54217,0.768,,73.038,8.425371752
BRA,Brazil,2022,15.7927103,17593.54759,0.78,,74.872,8.425371752
BRA,Brazil,2023,15.7927103,18011.28546,0.786,84.0,75.848,8.425371752
BRB,Barbados,1990,12.94987011,13562.5152,0.73,,73.463,8.368571216
BRB,Barbados,1991,13.08701791,13029.8156,0.732,,73.543,8.499071212
BRB,Barbados,1992,13.2241657,12115.85426,0.732,,73.61,8.629571209
BRB,Barbados,1993,13.3613135,12088.74333,0.735,,73.739,8.760071206
BRB,Barbados,1994,13.4984613,12523.70027,0.74,,73.755,8.890571202
BRB,Barbados,1995,13.6356091,12696.8072,0.744,,73.88,9.021071199
BRB,Barbados,1996,13.77275689,13171.83317,0.748,,74.065,9.014856913
BRB,Barbados,1997,13.90990469,13866.81886,0.752,,73.988,9.008642628
BRB,Barbados,1998,14.04705249,13421.96746,0.754,,74.465,9.002428342
BRB,Barbados,1999,14.18420029,13440.5934,0.756,,74.587,8.996214057
BRB,Barbados,2000,14.2673502,14974.23283,0.762,,74.58,8.989999771
BRB,Barbados,2001,14.36353016,14533.42684,0.763,,74.707,9.095642626
BRB,Barbados,2002,14.53754012,14497.11478,0.767,,74.82,9.20128548
BRB,Barbados,2003,14.71155008,14778.30793,0.771,,74.865,9.306928334
BRB,Barbados,2004,14.88556004,14840.9729,0.775,,75.15,9.412571189
BRB,Barbados,2005,15.05956999,15313.00666,0.779,,74.96,9.518214043
BRB,Barbados,2006,15.23357995,15850.58461,0.783,,75.049,9.545142614
BRB,Barbados,2007,15.40758991,17046.56374,0.79,,75.263,9.572071185
BRB,Barbados,2008,15.694345,17454.37786,0.794,,75.3,9.598999756
BRB,Barbados,2009,15.98110008,17219.67716,0.798,,75.458,9.625928326
BRB,Barbados,2010,15.7196703,17662.81566,0.797,,75.488,9.652856897
BRB,Barbados,2011,15.68015003,16765.5264,0.794,,75.599,9.661142611
BRB,Barbados,2012,15.77245143,17147.14206,0.797,,75.737,9.669428325
BRB,Barbados,2013,15.86529616,16856.17334,0.798,,75.816,9.677714039
BRB,Barbados,2014,15.95868743,16820.91997,0.799,,75.926,9.685999753
BRB,Barbados,2015,16.05262844,16587.52214,0.8,,76.055,9.694285467
BRB,Barbados,2016,16.14712244,16835.05171,0.803,,76.168,9.733642609
BRB,Barbados,2017,16.24217267,16838.56721,0.804,,76.237,9.772999751
BRB,Barbados,2018,16.33778243,16573.15646,0.806,,76.378,9.812356893
BRB,Barbados,2019,16.43395498,16600.37979,0.808,,76.495,9.851714035
BRB,Barbados,2020,16.53069367,14606.00768,0.803,,76.647,9.891071177
BRB,Barbados,2021,16.6280018,14465.99375,0.803,,76.58,9.92835689
BRB,Barbados,2022,16.6280018,16878.8616,0.807,,75.676,9.92835689
BRB,Barbados,2023,16.6280018,17327.52047,0.811,69.0,76.178,9.92835689
BRN,Brunei Darussalam,1990,12.60107709,92864.7302,0.781,,71.629,7.51
BRN,Brunei Darussalam,1991,12.40764402,92970.7546,0.782,,71.858,7.62
BRN,Brunei Darussalam,1992,12.21718025,94742.09261,0.782,,72.09,7.73
BRN,Brunei Darussalam,1993,12.0296402,92595.08055,0.783,,72.333,7.84
BRN,Brunei Darussalam,1994,11.76173973,93144.86105,0.782,,72.571,7.95
BRN,Brunei Darussalam,1995,11.65198731,94986.26227,0.784,,72.838,8.06
BRN,Brunei Darussalam,1996,11.5422349,95454.67351,0.784,,73.079,8.106
BRN,Brunei Darussalam,1997,11.43248248,91942.74715,0.785,,73.326,8.152
BRN,Brunei Darussalam,1998,11.32273006,89448.16531,0.785,,73.584,8.198
BRN,Brunei Darussalam,1999,11.57223034,90235.45854,0.79,,73.806,8.244
BRN,Brunei Darussalam,2000,11.53234005,90894.24005,0.792,,74.017,8.29
BRN,Brunei Darussalam,2001,11.63160038,91518.71709,0.794,,74.209,8.328
BRN,Brunei Darussalam,2002,11.85077953,93225.25354,0.798,,74.365,8.366
BRN,Brunei Darussalam,2003,12.22157955,94149.0065,0.804,,74.509,8.404
BRN,Brunei Darussalam,2004,12.60894012,92939.5672,0.81,,74.603,8.442
BRN,Brunei Darussalam,2005,12.88778973,91708.07044,0.814,,74.683,8.48
BRN,Brunei Darussalam,2006,13.25531006,94176.8995,0.819,,74.753,8.538
BRN,Brunei Darussalam,2007,13.42671967,93310.71552,0.822,,74.793,8.596
BRN,Brunei Darussalam,2008,13.53855038,90079.37909,0.824,,74.814,8.654
BRN,Brunei Darussalam,2009,13.80313015,87186.93879,0.828,,74.814,8.712
BRN,Brunei Darussalam,2010,13.87399006,87107.69456,0.83,,74.82,8.77
BRN,Brunei Darussalam,2011,14.1947403,86919.657,0.834,,74.835,8.82
BRN,Brunei Darussalam,2012,14.74849987,86892.14477,0.841,,74.843,8.87
BRN,Brunei Darussalam,2013,14.74330044,85387.9719,0.842,,74.854,8.92
BRN,Brunei Darussalam,2014,14.63543034,83238.48088,0.841,,74.862,8.97
BRN,Brunei Darussalam,2015,14.33631992,86007.92843,0.839,,74.88,9.02
BRN,Brunei Darussalam,2016,14.21236992,84318.95836,0.838,,74.905,9.06
BRN,Brunei Darussalam,2017,14.06844997,83858.37553,0.837,,74.943,9.1
BRN,Brunei Darussalam,2018,13.94052982,79230.72402,0.837,,74.992,9.14
BRN,Brunei Darussalam,2019,13.76078033,83229.96799,0.835,,75.049,9.18
BRN,Brunei Darussalam,2020,13.69861984,83430.85014,0.836,,75.114,9.22
BRN,Brunei Darussalam,2021,13.69861984,79872.07039,0.835,,74.869,9.282
BRN,Brunei Darussalam,2022,13.69861984,75362.43696,0.825,,72.917,9.282
BRN,Brunei Darussalam,2023,13.69861984,75826.87338,0.837,60.0,75.327,9.282
BTN,Bhutan,1990,5.531229076,3360.477396,0.593,,55.811,2.359933
BTN,Bhutan,1991,5.730776592,3213.877508,0.593,,56.451,2.359933
BTN,Bhutan,1992,5.937523089,3401.885899,0.593,,57.208,2.359933
BTN,Bhutan,1993,6.151728281,3691.064632,0.593,,57.906,2.359933
BTN,Bhutan,1994,6.373661251,3970.233627,0.593,,58.395,2.359933
BTN,Bhutan,1995,6.603600792,3992.15844,0.593,,59.277,2.359933
BTN,Bhutan,1996,6.841835752,4194.737687,0.593,,59.982,2.359933
BTN,Bhutan,1997,7.088665401,4454.77939,0.593,,60.639,2.359933
BTN,Bhutan,1998,7.344399805,4334.731582,0.593,,61.322,2.359933
BTN,Bhutan,1999,7.609360218,4440.548327,0.593,,62.032,2.359933
BTN,Bhutan,2000,7.90440011,5323.152297,0.593,,61.842,2.359933
BTN,Bhutan,2001,8.199440002,5564.74724,0.593,,63.323,2.359933
BTN,Bhutan,2002,8.494479895,5905.64036,0.593,,63.984,2.359933
BTN,Bhutan,2003,8.789519787,6166.206353,0.593,,64.662,2.359933
BTN,Bhutan,2004,9.084559679,6327.264659,0.593,,65.29,2.359933
BTN,Bhutan,2005,9.379599571,6686.193364,0.593,,65.875,2.359933
BTN,Bhutan,2006,9.864990234,7028.020844,0.593,,66.499,2.359933
BTN,Bhutan,2007,10.37248993,7981.508146,0.593,,67.152,2.359933
BTN,Bhutan,2008,10.73237038,8143.522119,0.593,,67.733,2.359933
BTN,Bhutan,2009,11.32693958,8560.122376,0.593,,68.156,2.359933
BTN,Bhutan,2010,11.80224037,9329.549607,0.593,,68.765,2.359933
BTN,Bhutan,2011,12.20899963,9929.704646,0.603,,69.28,2.288726499
BTN,Bhutan,2012,12.54831028,10166.59806,0.609,,69.759,2.220000029
BTN,Bhutan,2013,12.46308994,10324.26436,0.616,,70.161,2.588000011
BTN,Bhutan,2014,12.54842396,10781.65184,0.626,,70.504,2.955999994
BTN,Bhutan,2015,12.63375797,11365.18601,0.637,,70.797,3.323999977
BTN,Bhutan,2016,12.71909199,12043.98898,0.647,,71.119,3.69199996
BTN,Bhutan,2017,12.804426,12334.453,0.656,,71.413,4.059999943
BTN,Bhutan,2018,12.88976002,12637.89661,0.667,,71.711,4.580629311
BTN,Bhutan,2019,12.97683113,13305.30091,0.68,,72.005,5.170262283
BTN,Bhutan,2020,13.06449041,12182.50475,0.688,,72.253,5.835794662
BTN,Bhutan,2021,13.15274184,12664.17093,0.691,,72.448,5.835794662
BTN,Bhutan,2022,13.15274184,13334.54642,0.695,,72.754,5.835794662
BTN,Bhutan,2023,13.15274184,13842.80353,0.698,125.0,72.975,5.835794662
BWA,Botswana,1990,10.59220615,10046.38331,0.59,,60.104,5.52
BWA,Botswana,1991,10.55210972,10799.7194,0.59,,58.911,5.758
BWA,Botswana,1992,10.51216507,10878.04041,0.589,,58.19,5.996
BWA,Botswana,1993,10.47222042,11081.85543,0.588,,57.316,6.234
BWA,Botswana,1994,10.34175014,10298.6954,0.58,,55.97,6.472
BWA,Botswana,1995,10.70094013,11070.39863,0.583,,54.713,6.71
BWA,Botswana,1996,10.88468329,11044.49677,0.584,,54.284,6.89
BWA,Botswana,1997,11.06842645,11897.61762,0.587,,53.594,7.07
BWA,Botswana,1998,11.25216961,12134.29242,0.588,,52.968,7.25
BWA,Botswana,1999,11.63829994,12375.15564,0.592,,52.499,7.43
BWA,Botswana,2000,11.74394989,12252.63065,0.594,,52.263,7.61
BWA,Botswana,2001,11.72593021,12365.52085,0.595,,52.21,7.744
BWA,Botswana,2002,11.53738022,11993.31382,0.594,,52.373,7.878
BWA,Botswana,2003,11.59051991,12654.08985,0.602,,52.851,8.012
BWA,Botswana,2004,11.60266972,12641.85884,0.608,,53.573,8.146
BWA,Botswana,2005,11.6691103,13136.11228,0.616,,54.386,8.28
BWA,Botswana,2006,11.83510971,14249.38069,0.627,,55.112,8.398
BWA,Botswana,2007,11.79946041,15004.87242,0.64,,56.735,8.516
BWA,Botswana,2008,11.72972965,14958.16354,0.645,,57.661,8.634
BWA,Botswana,2009,11.70634123,13003.99226,0.644,,58.297,8.752
BWA,Botswana,2010,11.68295281,13660.62463,0.652,,59.137,8.87
BWA,Botswana,2011,11.65956439,14714.84948,0.661,,59.715,9.1
BWA,Botswana,2012,11.63617596,14732.39973,0.667,,60.384,9.33
BWA,Botswana,2013,11.61278754,15163.8931,0.676,,61.217,9.56
BWA,Botswana,2014,11.58939912,15917.34067,0.685,,62.167,9.79
BWA,Botswana,2015,11.5660107,14807.52767,0.69,,63.215,10.02
BWA,Botswana,2016,11.54262227,14679.7927,0.696,,64.32,10.1
BWA,Botswana,2017,11.51923385,15063.29267,0.704,,65.42,10.18
BWA,Botswana,2018,11.49584543,15305.08744,0.71,,66.371,10.26
BWA,Botswana,2019,11.47245701,16091.62405,0.718,,67.167,10.34
BWA,Botswana,2020,11.44906858,15141.15782,0.718,,67.643,10.42
BWA,Botswana,2021,11.42568016,16503.71644,0.7,,63.303,10.478
BWA,Botswana,2022,11.42568016,16805.70583,0.729,,68.749,10.478
BWA,Botswana,2023,11.42568016,16983.77103,0.731,111.0,69.163,10.478
CAF,Central African Republic,1990,5.280560017,1583.562645,0.342,,49.854,1.867779274
CAF,Central African Republic,1991,4.918749809,1558.996886,0.336,,49.575,1.934874257
CAF,Central African Republic,1992,4.094940186,1491.256771,0.321,,49.213,2.001969241
CAF,Central African Republic,1993,4.196776643,1434.133139,0.321,,48.899,2.069064225
CAF,Central African Republic,1994,4.298613099,1447.484391,0.323,,48.509,2.136159208
CAF,Central African Republic,1995,4.400449556,1489.627531,0.326,,48.109,2.203254192
CAF,Central African Republic,1996,4.502286013,1339.091881,0.323,,47.7,2.281229443
CAF,Central African Republic,1997,4.60412247,1388.368671,0.325,,47.284,2.359204694
CAF,Central African Republic,1998,4.705958927,1409.017552,0.328,,47.089,2.437179946
CAF,Central African Republic,1999,4.807795384,1469.023772,0.332,,46.91,2.515155197
CAF,Central African Republic,2000,4.909631841,1447.635186,0.333,,46.609,2.593130448
CAF,Central African Republic,2001,5.011468298,1433.285736,0.335,,46.734,2.665665566
CAF,Central African Republic,2002,5.113304755,1392.445086,0.337,,46.84,2.738200683
CAF,Central African Republic,2003,5.215141212,1271.934799,0.338,,47.306,2.8107358
CAF,Central African Republic,2004,5.316977669,1267.709102,0.342,,47.696,2.883270918
CAF,Central African Republic,2005,5.418814126,1275.889652,0.346,,48.207,2.955806035
CAF,Central African Republic,2006,5.520650583,1254.588571,0.35,,48.687,3.012020751
CAF,Central African Republic,2007,5.62248704,1289.097312,0.356,,49.327,3.068235467
CAF,Central African Republic,2008,5.724323497,1335.692919,0.362,,49.873,3.124450183
CAF,Central African Republic,2009,5.826159954,1394.490751,0.36,,14.665,3.180664899
CAF,Central African Republic,2010,6.018069983,1439.620976,0.358,,46.871,3.236879615
CAF,Central African Republic,2011,6.209980011,1476.142049,0.377,,50.107,3.356562559
CAF,Central African Republic,2012,6.190639973,1537.663355,0.385,,51.336,3.476245503
CAF,Central African Republic,2013,6.317989663,975.6815377,0.359,,49.487,3.595928447
CAF,Central African Republic,2014,6.447959105,978.253112,0.319,,40.265,3.71561139
CAF,Central African Republic,2015,6.580602192,1018.081925,0.377,,51.934,3.835294334
CAF,Central African Republic,2016,6.715973923,1049.005029,0.376,,50.999,3.858868247
CAF,Central African Republic,2017,6.85413043,1107.742294,0.356,,45.231,3.88244216
CAF,Central African Republic,2018,6.995129001,1160.158759,0.391,,52.297,3.906016074
CAF,Central African Republic,2019,7.139028099,1168.335689,0.279,,31.53,3.929589987
CAF,Central African Republic,2020,7.285887393,1130.874287,0.386,,50.596,3.9531639
CAF,Central African Republic,2021,7.435767778,1129.328079,0.339,,40.279,3.989431459
CAF,Central African Republic,2022,7.435767778,1095.842755,0.3765,,18.818,3.989431459
CAF,Central African Republic,2023,7.435767778,1099.860681,0.414,191.0,57.408,3.989431459
CAN,Canada,1990,16.68971062,36257.63777,0.865,,77.433,10.74872914
CAN,Canada,1991,16.96995926,35007.03777,0.868,,77.594,10.92000008
CAN,Canada,1992,17.10577011,34679.74117,0.873,,77.853,11.09400005
CAN,Canada,1993,16.72765923,35125.01617,0.871,,77.725,11.26800003
CAN,Canada,1994,16.88726044,36179.27482,0.877,,77.901,11.44200001
CAN,Canada,1995,16.8725605,37178.59469,0.881,,78.021,11.61599998
CAN,Canada,1996,16.83344078,37647.81699,0.884,,78.272,11.78999996
CAN,Canada,1997,16.3625102,38819.54702,0.884,,78.465,11.96399994
CAN,Canada,1998,15.89157963,39279.28779,0.883,,78.674,12.13799992
CAN,Canada,1999,15.80797958,41196.77988,0.888,,78.885,12.31199989
CAN,Canada,2000,15.75918961,44037.99977,0.894,,79.233,12.48599987
CAN,Canada,2001,15.67950685,44068.47665,0.897,,79.449,12.65999985
CAN,Canada,2002,15.59982409,44561.47914,0.899,,79.566,12.79199982
CAN,Canada,2003,15.52014133,45790.23864,0.902,,79.736,12.92399979
CAN,Canada,2004,15.44045857,47592.43468,0.906,,80.029,13.05599976
CAN,Canada,2005,15.36077581,49282.24568,0.909,,80.131,13.18799973
CAN,Canada,2006,15.28109305,50443.75544,0.913,,80.54,13.31999969
CAN,Canada,2007,15.20141029,51513.59703,0.914,,80.542,13.36799984
CAN,Canada,2008,15.2363596,52210.76518,0.916,,80.73,13.41599998
CAN,Canada,2009,15.31015968,48443.74577,0.915,,81.065,13.46400013
CAN,Canada,2010,15.17741013,50038.23743,0.918,,81.336,13.51200027
CAN,Canada,2011,15.24262047,51658.69791,0.921,,81.513,13.56000042
CAN,Canada,2012,15.72655964,51826.07845,0.927,,81.704,13.59400024
CAN,Canada,2013,15.82699013,52718.77182,0.93,,81.785,13.62800007
CAN,Canada,2014,15.87559986,53385.92904,0.932,,81.837,13.66199989
CAN,Canada,2015,15.95269012,52138.85563,0.932,,81.908,13.69599972
CAN,Canada,2016,15.93340015,52051.68409,0.933,,82.03,13.72999954
CAN,Canada,2017,15.99886036,53597.17009,0.935,,81.919,13.75799961
CAN,Canada,2018,15.93410969,54157.61976,0.935,,81.925,13.78599968
CAN,Canada,2019,15.93334007,54499.33827,0.937,,82.285,13.81399975
CAN,Canada,2020,15.94466972,50924.73351,0.931,,81.654,13.84199982
CAN,Canada,2021,15.96080017,55302.15942,0.937,,81.976,13.86999989
CAN,Canada,2022,15.88825989,56952.03537,0.935,,81.249,13.86999989
CAN,Canada,2023,15.88825989,54688.41729,0.939,16.0,82.63,13.86999989
CHE,Switzerland,1990,13.49625969,68591.56107,0.858,,77.385,10.53429956
CHE,Switzerland,1991,13.60527039,67185.12573,0.86,,77.648,10.52396168
CHE,Switzerland,1992,13.8107996,66206.39259,0.863,,77.944,10.5136238
CHE,Switzerland,1993,14.12714958,65820.58618,0.867,,78.234,10.50328592
CHE,Switzerland,1994,14.25086021,65583.71317,0.87,,78.495,10.49294804
CHE,Switzerland,1995,14.39243984,66015.31255,0.872,,78.565,10.48261016
CHE,Switzerland,1996,14.45893955,66027.44431,0.875,,79.049,10.5136238
CHE,Switzerland,1997,14.69438457,67889.49624,0.88,,79.233,10.54463744
CHE,Switzerland,1998,14.9298296,70277.91663,0.886,,79.475,10.57565108
CHE,Switzerland,1999,14.97961998,71756.26319,0.889,,79.724,10.60666472
CHE,Switzerland,2000,15.03796959,74302.98283,0.892,,79.834,10.63767836
CHE,Switzerland,2001,15.06583977,73206.67357,0.895,,80.251,10.75139504
CHE,Switzerland,2002,14.96234989,72444.27042,0.896,,80.444,10.86511172
CHE,Switzerland,2003,15.10202026,75080.04049,0.901,,80.532,10.9788284
CHE,Switzerland,2004,15.18083,75988.94832,0.906,,81.055,11.09254507
CHE,Switzerland,2005,15.22286034,78661.01112,0.909,,81.236,11.20626175
CHE,Switzerland,2006,15.31324959,80425.10407,0.918,,81.549,11.73969635
CHE,Switzerland,2007,15.42905998,77405.79709,0.926,,81.703,12.27313095
CHE,Switzerland,2008,15.48637962,72847.79552,0.934,,81.971,12.80656555
CHE,Switzerland,2009,15.51601982,76884.51324,0.942,,81.989,13.34000015
CHE,Switzerland,2010,15.6798296,81900.20392,0.945,,82.287,13.31999969
CHE,Switzerland,2011,15.6731596,78996.10126,0.946,,82.574,13.32999992
CHE,Switzerland,2012,15.82800961,80093.92938,0.949,,82.617,13.40999985
CHE,Switzerland,2013,16.02375984,79770.57698,0.952,,82.689,13.5250001
CHE,Switzerland,2014,16.08971977,79041.54726,0.956,,83.084,13.64000034
CHE,Switzerland,2015,16.1556797,80606.20914,0.957,,82.846,13.71000004
CHE,Switzerland,2016,16.1342907,79016.00197,0.959,,83.446,13.67000008
CHE,Switzerland,2017,16.16839981,77993.2677,0.96,,83.414,13.73500013
CHE,Switzerland,2018,16.25905037,77788.62854,0.962,,83.564,13.80000019
CHE,Switzerland,2019,16.3445797,78234.45513,0.965,,83.78,13.85999966
CHE,Switzerland,2020,16.43366051,74518.43775,0.963,,83.063,13.90448897
CHE,Switzerland,2021,16.5837307,80307.72449,0.968,,83.648,13.94912109
CHE,Switzerland,2022,16.66753006,82399.82968,0.966,,83.2,13.94912109
CHE,Switzerland,2023,16.66753006,81948.90177,0.97,2.0,83.954,13.94912109
CHL,Chile,1990,12.74779872,10717.59082,0.718,,73.675,8.384781038
CHL,Chile,1991,12.73688984,11378.97389,0.723,,74.082,8.464237816
CHL,Chile,1992,12.7259903,12552.25103,0.73,,74.367,8.543694594
CHL,Chile,1993,11.73915958,13253.02758,0.725,,74.679,8.623151372
CHL,Chile,1994,11.91450367,13579.00545,0.73,,74.973,8.70260815
CHL,Chile,1995,12.08984776,14641.23418,0.739,,75.298,8.782064928
CHL,Chile,1996,12.26519184,15508.56918,0.745,,75.555,8.855248802
CHL,Chile,1997,12.44053593,16458.06209,0.752,,75.826,8.928432676
CHL,Chile,1998,12.61588001,17051.63569,0.759,,76.324,9.001616551
CHL,Chile,1999,13.08310032,16711.42352,0.766,,76.738,9.074800425
CHL,Chile,2000,13.13626003,17241.984,0.771,,77.128,9.1479843
CHL,Chile,2001,13.33110523,17625.33208,0.778,,77.58,9.285988177
CHL,Chile,2002,13.52595043,17905.72395,0.784,,77.84,9.423992054
CHL,Chile,2003,13.74680042,18339.80509,0.789,,77.884,9.561995932
CHL,Chile,2004,14.06828022,18885.1709,0.797,,78.276,9.699999809
CHL,Chile,2005,14.38132,19638.83304,0.804,,78.459,9.736666679
CHL,Chile,2006,14.31814957,19829.01926,0.804,,78.533,9.773333549
CHL,Chile,2007,14.70213032,20830.58767,0.812,,78.652,9.81000042
CHL,Chile,2008,14.85708046,22040.5966,0.82,,78.752,10.10999966
CHL,Chile,2009,14.88204002,21794.54151,0.819,,78.89,9.980000019
CHL,Chile,2010,15.09842968,22840.4367,0.823,,79.095,9.850000381
CHL,Chile,2011,15.31116009,23433.39717,0.823,,79.236,9.539999962
CHL,Chile,2012,15.41316986,25559.92666,0.832,,79.221,9.775000095
CHL,Chile,2013,16.10619926,26447.62865,0.845,,79.551,10.01000023
CHL,Chile,2014,16.26062965,26668.78487,0.849,,79.714,10.13500023
CHL,Chile,2015,16.39200974,27519.17107,0.855,,80.008,10.26000023
CHL,Chile,2016,16.49542999,27572.93993,0.859,,80.295,10.42500019
CHL,Chile,2017,16.53348923,27180.74082,0.862,,80.61,10.59000015
CHL,Chile,2018,16.60621071,27709.63187,0.866,,80.559,10.76107344
CHL,Chile,2019,16.64357948,27495.49195,0.867,,80.324,10.93491029
CHL,Chile,2020,16.34049988,24752.84147,0.856,,79.349,11.11155533
CHL,Chile,2021,16.76792908,27407.05948,0.865,,78.876,11.29105394
CHL,Chile,2022,16.91242027,28130.70734,0.869,,79.176,11.29105394
CHL,Chile,2023,16.91242027,28047.1698,0.878,45.0,81.167,11.29105394
CHN,China,1990,8.605669975,1647.22731,0.491,,68.155,4.139999866
CHN,China,1991,8.595879555,1772.221313,0.499,,68.61,4.337999868
CHN,China,1992,8.599749565,1997.708214,0.511,,69.059,4.53599987
CHN,China,1993,8.60599041,2245.066014,0.522,,69.492,4.733999872
CHN,China,1994,8.580659866,2513.799067,0.532,,69.835,4.931999874
CHN,China,1995,8.725359917,2724.413528,0.543,,70.363,5.129999876
CHN,China,1996,8.975049973,2967.391299,0.555,,70.823,5.327999878
CHN,China,1997,9.136859894,3217.294108,0.566,,71.227,5.52599988
CHN,China,1998,9.392760038,3421.572751,0.576,,71.601,5.723999882
CHN,China,1999,9.648660183,3661.587963,0.587,,71.952,5.921999884
CHN,China,2000,9.904560328,3945.034126,0.598,,72.288,6.119999886
CHN,China,2001,10.16046047,4233.296585,0.608,,72.675,6.213999891
CHN,China,2002,10.5064764,4606.563715,0.619,,73.034,6.307999897
CHN,China,2003,10.85249233,5056.371271,0.63,,73.385,6.401999903
CHN,China,2004,11.19850826,5553.125764,0.642,,73.727,6.495999908
CHN,China,2005,11.54452419,6122.469122,0.654,,74.085,6.589999914
CHN,China,2006,11.89054012,6897.881656,0.666,,74.404,6.68399992
CHN,China,2007,12.20328999,7871.058643,0.68,,74.789,6.777999926
CHN,China,2008,12.51947975,8620.652308,0.689,,74.833,6.871999931
CHN,China,2009,12.85252953,9309.810866,0.7,,75.317,6.965999937
CHN,China,2010,13.04319954,10222.51319,0.71,,75.668,7.059999943
CHN,China,2011,13.15779018,11080.47141,0.717,,75.889,7.154564977
CHN,China,2012,13.28357029,11957.04078,0.725,,76.2,7.249130011
CHN,China,2013,13.5112315,12724.80478,0.733,,76.452,7.343695045
CHN,China,2014,13.7427945,13714.12598,0.742,,76.714,7.438260078
CHN,China,2015,13.97832615,14505.20493,0.75,,76.975,7.532825112
CHN,China,2016,14.21789447,15406.83992,0.758,,77.214,7.627390146
CHN,China,2017,14.46156865,16439.18921,0.765,,77.235,7.72195518
CHN,China,2018,14.70941905,17412.53887,0.774,,77.709,7.816520214
CHN,China,2019,14.96151725,18413.61937,0.781,,77.94,7.883260012
CHN,China,2020,15.21793605,18683.02015,0.786,,78.019,7.949999809
CHN,China,2021,15.4787495,20264.56554,0.794,,78.117,8.036181597
CHN,China,2022,15.4787495,20888.85431,0.796,,78.202,8.036181597
CHN,China,2023,15.4787495,22029.22253,0.797,78.0,77.953,8.036181597
CIV,Côte d'Ivoire,1990,5.348631403,3672.900443,0.389,,52.796,1.970933041
CIV,Côte d'Ivoire,1991,5.452453121,3488.495444,0.39,,52.621,2.059818256
CIV,Côte d'Ivoire,1992,5.55829011,3391.47763,0.392,,52.429,2.148703472
CIV,Côte d'Ivoire,1993,5.666181491,3297.132992,0.393,,52.247,2.237588688
CIV,Côte d'Ivoire,1994,5.776167139,3299.821941,0.396,,52.005,2.326473903
CIV,Côte d'Ivoire,1995,5.888287707,3413.205346,0.399,,51.713,2.415359119
CIV,Côte d'Ivoire,1996,6.002584636,3451.266549,0.403,,51.596,2.560280666
CIV,Côte d'Ivoire,1997,6.11910017,3633.593586,0.409,,51.498,2.705202213
CIV,Côte d'Ivoire,1998,6.237877375,3684.451175,0.413,,51.22,2.85012376
CIV,Côte d'Ivoire,1999,6.358960152,3551.939305,0.416,,51.273,2.995045307
CIV,Côte d'Ivoire,2000,6.487278112,3463.52294,0.419,,51.393,3.139966854
CIV,Côte d'Ivoire,2001,6.615596072,3392.277976,0.422,,51.428,3.234648932
CIV,Côte d'Ivoire,2002,6.743914032,3255.147324,0.424,,51.544,3.329331009
CIV,Côte d'Ivoire,2003,6.872231992,3158.01851,0.425,,51.443,3.424013087
CIV,Côte d'Ivoire,2004,7.000549952,3132.442306,0.43,,51.939,3.518695164
CIV,Côte d'Ivoire,2005,7.128867912,3111.609231,0.435,,52.432,3.613377242
CIV,Côte d'Ivoire,2006,7.257185872,3083.115703,0.44,,52.885,3.706127032
CIV,Côte d'Ivoire,2007,7.385503832,3065.991162,0.445,,53.452,3.798876822
CIV,Côte d'Ivoire,2008,7.513821793,3081.40758,0.452,,54.179,3.891626612
CIV,Côte d'Ivoire,2009,7.642139753,3167.362078,0.458,,54.744,3.984376402
CIV,Côte d'Ivoire,2010,7.770457713,3301.281161,0.465,,55.282,4.077126192
CIV,Côte d'Ivoire,2011,7.898775673,3070.583493,0.469,,55.972,4.227844601
CIV,Côte d'Ivoire,2012,8.027093633,3282.163515,0.478,,56.57,4.37856301
CIV,Côte d'Ivoire,2013,8.155411593,3512.707753,0.487,,57.057,4.529281419
CIV,Côte d'Ivoire,2014,8.283729553,5137.627764,0.511,,57.772,4.679999828
CIV,Côte d'Ivoire,2015,8.547829628,5347.009298,0.519,,58.281,4.707142694
CIV,Côte d'Ivoire,2016,9.07269001,5582.247993,0.53,,58.814,4.734285559
CIV,Côte d'Ivoire,2017,9.474160194,5804.94604,0.539,,59.315,4.761428424
CIV,Côte d'Ivoire,2018,9.697870255,5941.990577,0.545,,59.795,4.78857129
CIV,Côte d'Ivoire,2019,9.921580315,6182.837505,0.552,,60.274,4.815714155
CIV,Côte d'Ivoire,2020,10.10165024,6057.456505,0.553,,60.14,4.84285702
CIV,Côte d'Ivoire,2021,10.19834995,6320.312516,0.557,,60.29,4.869999886
CIV,Côte d'Ivoire,2022,10.20602036,6540.492164,0.565,,61.562,4.869999886
CIV,Côte d'Ivoire,2023,11.41112995,6735.416265,0.582,157.0,61.944,4.869999886
CMR,Cameroon,1990,8.211890221,4321.961759,0.448,,54.348,2.137363225
CMR,Cameroon,1991,8.174260139,3958.737329,0.445,,54.168,2.221133081
CMR,Cameroon,1992,8.047991395,3766.91292,0.442,,54.053,2.304902936
CMR,Cameroon,1993,7.921722651,3380.475198,0.436,,53.872,2.388672792
CMR,Cameroon,1994,7.795453906,3323.854206,0.434,,53.537,2.472442647
CMR,Cameroon,1995,7.669185162,3321.098347,0.433,,53.347,2.556212503
CMR,Cameroon,1996,7.542916417,3365.969051,0.432,,53.2,2.641214268
CMR,Cameroon,1997,7.416647673,3417.536452,0.432,,53.105,2.726216033
CMR,Cameroon,1998,7.290378928,3524.409654,0.433,,53.043,2.811217798
CMR,Cameroon,1999,7.164110184,3598.998409,0.434,,53.166,2.896219563
CMR,Cameroon,2000,7.393889904,3572.091158,0.439,,53.338,2.981221328
CMR,Cameroon,2001,8.67166996,3607.058716,0.458,,53.598,3.058831636
CMR,Cameroon,2002,8.403800011,3706.276916,0.458,,53.922,3.136441943
CMR,Cameroon,2003,8.556240082,3882.60825,0.465,,54.253,3.21405225
CMR,Cameroon,2004,8.608369827,4088.290303,0.47,,54.578,3.291662558
CMR,Cameroon,2005,8.567790031,4050.168222,0.472,,54.904,3.369272865
CMR,Cameroon,2006,8.321900368,4143.733919,0.473,,55.301,3.429636437
CMR,Cameroon,2007,9.09265995,4168.590771,0.485,,55.71,3.49000001
CMR,Cameroon,2008,9.529709816,4191.885251,0.501,,56.116,4.059999943
CMR,Cameroon,2009,10.00405025,4223.280515,0.516,,56.486,4.629999876
CMR,Cameroon,2010,10.37228012,4200.505461,0.529,,56.965,5.199999809
CMR,Cameroon,2011,10.74050999,4219.998608,0.538,,57.482,5.352463603
CMR,Cameroon,2012,11.32874012,4271.328835,0.549,,58.17,5.504927397
CMR,Cameroon,2013,11.63219023,4343.419377,0.558,,58.73,5.657391191
CMR,Cameroon,2014,11.93564034,4452.151839,0.566,,59.13,5.809854984
CMR,Cameroon,2015,12.20610046,4583.946083,0.575,,59.687,5.962318778
CMR,Cameroon,2016,12.13076019,4636.539904,0.579,,60.293,6.114782572
CMR,Cameroon,2017,11.84122219,4657.676631,0.581,,60.817,6.267246366
CMR,Cameroon,2018,11.55168419,4708.64118,0.582,,61.189,6.419710159
CMR,Cameroon,2019,11.26214619,4724.442214,0.582,,61.695,6.47855597
CMR,Cameroon,2020,10.97260818,4609.762821,0.579,,61.674,6.537401781
CMR,Cameroon,2021,10.68307018,4664.754167,0.574,,61.146,6.574180412
CMR,Cameroon,2022,10.76288033,4662.563929,0.581,,62.443,6.574180412
CMR,Cameroon,2023,10.79187965,4746.26582,0.588,155.0,63.7,6.574180412
COD,Congo (Democratic Republic of the),1990,6.191844261,2104.535149,0.388,,48.538,3.51599373
COD,Congo (Democratic Republic of the),1991,6.262680053,1865.357556,0.389,,48.944,3.72539069
COD,Congo (Democratic Republic of the),1992,6.334326219,1608.663139,0.387,,49.323,3.93478765
COD,Congo (Democratic Republic of the),1993,6.406792029,1381.56204,0.385,,49.621,4.14418461
COD,Congo (Democratic Republic of the),1994,6.480086862,1187.045441,0.382,,49.88,4.35358157
COD,Congo (Democratic Republic of the),1995,6.5542202,1122.086314,0.385,,50.381,4.562978529
COD,Congo (Democratic Republic of the),1996,6.630936861,1179.588385,0.386,,49.376,4.678615657
COD,Congo (Democratic Republic of the),1997,6.707653522,1090.084738,0.388,,50.461,4.794252784
COD,Congo (Democratic Republic of the),1998,6.784370184,1053.262635,0.385,,49.664,4.909889911
COD,Congo (Democratic Republic of the),1999,6.861086845,945.7694804,0.383,,50.089,5.025527038
COD,Congo (Democratic Republic of the),2000,6.937803507,919.5513503,0.391,,51.887,5.141164165
COD,Congo (Democratic Republic of the),2001,7.014520168,846.6356075,0.389,,52.205,5.200545392
COD,Congo (Democratic Republic of the),2002,7.09123683,860.3290924,0.392,,52.371,5.25992662
COD,Congo (Democratic Republic of the),2003,7.167953491,888.6278777,0.398,,52.952,5.319307847
COD,Congo (Democratic Republic of the),2004,7.244670153,916.1830147,0.403,,53.534,5.378689075
COD,Congo (Democratic Republic of the),2005,7.321386814,930.3758281,0.408,,54.001,5.438070302
COD,Congo (Democratic Republic of the),2006,7.398103476,958.8763448,0.413,,54.498,5.478699563
COD,Congo (Democratic Republic of the),2007,7.474820137,979.5181102,0.417,,54.954,5.519328824
COD,Congo (Democratic Republic of the),2008,8.197680473,980.4460485,0.426,,55.388,5.559958085
COD,Congo (Democratic Republic of the),2009,8.352589607,1001.194034,0.431,,55.798,5.600587346
COD,Congo (Democratic Republic of the),2010,8.690759659,1035.516554,0.44,,56.411,5.641216607
COD,Congo (Democratic Republic of the),2011,9.02892971,1057.410246,0.447,,56.911,5.74747775
COD,Congo (Democratic Republic of the),2012,8.892789841,1085.658682,0.451,,57.35,5.853738894
COD,Congo (Democratic Republic of the),2013,9.145159721,1090.945975,0.456,,57.795,5.960000038
COD,Congo (Democratic Republic of the),2014,9.349272326,1159.793033,0.467,,58.236,6.226666768
COD,Congo (Democratic Republic of the),2015,9.557940559,1219.766369,0.477,,58.658,6.493333499
COD,Congo (Democratic Republic of the),2016,9.7712661,1285.253326,0.487,,59.081,6.760000229
COD,Congo (Democratic Republic of the),2017,9.989352895,1271.977855,0.491,,59.495,6.903780222
COD,Congo (Democratic Republic of the),2018,10.21230721,1287.625183,0.497,,59.926,7.047560215
COD,Congo (Democratic Republic of the),2019,10.44023769,1276.43567,0.501,,60.242,7.126862507
COD,Congo (Democratic Republic of the),2020,10.67325539,1300.496028,0.506,,60.428,7.206164799
COD,Congo (Democratic Republic of the),2021,10.91147386,1309.354157,0.508,,60.044,7.378561086
COD,Congo (Democratic Republic of the),2022,10.91147386,1340.836155,0.514,,60.979,7.378561086
COD,Congo (Democratic Republic of the),2023,10.91147386,1431.047931,0.522,171.0,61.895,7.378561086
COG,Congo,1990,11.11108971,7640.241681,0.573,,57.07,5.860829425
COG,Congo,1991,10.84885025,7695.97822,0.571,,56.764,6.039724902
COG,Congo,1992,10.69184017,7878.441179,0.572,,56.483,6.218620379
COG,Congo,1993,10.50271711,7209.868259,0.566,,56.041,6.397515855
COG,Congo,1994,10.31359406,6807.373523,0.561,,55.641,6.576411332
COG,Congo,1995,10.124471,5534.527907,0.551,,55.474,6.755306809
COG,Congo,1996,9.935347939,5587.442235,0.55,,55.24,6.856769915
COG,Congo,1997,9.74622488,6137.075452,0.516,,48.575,6.958233021
COG,Congo,1998,9.557101822,6758.505552,0.542,,52.551,7.059696128
COG,Congo,1999,9.367978764,5659.895849,0.544,,54.427,7.161159234
COG,Congo,2000,9.178855705,5252.295517,0.545,,55.371,7.26262234
COG,Congo,2001,8.989732647,5649.538043,0.55,,55.885,7.310683811
COG,Congo,2002,8.800609589,5781.970886,0.552,,56.414,7.358745283
COG,Congo,2003,8.589189529,5614.568777,0.553,,57.131,7.406806754
COG,Congo,2004,8.799640656,5338.501106,0.557,,57.957,7.454868225
COG,Congo,2005,9.010091782,5990.514106,0.569,,58.73,7.502929697
COG,Congo,2006,9.220542908,6980.679136,0.582,,59.474,7.516280106
COG,Congo,2007,9.430994034,6293.996111,0.583,,60.05,7.529630514
COG,Congo,2008,9.64144516,6588.38771,0.591,,60.79,7.542980923
COG,Congo,2009,9.851896286,7644.19849,0.602,,61.215,7.556331332
COG,Congo,2010,10.06234741,7894.725706,0.609,,61.731,7.56968174
COG,Congo,2011,10.27279854,7587.391433,0.613,,62.286,7.687165337
COG,Congo,2012,10.48324966,8550.156794,0.624,,62.662,7.804648934
COG,Congo,2013,10.70739212,8596.68266,0.63,,62.969,7.92213253
COG,Congo,2014,10.93632698,9322.621347,0.639,,63.349,8.039616127
COG,Congo,2015,11.17015669,8963.589043,0.643,,63.662,8.157099724
COG,Congo,2016,11.40898591,7797.002696,0.64,,63.911,8.175790296
COG,Congo,2017,11.65292155,6574.905209,0.635,,64.203,8.194480868
COG,Congo,2018,11.90207278,6668.385344,0.64,,64.472,8.21317144
COG,Congo,2019,12.15655111,6305.48033,0.634,,63.152,8.231862013
COG,Congo,2020,12.41647044,6357.600441,0.643,,64.391,8.250552585
COG,Congo,2021,12.68194711,6074.608111,0.643,,64.192,8.322644792
COG,Congo,2022,12.68194711,5806.855269,0.644,,65.0,8.322644792
COG,Congo,2023,12.68194711,5902.599066,0.649,138.0,65.772,8.322644792
COL,Colombia,1990,9.167188807,9675.699329,0.623,,68.701,6.346991442
COL,Colombia,1991,9.698809624,9723.348952,0.63,,68.772,6.397589851
COL,Colombia,1992,10.26126003,9959.255112,0.639,,68.764,6.448591632
COL,Colombia,1993,10.41952991,10382.78202,0.645,,69.083,6.5
COL,Colombia,1994,10.52149963,10880.78888,0.65,,69.422,6.551818197
COL,Colombia,1995,10.55655956,11242.92237,0.655,,69.81,6.603636395
COL,Colombia,1996,11.07009983,11221.79214,0.663,,70.209,6.655454592
COL,Colombia,1997,11.42187977,11393.8868,0.67,,70.632,6.70727279
COL,Colombia,1998,11.77365971,11316.95362,0.676,,70.924,6.759090987
COL,Colombia,1999,11.71802044,10675.72005,0.673,,70.913,6.810909185
COL,Colombia,2000,12.15445042,10752.34235,0.679,,70.905,6.862727382
COL,Colombia,2001,12.15618515,10733.05491,0.681,,71.185,6.914545579
COL,Colombia,2002,12.15791988,10811.61328,0.684,,71.537,6.966363777
COL,Colombia,2003,12.40696001,10991.90405,0.691,,72.309,7.018181974
COL,Colombia,2004,12.65600014,11403.58827,0.699,,72.76,7.070000172
COL,Colombia,2005,13.17887974,11899.37934,0.711,,73.156,7.28000021
COL,Colombia,2006,13.52441025,12520.51669,0.712,,73.497,6.800000191
COL,Colombia,2007,13.78964996,13140.19675,0.724,,73.751,7.190000057
COL,Colombia,2008,13.99300003,13350.11046,0.731,,74.206,7.320000172
COL,Colombia,2009,14.43908978,13416.90245,0.736,,74.531,7.25
COL,Colombia,2010,14.41386032,13780.65632,0.741,,74.876,7.389999866
COL,Colombia,2011,14.50032043,14448.38853,0.747,,75.18,7.519999981
COL,Colombia,2012,14.18010044,14921.17721,0.748,,75.611,7.630000114
COL,Colombia,2013,14.7003603,15593.75358,0.76,,75.834,7.829999924
COL,Colombia,2014,14.60217953,16253.91222,0.763,,75.95,7.989999771
COL,Colombia,2015,14.64527988,16856.33958,0.767,,76.067,8.050000191
COL,Colombia,2016,14.76609039,17060.40384,0.772,,76.228,8.220000267
COL,Colombia,2017,14.73616982,16924.74898,0.774,,76.418,8.360000134
COL,Colombia,2018,14.62864017,16894.48984,0.775,,76.579,8.5
COL,Colombia,2019,14.52388,17170.04423,0.777,,76.793,8.640000343
COL,Colombia,2020,14.27917004,15910.60897,0.764,,74.757,8.859999657
COL,Colombia,2021,14.43749046,17310.30641,0.762,,72.698,9.031581597
COL,Colombia,2022,14.28641033,18321.46972,0.782,,76.508,9.031581597
COL,Colombia,2023,14.28641033,18665.94967,0.788,83.0,77.725,9.031581597
COM,Comoros,1990,7.426238172,3096.603724,0.461,,55.62,2.71568799
COM,Comoros,1991,7.47828182,2856.86077,0.461,,56.104,2.71568799
COM,Comoros,1992,7.530690193,3056.386196,0.461,,56.576,2.71568799
COM,Comoros,1993,7.583465849,3064.617255,0.461,,57.026,2.71568799
COM,Comoros,1994,7.636241504,2833.268123,0.461,,57.458,2.71568799
COM,Comoros,1995,7.68901716,2876.414955,0.461,,57.83,2.71568799
COM,Comoros,1996,7.741792815,2774.301454,0.461,,58.151,2.71568799
COM,Comoros,1997,7.794568471,2823.895457,0.461,,58.228,2.71568799
COM,Comoros,1998,7.847344126,2794.996459,0.461,,58.301,2.71568799
COM,Comoros,1999,7.900119781,2796.282437,0.461,,58.853,2.71568799
COM,Comoros,2000,8.182189941,3041.40606,0.461,,58.941,2.71568799
COM,Comoros,2001,8.464260101,3052.713865,0.47,,59.587,2.872843325
COM,Comoros,2002,8.746330261,3049.385934,0.477,,59.723,3.02999866
COM,Comoros,2003,9.028400421,3050.89622,0.485,,60.24,3.187153995
COM,Comoros,2004,9.277261353,3047.60806,0.492,,60.557,3.34430933
COM,Comoros,2005,9.526122284,3075.756975,0.499,,60.883,3.501464665
COM,Comoros,2006,9.774983215,3096.178856,0.506,,61.229,3.65862
COM,Comoros,2007,10.02384415,3071.284715,0.512,,61.475,3.815775335
COM,Comoros,2008,10.27270508,3117.202764,0.519,,61.955,3.97293067
COM,Comoros,2009,10.52156601,3154.687455,0.526,,62.302,4.130086005
COM,Comoros,2010,10.77042694,3207.85851,0.534,,62.747,4.28724134
COM,Comoros,2011,11.01928787,3271.277594,0.541,,63.105,4.444396675
COM,Comoros,2012,11.2681488,3300.583013,0.548,,63.463,4.60155201
COM,Comoros,2013,11.51700974,3381.003951,0.556,,63.839,4.742080832
COM,Comoros,2014,11.59805012,3391.274893,0.56,,64.143,4.882609653
COM,Comoros,2015,11.82644926,3362.088285,0.565,,64.473,5.023138475
COM,Comoros,2016,12.05934623,3400.171736,0.571,,64.792,5.163667297
COM,Comoros,2017,12.29682963,3455.784538,0.577,,65.127,5.304196119
COM,Comoros,2018,12.53898975,3516.484262,0.584,,65.401,5.444724941
COM,Comoros,2019,12.78591871,3509.904377,0.589,,65.662,5.585253763
COM,Comoros,2020,13.03771042,3436.643836,0.592,,65.756,5.725782585
COM,Comoros,2021,13.29446063,3443.436863,0.594,,65.201,5.866311407
COM,Comoros,2022,13.29446063,3461.345817,0.602,,66.481,6.006840229
COM,Comoros,2023,13.29446063,3481.12144,0.603,152.0,66.777,6.006840229
CPV,Cabo Verde,1990,10.89157009,2720.635113,0.585,,63.869,5.314436678
CPV,Cabo Verde,1991,10.89157009,2683.309092,0.585,,64.066,5.314436678
CPV,Cabo Verde,1992,10.89157009,2702.50381,0.585,,64.253,5.314436678
CPV,Cabo Verde,1993,10.89157009,2833.875599,0.585,,64.458,5.314436678
CPV,Cabo Verde,1994,10.89157009,2960.848832,0.585,,64.648,5.314436678
CPV,Cabo Verde,1995,10.89157009,3108.78423,0.585,,63.691,5.314436678
CPV,Cabo Verde,1996,10.89157009,3247.275881,0.585,,65.521,5.314436678
CPV,Cabo Verde,1997,10.89157009,3442.080274,0.585,,66.082,5.314436678
CPV,Cabo Verde,1998,10.89157009,3660.236819,0.585,,66.714,5.314436678
CPV,Cabo Verde,1999,10.89157009,4014.797653,0.585,,67.409,5.314436678
CPV,Cabo Verde,2000,10.89157009,4194.201418,0.585,,68.117,5.314436678
CPV,Cabo Verde,2001,10.8199501,4508.316811,0.591,,68.707,5.349154601
CPV,Cabo Verde,2002,11.17897034,4673.932503,0.6,,69.447,5.384099328
CPV,Cabo Verde,2003,11.19349957,4916.685572,0.606,,70.006,5.419272341
CPV,Cabo Verde,2004,11.11141014,5116.402534,0.61,,70.499,5.45467513
CPV,Cabo Verde,2005,11.25413036,5369.277358,0.616,,70.936,5.490309197
CPV,Cabo Verde,2006,11.96337986,5882.285579,0.631,,71.341,5.526176052
CPV,Cabo Verde,2007,11.8509903,6531.55827,0.636,,71.487,5.562277217
CPV,Cabo Verde,2008,12.01655006,6880.538298,0.643,,71.888,5.598614223
CPV,Cabo Verde,2009,12.06690979,6710.051704,0.644,,72.142,5.635188609
CPV,Cabo Verde,2010,12.31021023,6645.190727,0.648,,72.507,5.672001926
CPV,Cabo Verde,2011,12.47877026,6856.892985,0.654,,72.913,5.709055736
CPV,Cabo Verde,2012,12.40867043,6827.180008,0.655,,73.315,5.74635161
CPV,Cabo Verde,2013,12.74475002,6840.844864,0.66,,73.481,5.783891128
CPV,Cabo Verde,2014,12.62335968,6715.772308,0.659,,73.788,5.821430647
CPV,Cabo Verde,2015,12.34346008,6782.729604,0.658,,74.096,5.860000134
CPV,Cabo Verde,2016,12.26861,7000.818168,0.661,,74.35,5.896509684
CPV,Cabo Verde,2017,12.11571026,7248.560283,0.663,,74.71,5.934049202
CPV,Cabo Verde,2018,11.8648901,7504.091349,0.663,,74.84,5.986045818
CPV,Cabo Verde,2019,11.69658292,7963.250171,0.667,,75.449,6.038042434
CPV,Cabo Verde,2020,11.53066323,6230.215833,0.647,,73.818,6.09003905
CPV,Cabo Verde,2021,11.36709717,6660.352016,0.651,,74.424,6.09003905
CPV,Cabo Verde,2022,11.36709717,7769.236894,0.664,,75.907,6.09003905
CPV,Cabo Verde,2023,11.36709717,8165.379172,0.668,135.0,76.059,6.09003905
CRI,Costa Rica,1990,9.739709854,11946.28114,0.677,,76.094,6.808398879
CRI,Costa Rica,1991,9.978110313,12027.1428,0.682,,76.237,6.899582793
CRI,Costa Rica,1992,10.24223995,12925.8355,0.691,,76.385,6.990766706
CRI,Costa Rica,1993,10.39446497,13681.30074,0.696,,76.315,7.08195062
CRI,Costa Rica,1994,10.54668999,14182.5811,0.701,,76.329,7.173134533
CRI,Costa Rica,1995,10.698915,14366.8617,0.706,,76.44,7.264318447
CRI,Costa Rica,1996,10.85114002,13920.79253,0.707,,76.428,7.323081413
CRI,Costa Rica,1997,11.00336504,14436.87948,0.712,,76.603,7.38184438
CRI,Costa Rica,1998,11.15559006,13999.6535,0.714,,76.869,7.440607346
CRI,Costa Rica,1999,11.30781507,13780.60401,0.717,,77.058,7.499370313
CRI,Costa Rica,2000,11.46004009,13741.86781,0.72,,77.317,7.558133279
CRI,Costa Rica,2001,11.61226511,13947.74525,0.726,,77.609,7.65742243
CRI,Costa Rica,2002,11.76449013,14059.84132,0.73,,77.939,7.75671158
CRI,Costa Rica,2003,11.91671515,14398.99467,0.736,,78.214,7.85600073
CRI,Costa Rica,2004,12.06894016,14714.04525,0.741,,78.512,7.955289881
CRI,Costa Rica,2005,12.34011868,15015.19139,0.748,,78.877,8.054579031
CRI,Costa Rica,2006,12.6112972,15875.74079,0.755,,79.049,8.03228963
CRI,Costa Rica,2007,12.88247572,16776.4655,0.76,,79.098,8.010000229
CRI,Costa Rica,2008,13.15365423,17122.90251,0.769,,79.18,8.289999962
CRI,Costa Rica,2009,13.42483275,17024.81739,0.773,,79.372,8.359999657
CRI,Costa Rica,2010,13.69601127,17835.95203,0.776,,79.354,8.229999542
CRI,Costa Rica,2011,13.96718979,18252.22388,0.783,,79.624,8.350000381
CRI,Costa Rica,2012,14.13411999,19039.29448,0.789,,79.925,8.409999847
CRI,Costa Rica,2013,14.33946991,19191.28975,0.795,,80.189,8.579999924
CRI,Costa Rica,2014,14.63490963,19649.13447,0.802,,80.231,8.75
CRI,Costa Rica,2015,14.69305038,20472.31846,0.803,,80.407,8.579999924
CRI,Costa Rica,2016,14.81766033,21317.61522,0.805,,79.988,8.56000042
CRI,Costa Rica,2017,15.06278992,21685.68678,0.809,,79.994,8.640000343
CRI,Costa Rica,2018,15.22842026,21898.10504,0.813,,80.09,8.720000267
CRI,Costa Rica,2019,15.8384304,22149.99402,0.821,,80.296,8.760000229
CRI,Costa Rica,2020,16.09200378,21172.10969,0.819,,79.725,8.800000191
CRI,Costa Rica,2021,16.34963687,22149.38818,0.817,,78.05,8.844752499
CRI,Costa Rica,2022,16.34963687,22327.96544,0.823,,79.316,8.844752499
CRI,Costa Rica,2023,16.34963687,23417.21315,0.833,62.0,80.799,8.844752499
CUB,Cuba,1990,12.60223961,5591.655857,0.687,,73.823,8.793096581
CUB,Cuba,1991,12.52694988,4967.147291,0.681,,73.757,8.940784249
CUB,Cuba,1992,12.36981964,4381.767618,0.674,,73.846,9.088471918
CUB,Cuba,1993,12.27513027,3708.152269,0.665,,73.874,9.236159587
CUB,Cuba,1994,11.70328045,3717.78311,0.662,,74.092,9.383847255
CUB,Cuba,1995,11.52468967,3770.623495,0.664,,74.346,9.531534924
CUB,Cuba,1996,11.97091961,4063.19613,0.675,,74.69,9.624691761
CUB,Cuba,1997,11.95853043,4165.252413,0.679,,75.064,9.717848598
CUB,Cuba,1998,12.09601498,4164.695913,0.683,,75.412,9.811005436
CUB,Cuba,1999,12.23349953,4404.37807,0.69,,75.719,9.904162273
CUB,Cuba,2000,12.44509983,4638.885754,0.697,,75.922,9.99731911
CUB,Cuba,2001,12.71877003,4793.522105,0.705,,76.429,10.08365959
CUB,Cuba,2002,13.05060005,4851.106465,0.711,,76.766,10.17000008
CUB,Cuba,2003,13.4489603,5018.23266,0.721,,77.405,10.30300007
CUB,Cuba,2004,14.38751984,5286.39297,0.734,,77.326,10.43600006
CUB,Cuba,2005,14.8090601,5878.996373,0.747,,77.54,10.56900005
CUB,Cuba,2006,16.06064034,6599.919844,0.766,,77.406,10.70200005
CUB,Cuba,2007,17.0396595,7040.286698,0.78,,77.55,10.83500004
CUB,Cuba,2008,17.52378082,7320.014195,0.788,,77.589,10.96800003
CUB,Cuba,2009,17.29636002,7355.437966,0.788,,77.584,11.10100002
CUB,Cuba,2010,16.27037048,7561.987243,0.783,,77.876,11.23400002
CUB,Cuba,2011,15.49761963,7825.385255,0.781,,78.051,11.36700001
CUB,Cuba,2012,14.61526966,8075.057215,0.777,,78.162,11.5
CUB,Cuba,2013,13.98764038,8314.51387,0.771,,78.028,11.38051714
CUB,Cuba,2014,14.04951,8401.333165,0.77,,77.825,11.26103428
CUB,Cuba,2015,13.85789013,8784.536583,0.769,,77.745,11.14155143
CUB,Cuba,2016,13.86410999,8826.242338,0.767,,77.571,11.02206857
CUB,Cuba,2017,14.06610012,9000.782683,0.767,,77.3,10.90258571
CUB,Cuba,2018,14.20104027,9213.01185,0.769,,77.426,10.78310285
CUB,Cuba,2019,14.3487196,9182.601923,0.769,,77.413,10.66362
CUB,Cuba,2020,14.42603016,8210.333304,0.762,,77.407,10.54799566
CUB,Cuba,2021,14.46930027,8353.8,0.745,,73.201,10.63148903
CUB,Cuba,2022,14.17407036,8549.996826,0.764,,77.629,10.63148903
CUB,Cuba,2023,13.87884045,8415.411708,0.762,97.0,78.085,10.63148903
CYP,Cyprus,1990,10.67582622,28036.71875,0.749,,76.044,8.293974129
CYP,Cyprus,1991,10.83719334,27540.69336,0.754,,76.246,8.450509712
CYP,Cyprus,1992,11.00099957,29301.44531,0.761,,76.291,8.609999657
CYP,Cyprus,1993,11.16728175,28837.44531,0.764,,76.294,8.77249972
CYP,Cyprus,1994,11.33607732,29878.34766,0.771,,76.383,8.934999784
CYP,Cyprus,1995,11.50742427,30413.33984,0.777,,76.583,9.097499847
CYP,Cyprus,1996,11.68136116,30375.07227,0.782,,76.88,9.259999911
CYP,Cyprus,1997,11.85792714,30536.63281,0.788,,77.119,9.422499975
CYP,Cyprus,1998,12.03716194,34855.17188,0.798,,77.164,9.585000038
CYP,Cyprus,1999,12.21910592,33120.9375,0.802,,77.572,9.747500102
CYP,Cyprus,2000,12.40380001,33675.17578,0.808,,77.9,9.910000165
CYP,Cyprus,2001,12.50660992,35145.8125,0.815,,78.185,10.07250023
CYP,Cyprus,2002,12.97183037,36848.33203,0.827,,78.758,10.23500029
CYP,Cyprus,2003,13.34300041,37753.20313,0.835,,78.908,10.39750036
CYP,Cyprus,2004,13.46362972,38465.3125,0.84,,79.007,10.56000042
CYP,Cyprus,2005,13.36178017,39974.48047,0.844,,79.198,10.72000027
CYP,Cyprus,2006,13.39218998,41030.73047,0.85,,79.456,10.97000027
CYP,Cyprus,2007,13.44102955,41814.23438,0.855,,79.798,11.18999958
CYP,Cyprus,2008,13.6665802,44434.24609,0.862,,79.906,11.27999973
CYP,Cyprus,2009,14.02830029,42971.32031,0.867,,80.375,11.26000023
CYP,Cyprus,2010,13.99242973,42324.37891,0.869,,80.632,11.43999958
CYP,Cyprus,2011,13.94190979,43127.61719,0.872,,80.855,11.57999992
CYP,Cyprus,2012,13.95650005,39690.44531,0.872,,81.128,11.81000042
CYP,Cyprus,2013,14.1801796,36933.33984,0.873,,81.317,11.88000011
CYP,Cyprus,2014,14.46158028,36153.31641,0.875,,81.337,11.88000011
CYP,Cyprus,2015,14.82831001,38391.30078,0.882,,81.464,11.86999989
CYP,Cyprus,2016,15.03357983,39348.9375,0.888,,81.534,12.09000015
CYP,Cyprus,2017,15.50938988,41626.70703,0.897,,81.543,12.18499994
CYP,Cyprus,2018,15.6956501,43168.12109,0.902,,81.556,12.27999973
CYP,Cyprus,2019,16.0143795,44112.51563,0.907,,81.454,12.35999966
CYP,Cyprus,2020,16.22817039,41443.70313,0.905,,81.23,12.43999958
CYP,Cyprus,2021,16.24308968,44214.28516,0.907,,80.573,12.5573721
CYP,Cyprus,2022,16.21559906,46470.25,0.908,,80.434,12.5573721
CYP,Cyprus,2023,16.21559906,45394.15625,0.913,32.0,81.648,12.5573721
CZE,Czechia,1990,12.10068035,26566.3673,0.753,,71.409,9.105088587
CZE,Czechia,1991,12.02169037,23475.14358,0.751,,71.97,9.289999962
CZE,Czechia,1992,11.74785995,23338.06335,0.752,,72.33,9.478666623
CZE,Czechia,1993,11.96282959,23499.59501,0.76,,72.853,9.667333285
CZE,Czechia,1994,12.55356979,24179.13856,0.771,,73.082,9.855999947
CZE,Czechia,1995,12.94954014,25486.38669,0.781,,73.177,10.04466661
CZE,Czechia,1996,13.34667969,26926.0514,0.793,,73.834,10.23333327
CZE,Czechia,1997,13.49812984,26897.68212,0.797,,73.946,10.42199993
CZE,Czechia,1998,13.32468033,27483.56831,0.802,,74.553,10.61066659
CZE,Czechia,1999,13.39109993,27741.20501,0.806,,74.741,10.79933325
CZE,Czechia,2000,14.02147961,28476.66797,0.817,,74.978,10.98799992
CZE,Czechia,2001,14.46613979,29656.09153,0.828,,75.314,11.17666658
CZE,Czechia,2002,14.8226099,30519.66241,0.835,,75.442,11.36533324
CZE,Czechia,2003,15.16322994,31750.59548,0.842,,75.396,11.5539999
CZE,Czechia,2004,14.99580002,33000.35801,0.848,,75.942,11.74266656
CZE,Czechia,2005,15.25259018,34678.94592,0.856,,76.156,11.93133322
CZE,Czechia,2006,15.38356018,35806.84691,0.864,,76.708,12.11999989
CZE,Czechia,2007,15.63811016,37743.27834,0.87,,76.919,12.14000034
CZE,Czechia,2008,15.67990017,38209.23027,0.873,,77.172,12.18999958
CZE,Czechia,2009,15.9990797,36303.4554,0.875,,77.258,12.28999996
CZE,Czechia,2010,16.21603012,36382.92471,0.88,,77.568,12.39000034
CZE,Czechia,2011,16.36347008,36331.8519,0.883,,77.814,12.47000027
CZE,Czechia,2012,16.35502052,36514.75257,0.885,,77.998,12.52000046
CZE,Czechia,2013,16.85703087,36816.76713,0.892,,78.169,12.60000038
CZE,Czechia,2014,16.96136093,37873.9134,0.898,,78.744,12.64000034
CZE,Czechia,2015,16.95470047,39904.47411,0.9,,78.561,12.67000008
CZE,Czechia,2016,16.78609085,41100.35722,0.902,,78.974,12.73999977
CZE,Czechia,2017,16.67814064,43188.11191,0.904,,78.926,12.78999996
CZE,Czechia,2018,16.12398911,44425.85799,0.901,,78.961,12.82999992
CZE,Czechia,2019,16.10343933,45413.83065,0.903,,79.185,12.86999989
CZE,Czechia,2020,16.1389904,43664.95697,0.898,,78.237,12.91650699
CZE,Czechia,2021,16.64669991,46442.06739,0.901,,77.234,12.96318214
CZE,Czechia,2022,16.7935009,45265.10984,0.911,,79.165,12.96318214
CZE,Czechia,2023,16.7935009,45889.01401,0.915,29.0,79.834,12.96318214
DEU,Germany,1990,14.37678802,42722.19113,0.834,,75.341,10.3635898
DEU,Germany,1991,14.56478977,44027.86901,0.841,,75.56,10.57393404
DEU,Germany,1992,14.75524998,45003.28462,0.849,,76.004,10.78427828
DEU,Germany,1993,15.47786045,44452.3568,0.859,,76.08,10.99462252
DEU,Germany,1994,15.64466953,45264.05789,0.865,,76.38,11.20496676
DEU,Germany,1995,15.75277996,46054.09794,0.87,,76.552,11.415311
DEU,Germany,1996,15.86441994,46322.96785,0.875,,76.783,11.61620156
DEU,Germany,1997,15.94838047,46806.62108,0.881,,77.218,11.81709213
DEU,Germany,1998,16.02003354,47806.1156,0.887,,77.576,12.0179827
DEU,Germany,1999,16.09168661,48700.86793,0.892,,77.798,12.21887326
DEU,Germany,2000,16.16333967,49503.53537,0.897,,78.056,12.41976383
DEU,Germany,2001,16.23499274,50179.48342,0.904,,78.402,12.76482292
DEU,Germany,2002,16.30664581,50067.23888,0.909,,78.475,13.10988201
DEU,Germany,2003,16.37829888,49959.08768,0.914,,78.536,13.4549411
DEU,Germany,2004,16.44995195,51376.70541,0.923,,79.119,13.80000019
DEU,Germany,2005,16.52160501,51604.07818,0.923,,79.254,13.69999981
DEU,Germany,2006,16.59325808,53766.43368,0.927,,79.586,13.60000038
DEU,Germany,2007,16.66491115,55376.29494,0.931,,79.731,13.68000031
DEU,Germany,2008,16.73656422,55364.05872,0.933,,79.816,13.76000023
DEU,Germany,2009,16.80821729,53760.38544,0.933,,79.915,13.82999992
DEU,Germany,2010,16.87987036,55528.0065,0.936,,80.081,13.85000038
DEU,Germany,2011,16.95152342,58510.04647,0.942,,80.355,13.93000031
DEU,Germany,2012,17.02317649,58528.12568,0.944,,80.502,13.97999954
DEU,Germany,2013,17.09482956,58751.16508,0.945,,80.454,14.01000023
DEU,Germany,2014,17.11840057,59865.51686,0.949,,80.906,14.03999996
DEU,Germany,2015,17.11218071,60953.50486,0.948,,80.566,14.07999992
DEU,Germany,2016,16.87516975,62295.39618,0.949,,80.837,14.13000011
DEU,Germany,2017,16.98994064,63446.88944,0.951,,80.937,14.10500002
DEU,Germany,2018,17.04191971,64234.63842,0.952,,80.875,14.07999992
DEU,Germany,2019,17.22438049,65152.98707,0.957,,81.189,14.17000008
DEU,Germany,2020,17.22598076,62477.82324,0.955,,81.004,14.26000023
DEU,Germany,2021,17.34334946,64325.58111,0.958,,81.106,14.29637163
DEU,Germany,2022,17.30921936,63618.54669,0.955,,80.58,14.29637163
DEU,Germany,2023,17.30921936,64053.22124,0.959,5.0,81.378,14.29637163
DJI,Djibouti,1990,2.456440572,2526.199297,0.318,,55.469,1.158040705
DJI,Djibouti,1991,2.534702912,2259.267706,0.318,,55.194,1.158040705
DJI,Djibouti,1992,2.615458696,2383.043395,0.318,,54.375,1.158040705
DJI,Djibouti,1993,2.698787363,2562.695633,0.318,,55.734,1.158040705
DJI,Djibouti,1994,2.784770886,2412.884496,0.318,,55.592,1.158040705
DJI,Djibouti,1995,2.87349385,2533.17691,0.318,,56.234,1.158040705
DJI,Djibouti,1996,2.965043532,2339.797354,0.32,,56.33,1.220537887
DJI,Djibouti,1997,3.059509993,2361.273178,0.324,,56.207,1.28640792
DJI,Djibouti,1998,3.152662516,2264.248847,0.327,,56.426,1.355832829
DJI,Djibouti,1999,3.245815039,2311.881242,0.333,,56.564,1.429004464
DJI,Djibouti,2000,3.338967562,2276.499138,0.337,,56.734,1.506125028
DJI,Djibouti,2001,3.432120085,2238.098674,0.342,,57.506,1.587407638
DJI,Djibouti,2002,3.578700066,2256.687371,0.349,,57.824,1.673076911
DJI,Djibouti,2003,3.835530043,2410.089943,0.36,,58.041,1.763369586
DJI,Djibouti,2004,4.09236002,2488.350294,0.368,,58.103,1.85853518
DJI,Djibouti,2005,4.217241898,2530.416748,0.375,,58.548,1.958836673
DJI,Djibouti,2006,4.342123777,2795.117706,0.385,,58.962,2.064551241
DJI,Djibouti,2007,4.467005655,2870.512497,0.392,,59.362,2.175971017
DJI,Djibouti,2008,4.591887534,2951.142172,0.4,,59.815,2.2934039
DJI,Djibouti,2009,4.716769412,3290.480148,0.411,,60.351,2.417174404
DJI,Djibouti,2010,4.841651291,3601.08325,0.421,,60.743,2.54762456
DJI,Djibouti,2011,4.966533169,3982.445593,0.432,,61.337,2.685114854
DJI,Djibouti,2012,5.091415048,4419.023765,0.442,,61.719,2.830025229
DJI,Djibouti,2013,5.216296926,4525.981792,0.45,,62.116,2.982756133
DJI,Djibouti,2014,5.341178805,4843.944267,0.459,,62.427,3.143729623
DJI,Djibouti,2015,5.466060683,5166.762851,0.469,,62.833,3.304703114
DJI,Djibouti,2016,5.590942562,5350.849042,0.477,,63.335,3.465676604
DJI,Djibouti,2017,5.71582444,5457.391652,0.484,,63.71,3.626650095
DJI,Djibouti,2018,5.840706319,5604.714773,0.492,,64.105,3.787623586
DJI,Djibouti,2019,5.965588197,5685.28514,0.497,,64.381,3.8418874
DJI,Djibouti,2020,6.090470076,5671.201192,0.499,,64.2,3.896151215
DJI,Djibouti,2021,6.129430056,5927.161958,0.501,,63.83,3.95041503
DJI,Djibouti,2022,6.168390036,6278.702232,0.51,,65.54,3.95041503
DJI,Djibouti,2023,6.207350016,6367.606026,0.513,175.0,65.987,3.95041503
DMA,Dominica,1990,14.92225705,10302.17215,0.721,,70.471,7.636415183
DMA,Dominica,1991,14.92225705,10192.55547,0.721,,70.398,7.636415183
DMA,Dominica,1992,14.92225705,10354.55111,0.721,,70.473,7.636415183
DMA,Dominica,1993,14.92225705,10506.24086,0.721,,70.612,7.636415183
DMA,Dominica,1994,14.92225705,9821.839885,0.721,,70.777,7.636415183
DMA,Dominica,1995,14.92225705,9954.467794,0.721,,70.832,7.636415183
DMA,Dominica,1996,14.92225705,10119.53549,0.721,,71.039,7.636415183
DMA,Dominica,1997,14.92225705,10482.71423,0.721,,71.195,7.636415183
DMA,Dominica,1998,14.92225705,10971.89251,0.721,,71.352,7.636415183
DMA,Dominica,1999,14.92225705,10647.60111,0.721,,71.527,7.636415183
DMA,Dominica,2000,14.92225705,10587.60925,0.721,,71.715,7.636415183
DMA,Dominica,2001,14.85053286,11146.18845,0.725,,71.862,7.75
DMA,Dominica,2002,14.77915341,10701.26422,0.724,,71.927,7.868754482
DMA,Dominica,2003,14.70811705,11417.66097,0.728,,71.942,7.987508965
DMA,Dominica,2004,14.63742213,11591.64424,0.73,,71.987,8.106263447
DMA,Dominica,2005,14.56706701,11796.96017,0.732,,72.016,8.225017929
DMA,Dominica,2006,14.49705005,12884.55437,0.737,,72.007,8.343772411
DMA,Dominica,2007,14.46536759,13579.66668,0.74,,71.901,8.462526894
DMA,Dominica,2008,14.43368512,14644.92844,0.745,,71.945,8.581281376
DMA,Dominica,2009,14.40200266,14653.81494,0.746,,71.835,8.700035858
DMA,Dominica,2010,14.3703202,14886.95451,0.747,,71.68,8.81879034
DMA,Dominica,2011,14.15099967,14781.71288,0.745,,71.517,8.937544823
DMA,Dominica,2012,14.15099967,14631.24433,0.745,,71.391,9.056299305
DMA,Dominica,2013,14.15099967,14375.90049,0.745,,71.228,9.175053787
DMA,Dominica,2014,14.15099967,14892.10591,0.748,,71.189,9.29380827
DMA,Dominica,2015,14.15099967,14186.70554,0.741,,69.968,9.412562752
DMA,Dominica,2016,14.15099967,14896.51463,0.751,,71.189,9.531317234
DMA,Dominica,2017,14.15099967,13573.77313,0.735,,68.62,9.650071716
DMA,Dominica,2018,14.15099967,15191.17304,0.755,,71.378,9.768826199
DMA,Dominica,2019,14.15099967,15791.94052,0.758,,71.305,9.887580681
DMA,Dominica,2020,14.15099967,13786.4879,0.753,,71.269,10.00633516
DMA,Dominica,2021,14.15099967,14485.41423,0.749,,69.832,10.12508965
DMA,Dominica,2022,14.15099967,15467.52042,0.759,,71.081,10.12508965
DMA,Dominica,2023,14.15099967,16001.12551,0.761,98.0,71.132,10.12508965
DNK,Denmark,1990,14.31334019,42092.82088,0.844,,74.865,11.48003458
DNK,Denmark,1991,14.47774982,42357.93531,0.848,,75.227,11.5
DNK,Denmark,1992,14.52451038,43610.46527,0.85,,75.269,11.52000014
DNK,Denmark,1993,14.79776001,43649.45829,0.853,,75.189,11.54000028
DNK,Denmark,1994,15.0534296,45814.83411,0.859,,75.441,11.56000042
DNK,Denmark,1995,15.18115044,47247.56902,0.862,,75.287,11.64999962
DNK,Denmark,1996,15.40884972,48471.62616,0.87,,75.664,11.8149997
DNK,Denmark,1997,15.57523966,49954.48736,0.876,,76.041,11.97999978
DNK,Denmark,1998,15.7416296,50958.22673,0.883,,76.436,12.14499986
DNK,Denmark,1999,16.43011093,52362.83744,0.894,,76.578,12.30999994
DNK,Denmark,2000,16.20286942,53790.0911,0.896,,76.815,12.47500002
DNK,Denmark,2001,16.54718018,54422.71049,0.902,,76.974,12.6400001
DNK,Denmark,2002,16.20438957,54751.45576,0.902,,77.099,12.80500019
DNK,Denmark,2003,16.36174965,55080.64555,0.907,,77.401,12.97000027
DNK,Denmark,2004,16.51910973,57176.90848,0.912,,77.785,12.92000008
DNK,Denmark,2005,16.77968979,59304.80879,0.917,,78.226,12.82999992
DNK,Denmark,2006,16.64613914,61485.53647,0.917,,78.223,12.73999977
DNK,Denmark,2007,16.80562973,61148.9929,0.918,,78.349,12.64999962
DNK,Denmark,2008,16.71553993,61439.57255,0.922,,78.714,12.88000011
DNK,Denmark,2009,16.71541023,57854.47638,0.915,,78.957,12.47000027
DNK,Denmark,2010,16.89028931,59933.03324,0.92,,79.247,12.43000031
DNK,Denmark,2011,18.35436058,60216.96222,0.934,,79.786,12.47000027
DNK,Denmark,2012,18.6772995,60405.4484,0.938,,80.082,12.69999981
DNK,Denmark,2013,19.17308044,61569.19217,0.941,,80.306,12.75
DNK,Denmark,2014,19.2089901,62951.49558,0.939,,80.632,12.39000034
DNK,Denmark,2015,19.2968998,63758.46524,0.943,,80.739,12.64000034
DNK,Denmark,2016,19.0395298,64668.87161,0.951,,80.881,13.15999985
DNK,Denmark,2017,18.82432938,65947.7622,0.951,,81.112,13.00999975
DNK,Denmark,2018,18.72179985,67091.10263,0.95,,80.991,12.85999966
DNK,Denmark,2019,18.62013054,67926.47865,0.953,,81.434,12.90999985
DNK,Denmark,2020,18.64031982,67365.66682,0.954,,81.546,12.96000004
DNK,Denmark,2021,18.77403069,72638.24111,0.958,,81.436,13.0273206
DNK,Denmark,2022,18.70401001,74965.94218,0.959,,81.291,13.0273206
DNK,Denmark,2023,18.70401001,76007.85669,0.962,4.0,81.933,13.0273206
DOM,Dominican Republic,1990,9.292522645,6962.550509,0.589,,67.746,5.266333294
DOM,Dominican Republic,1991,9.461770381,6919.936112,0.594,,68.154,5.397479337
DOM,Dominican Republic,1992,9.634100681,7535.630445,0.604,,68.525,5.52862538
DOM,Dominican Republic,1993,9.809569689,7801.453144,0.611,,68.86,5.659771423
DOM,Dominican Republic,1994,9.988234572,7903.35793,0.617,,69.16,5.790917467
DOM,Dominican Republic,1995,10.17015354,8198.388801,0.624,,69.394,5.92206351
DOM,Dominican Republic,1996,10.35538585,8596.218015,0.631,,69.595,6.030668827
DOM,Dominican Republic,1997,10.54399186,9197.754516,0.639,,69.809,6.139274144
DOM,Dominican Republic,1998,10.73603301,9635.914653,0.645,,69.875,6.247879461
DOM,Dominican Republic,1999,10.93157187,10024.40797,0.652,,70.178,6.356484778
DOM,Dominican Republic,2000,11.13067214,10353.18406,0.658,,70.365,6.465090095
DOM,Dominican Republic,2001,11.34091778,10448.34057,0.663,,70.553,6.542958058
DOM,Dominican Republic,2002,11.55116341,10767.65965,0.668,,70.719,6.620826021
DOM,Dominican Republic,2003,11.76140905,10216.29671,0.67,,70.856,6.698693984
DOM,Dominican Republic,2004,11.97165468,10150.52545,0.673,,70.73,6.776561947
DOM,Dominican Republic,2005,12.18190032,11325.45198,0.683,,71.043,6.85442991
DOM,Dominican Republic,2006,12.39214595,12264.65658,0.691,,71.054,7.012214993
DOM,Dominican Republic,2007,12.60239159,13001.00866,0.698,,71.097,7.170000076
DOM,Dominican Republic,2008,12.81263723,13444.36463,0.704,,71.331,7.193333308
DOM,Dominican Republic,2009,13.02288286,13390.44647,0.707,,71.587,7.21666654
DOM,Dominican Republic,2010,13.2331285,14320.52957,0.715,,72.039,7.239999771
DOM,Dominican Republic,2011,13.44337413,14541.6496,0.721,,72.496,7.329999924
DOM,Dominican Republic,2012,13.65361977,14735.18344,0.727,,72.817,7.429999828
DOM,Dominican Republic,2013,13.71591997,15141.73889,0.731,,73.038,7.519999981
DOM,Dominican Republic,2014,13.77822018,15996.43685,0.737,,73.145,7.650000095
DOM,Dominican Republic,2015,14.4622097,17005.64559,0.747,,72.982,7.71999979
DOM,Dominican Republic,2016,14.5313797,17886.71658,0.766,,72.889,9.039999962
DOM,Dominican Republic,2017,14.66534996,18432.45325,0.77,,73.37,8.981826782
DOM,Dominican Republic,2018,14.57125982,19597.95465,0.773,,73.555,8.923653603
DOM,Dominican Republic,2019,14.47716967,20306.19666,0.771,,73.112,8.865480423
DOM,Dominican Republic,2020,14.38307953,18728.54581,0.767,,72.636,9.150423935
DOM,Dominican Republic,2021,13.4372797,20827.52562,0.762,,71.757,9.444525756
DOM,Dominican Republic,2022,13.61692047,21878.21011,0.778,,74.211,9.444525756
DOM,Dominican Republic,2023,13.61692047,22023.51059,0.776,89.0,73.72,9.444525756
DZA,Algeria,1990,9.797889709,11297.32428,0.595,,67.658,3.91709246
DZA,Algeria,1991,9.823940277,10715.84768,0.596,,67.692,4.100199149
DZA,Algeria,1992,9.909230232,10793.85063,0.601,,67.725,4.283305838
DZA,Algeria,1993,9.915590286,10433.93651,0.603,,67.797,4.466412527
DZA,Algeria,1994,9.986069679,10069.73813,0.603,,67.284,4.649519216
DZA,Algeria,1995,9.958029747,10168.71597,0.608,,67.691,4.832625905
DZA,Algeria,1996,10.12388992,10389.71561,0.615,,68.219,4.98791892
DZA,Algeria,1997,10.41034667,10406.58167,0.624,,68.859,5.143211934
DZA,Algeria,1998,10.69680341,10820.01421,0.634,,69.327,5.298504949
DZA,Algeria,1999,10.98326015,10962.55706,0.643,,70.088,5.453797964
DZA,Algeria,2000,11.22196007,11116.29797,0.651,,70.576,5.609090978
DZA,Algeria,2001,11.46065998,11523.30014,0.659,,71.025,5.683260777
DZA,Algeria,2002,11.86806965,11895.04669,0.669,,71.644,5.757430575
DZA,Algeria,2003,12.13883018,12508.35875,0.677,,71.906,5.831600373
DZA,Algeria,2004,12.47397995,12811.30869,0.685,,72.536,5.905770171
DZA,Algeria,2005,12.72078991,13215.84242,0.692,,72.836,5.979939969
DZA,Algeria,2006,12.81142044,13470.01404,0.698,,73.116,6.170000076
DZA,Algeria,2007,12.98950005,14026.57177,0.704,,73.346,6.230000019
DZA,Algeria,2008,13.43463516,14208.60617,0.711,,73.618,6.289999962
DZA,Algeria,2009,13.87977028,14125.03975,0.714,,73.871,6.053333282
DZA,Algeria,2010,14.23808002,14631.28454,0.718,,74.144,5.816666603
DZA,Algeria,2011,14.46667957,14667.53076,0.718,,74.383,5.579999924
DZA,Algeria,2012,14.55951595,14699.57241,0.723,,74.609,5.760033667
DZA,Algeria,2013,14.65235233,14678.74998,0.727,,74.809,5.94006741
DZA,Algeria,2014,14.74518871,14946.76066,0.732,,74.992,6.120101154
DZA,Algeria,2015,14.83802509,15117.00013,0.737,,75.159,6.300134897
DZA,Algeria,2016,14.93086147,15618.63036,0.743,,75.31,6.480168641
DZA,Algeria,2017,15.02369785,15465.5214,0.746,,75.431,6.660202384
DZA,Algeria,2018,15.11653423,15227.34173,0.749,,75.555,6.840236127
DZA,Algeria,2019,15.20937061,15105.29068,0.753,,75.682,7.020269871
DZA,Algeria,2020,15.30220699,14166.8216,0.742,,73.257,7.215610724
DZA,Algeria,2021,15.39504337,14403.61277,0.755,,75.208,7.416386987
DZA,Algeria,2022,15.48787975,14581.90288,0.761,,76.129,7.416386987
DZA,Algeria,2023,15.4951601,15114.17175,0.763,96.0,76.261,7.416386987
ECU,Ecuador,1990,11.40330029,8236.324316,0.646,,68.445,6.75
ECU,Ecuador,1991,11.24228001,8552.51981,0.649,,69.04,6.807058811
ECU,Ecuador,1992,11.40191142,8698.449483,0.654,,69.468,6.864117622
ECU,Ecuador,1993,11.56154283,8812.232555,0.66,,70.07,6.921176434
ECU,Ecuador,1994,11.72117424,9056.9825,0.667,,70.876,6.978235245
ECU,Ecuador,1995,11.88080565,9129.108932,0.672,,71.349,7.035294056
ECU,Ecuador,1996,12.04043706,9083.668329,0.677,,71.82,7.092352867
ECU,Ecuador,1997,12.20006847,9353.251235,0.682,,72.007,7.149411678
ECU,Ecuador,1998,12.35969989,9441.529946,0.684,,71.949,7.20647049
ECU,Ecuador,1999,12.5193313,8581.44423,0.682,,71.92,7.263529301
ECU,Ecuador,2000,12.67896271,8323.214278,0.683,,72.09,7.320588112
ECU,Ecuador,2001,12.83859412,8886.14067,0.691,,72.571,7.377646923
ECU,Ecuador,2002,12.99822553,9274.740836,0.698,,73.164,7.434705734
ECU,Ecuador,2003,13.15785694,9365.8322,0.703,,73.632,7.491764545
ECU,Ecuador,2004,13.31748835,9819.92638,0.709,,73.868,7.548823357
ECU,Ecuador,2005,13.47711976,10230.04875,0.714,,73.909,7.605882168
ECU,Ecuador,2006,13.63675117,10529.69535,0.718,,74.01,7.662940979
ECU,Ecuador,2007,13.79638259,10539.34321,0.722,,74.226,7.71999979
ECU,Ecuador,2008,13.956014,11221.62492,0.729,,74.709,7.730000019
ECU,Ecuador,2009,14.11564541,11199.37793,0.731,,74.901,7.739999771
ECU,Ecuador,2010,14.27527682,11527.80559,0.737,,75.188,7.849999905
ECU,Ecuador,2011,14.43490823,12289.46056,0.743,,75.179,7.909999847
ECU,Ecuador,2012,14.59453964,12818.23313,0.75,,75.486,8.100000381
ECU,Ecuador,2013,14.39853954,13540.75406,0.755,,75.832,8.289999962
ECU,Ecuador,2014,14.49008989,13890.61235,0.76,,76.141,8.359999657
ECU,Ecuador,2015,14.58164024,13673.71136,0.764,,76.222,8.699999809
ECU,Ecuador,2016,14.47027016,13395.75637,0.761,,76.094,8.68999958
ECU,Ecuador,2017,14.35890007,13899.59786,0.764,,76.22,8.770000458
ECU,Ecuador,2018,14.24752998,13722.3682,0.767,,77.248,8.78666687
ECU,Ecuador,2019,14.09998035,13459.63171,0.765,,77.286,8.803333282
ECU,Ecuador,2020,14.61038017,11975.10495,0.74,,72.004,8.819999695
ECU,Ecuador,2021,14.73102522,13242.99729,0.753,,72.746,9.109999657
ECU,Ecuador,2022,14.85167027,13896.85441,0.773,,76.577,8.970000267
ECU,Ecuador,2023,14.85167027,13986.39698,0.777,88.0,77.392,8.970000267
EGY,Egypt,1990,9.206990242,7964.07754,0.572,,62.513,5.302696833
EGY,Egypt,1991,9.250329971,8121.7886,0.578,,63.059,5.465856736
EGY,Egypt,1992,9.430852532,8279.720688,0.586,,63.585,5.629016639
EGY,Egypt,1993,9.611375093,8322.085332,0.593,,64.147,5.792176541
EGY,Egypt,1994,9.791897655,8455.203196,0.601,,64.663,5.955336444
EGY,Egypt,1995,9.972420216,8667.601687,0.609,,65.214,6.118496346
EGY,Egypt,1996,10.15294278,8916.587623,0.617,,65.733,6.329999924
EGY,Egypt,1997,10.33346534,9206.909027,0.623,,66.207,6.338999939
EGY,Egypt,1998,10.5139879,9541.544126,0.629,,66.635,6.347999954
EGY,Egypt,1999,10.69451046,9864.802772,0.634,,67.01,6.356999969
EGY,Egypt,2000,10.77771521,10268.63595,0.639,,67.332,6.365999985
EGY,Egypt,2001,10.86091995,10483.34131,0.642,,67.612,6.375
EGY,Egypt,2002,10.88712978,10406.75852,0.643,,67.846,6.384000015
EGY,Egypt,2003,10.73254967,10490.74976,0.643,,68.045,6.393000031
EGY,Egypt,2004,10.78256035,10686.36141,0.645,,68.211,6.402000046
EGY,Egypt,2005,10.83143012,10942.63268,0.648,,68.355,6.411000061
EGY,Egypt,2006,10.88029989,11557.92313,0.651,,68.493,6.420000076
EGY,Egypt,2007,10.92916965,12187.59874,0.658,,68.627,6.659090996
EGY,Egypt,2008,11.00654984,12796.83578,0.665,,68.761,6.898181915
EGY,Egypt,2009,11.08393002,13035.85152,0.671,,68.915,7.137272835
EGY,Egypt,2010,11.19958019,13155.33153,0.677,,69.078,7.376363754
EGY,Egypt,2011,11.21022987,13008.11659,0.68,,69.232,7.615454674
EGY,Egypt,2012,11.57713032,13032.92424,0.689,,69.464,7.854545593
EGY,Egypt,2013,11.80953979,12976.90543,0.695,,69.632,8.093636513
EGY,Egypt,2014,11.73950958,13074.59557,0.699,,69.911,8.332727432
EGY,Egypt,2015,11.88743496,13440.02038,0.706,,70.135,8.571818352
EGY,Egypt,2016,12.03536034,13789.56399,0.713,,70.437,8.810909271
EGY,Egypt,2017,12.16487026,14015.75053,0.72,,70.709,9.050000191
EGY,Egypt,2018,12.43317032,14403.96691,0.728,,70.974,9.310100585
EGY,Egypt,2019,12.67249012,14770.05414,0.736,,71.213,9.577676361
EGY,Egypt,2020,12.91180992,15111.98115,0.736,,69.79,9.852942366
EGY,Egypt,2021,13.12716193,15358.75306,0.738,,68.976,10.13611962
EGY,Egypt,2022,13.12716193,16050.96213,0.751,,71.01,10.13611962
EGY,Egypt,2023,13.12716193,16218.13521,0.754,100.0,71.633,10.13611962
ERI,Eritrea,1990,5.933259964,1042.996553,0.474,,49.733,4.710979562
ERI,Eritrea,1991,5.933259964,1234.195019,0.474,,50.516,4.710979562
ERI,Eritrea,1992,5.933259964,1465.936623,0.474,,52.436,4.710979562
ERI,Eritrea,1993,5.933259964,1603.729716,0.474,,53.189,4.710979562
ERI,Eritrea,1994,5.933259964,1756.209303,0.474,,54.027,4.710979562
ERI,Eritrea,1995,5.933259964,2032.266107,0.474,,54.822,4.710979562
ERI,Eritrea,1996,5.995250225,1931.487,0.474,,55.498,4.710979562
ERI,Eritrea,1997,6.231336753,2098.414668,0.474,,56.155,4.710979562
ERI,Eritrea,1998,6.46742328,2258.175001,0.474,,49.997,4.710979562
ERI,Eritrea,1999,6.703509808,2275.819922,0.474,,44.506,4.710979562
ERI,Eritrea,2000,7.421460152,2227.115747,0.474,,56.285,4.710979562
ERI,Eritrea,2001,7.457499981,1889.83026,0.474,,58.359,4.710979562
ERI,Eritrea,2002,7.821269989,1975.383787,0.474,,58.941,4.710979562
ERI,Eritrea,2003,8.191325188,1947.018198,0.474,,59.455,4.710979562
ERI,Eritrea,2004,8.561380386,1814.235071,0.474,,60.063,4.710979562
ERI,Eritrea,2005,8.337298298,1806.546167,0.474,,60.628,4.710979562
ERI,Eritrea,2006,8.113216209,1763.527403,0.473,,61.457,4.703474364
ERI,Eritrea,2007,7.889134121,1765.81139,0.472,,61.998,4.695981122
ERI,Eritrea,2008,7.665052032,1381.458521,0.457,,62.422,4.688499818
ERI,Eritrea,2009,7.440969944,1511.023242,0.462,,63.203,4.681030433
ERI,Eritrea,2010,7.158269882,1636.381974,0.465,,63.665,4.673572948
ERI,Eritrea,2011,7.282687426,2022.462341,0.48,,64.231,4.666127343
ERI,Eritrea,2012,7.407104969,2034.481971,0.483,,64.697,4.6586936
ERI,Eritrea,2013,7.531522512,1799.60673,0.479,,65.005,4.6512717
ERI,Eritrea,2014,7.655940056,2340.4599,0.497,,65.517,4.6438498
ERI,Eritrea,2015,7.23029995,1851.619709,0.48,,65.909,4.6364279
ERI,Eritrea,2016,7.247920964,1976.286165,0.485,,66.242,4.629006
ERI,Eritrea,2017,7.265584922,1763.887755,0.48,,66.612,4.6215841
ERI,Eritrea,2018,7.28329193,1967.275429,0.49,,66.979,4.77817754
ERI,Eritrea,2019,7.301042091,2012.834155,0.495,,67.306,4.93477098
ERI,Eritrea,2020,7.318835512,1971.070024,0.495,,66.98,5.09136442
ERI,Eritrea,2021,7.336672297,1992.466929,0.496,,66.94,5.09136442
ERI,Eritrea,2022,7.336672297,2009.0848,0.499,,67.789,5.09136442
ERI,Eritrea,2023,7.336672297,2029.070062,0.503,178.0,68.624,5.09136442
ESP,Spain,1990,14.35657978,30217.45857,0.766,,77.0,5.87854336
ESP,Spain,1991,14.61468029,31129.8655,0.774,,77.129,6.070000172
ESP,Spain,1992,14.79841995,31367.34138,0.781,,77.589,6.267692493
ESP,Spain,1993,15.25714016,30926.17651,0.789,,77.728,6.465384813
ESP,Spain,1994,15.57324028,31017.80162,0.798,,78.114,6.663077134
ESP,Spain,1995,15.75236034,32243.91714,0.804,,78.2,6.860769455
ESP,Spain,1996,15.92306995,32906.91811,0.811,,78.339,7.058461776
ESP,Spain,1997,15.8614502,34072.65078,0.816,,78.85,7.256154097
ESP,Spain,1998,15.76968956,35672.54569,0.821,,78.939,7.453846418
ESP,Spain,1999,15.7280798,37250.31552,0.825,,78.944,7.651538739
ESP,Spain,2000,15.8646698,38665.06234,0.833,,79.412,7.84923106
ESP,Spain,2001,15.92284966,39869.58998,0.839,,79.739,8.046923381
ESP,Spain,2002,15.97021961,40850.09315,0.844,,79.818,8.244615702
ESP,Spain,2003,15.89052963,41639.20841,0.846,,79.748,8.442308022
ESP,Spain,2004,15.93443966,42148.75753,0.852,,80.328,8.640000343
ESP,Spain,2005,15.98174,42866.82215,0.857,,80.32,8.920000076
ESP,Spain,2006,15.93113041,43724.70984,0.862,,80.963,9.029999733
ESP,Spain,2007,15.91164017,44333.08897,0.864,,80.97,9.119999886
ESP,Spain,2008,15.8737402,43660.10434,0.865,,81.278,9.18999958
ESP,Spain,2009,15.95915985,42499.06475,0.867,,81.627,9.25
ESP,Spain,2010,16.40280914,42249.87575,0.875,,82.006,9.359999657
ESP,Spain,2011,16.7514801,41214.05917,0.879,,82.18,9.479999542
ESP,Spain,2012,16.98982048,40252.39918,0.881,,82.191,9.510000229
ESP,Spain,2013,17.16381073,40025.32626,0.886,,82.694,9.615000248
ESP,Spain,2014,17.28533936,40702.54245,0.89,,82.828,9.720000267
ESP,Spain,2015,17.40423965,42509.01146,0.895,,82.611,9.909999847
ESP,Spain,2016,17.43898964,43913.31409,0.9,,83.0,10.01000023
ESP,Spain,2017,17.48012924,44968.83248,0.902,,82.986,10.07500029
ESP,Spain,2018,17.51925087,45752.81499,0.905,,83.096,10.14000034
ESP,Spain,2019,17.50081062,46305.76891,0.91,,83.479,10.375
ESP,Spain,2020,17.4695797,41219.56789,0.901,,82.241,10.60999966
ESP,Spain,2021,17.80905914,43959.52926,0.912,,82.951,10.75612495
ESP,Spain,2022,17.83031082,44887.43669,0.911,,82.366,10.75612495
ESP,Spain,2023,17.83031082,46008.44221,0.918,28.0,83.67,10.75612495
EST,Estonia,1990,13.0799799,15782.82952,0.738,,69.917,9.658926988
EST,Estonia,1991,12.78081989,14560.38895,0.734,,69.795,9.903771969
EST,Estonia,1992,12.62077999,11964.43422,0.722,,69.159,10.14861695
EST,Estonia,1993,12.32798004,11044.58071,0.713,,68.222,10.39346193
EST,Estonia,1994,12.54491997,11099.51589,0.711,,66.744,10.63830691
EST,Estonia,1995,12.79681015,11914.53116,0.725,,67.814,10.88315189
EST,Estonia,1996,13.15272999,12653.75146,0.746,,70.031,11.14252157
EST,Estonia,1997,13.56027508,14026.50759,0.759,,70.244,11.40189126
EST,Estonia,1998,13.96782017,14951.90945,0.767,,69.84,11.66126094
EST,Estonia,1999,14.21566963,14919.67653,0.776,,70.681,11.92063062
EST,Estonia,2000,15.16271973,16193.99809,0.793,,71.014,12.18000031
EST,Estonia,2001,15.65767956,17329.03383,0.802,,70.834,12.35000022
EST,Estonia,2002,15.94836044,18894.75119,0.813,,71.364,12.52000014
EST,Estonia,2003,16.09065056,20693.48295,0.824,,71.923,12.69000006
EST,Estonia,2004,16.25458908,22471.82208,0.834,,72.375,12.85999997
EST,Estonia,2005,16.49143982,25292.87166,0.847,,73.028,13.02999989
EST,Estonia,2006,16.45730972,28192.5732,0.855,,73.2,13.19999981
EST,Estonia,2007,16.43349075,30618.06737,0.859,,73.153,13.22000027
EST,Estonia,2008,16.2975502,30143.69732,0.864,,74.279,13.25
EST,Estonia,2009,16.31830025,26692.32671,0.863,,75.152,13.31999969
EST,Estonia,2010,16.50847054,26664.79936,0.868,,75.882,13.32999992
EST,Estonia,2011,16.6350193,29030.64753,0.877,,76.346,13.39999962
EST,Estonia,2012,16.60737038,30442.44492,0.88,,76.416,13.44999981
EST,Estonia,2013,16.49702072,31874.15863,0.887,,77.252,13.53999996
EST,Estonia,2014,16.26988983,33164.08239,0.885,,77.11,13.43999958
EST,Estonia,2015,16.04608917,34075.12622,0.888,,77.665,13.48999977
EST,Estonia,2016,15.95291996,35422.78332,0.89,,77.763,13.51000023
EST,Estonia,2017,15.81396008,37299.78927,0.894,,78.181,13.56000042
EST,Estonia,2018,15.75247955,39030.15704,0.897,,78.334,13.65999985
EST,Estonia,2019,15.74028969,40702.00795,0.901,,78.773,13.60500002
EST,Estonia,2020,15.77509975,40417.28637,0.901,,78.893,13.55000019
EST,Estonia,2021,15.94297981,43938.48044,0.899,,77.409,13.56216597
EST,Estonia,2022,15.96786022,43028.08362,0.902,,78.167,13.56216597
EST,Estonia,2023,15.96786022,40880.93044,0.905,36.0,79.153,13.56216597
ETH,Ethiopia,1990,2.954899966,882.1759343,0.293,,45.117,1.482605772
ETH,Ethiopia,1991,2.780019999,784.0460467,0.293,,46.657,1.482605772
ETH,Ethiopia,1992,2.61548996,683.9623206,0.293,,47.279,1.482605772
ETH,Ethiopia,1993,2.450959921,743.3931324,0.293,,47.676,1.482605772
ETH,Ethiopia,1994,2.286429882,742.4204968,0.293,,47.926,1.482605772
ETH,Ethiopia,1995,2.531869888,765.4284262,0.293,,48.156,1.482605772
ETH,Ethiopia,1996,2.927730083,844.1036574,0.293,,48.697,1.482605772
ETH,Ethiopia,1997,3.250910044,842.274612,0.293,,49.21,1.482605772
ETH,Ethiopia,1998,3.574090004,783.1300503,0.293,,49.785,1.482605772
ETH,Ethiopia,1999,3.897269964,798.2351397,0.293,,49.486,1.482605772
ETH,Ethiopia,2000,4.218190193,819.5954758,0.293,,50.88,1.482605772
ETH,Ethiopia,2001,4.730609894,860.1814068,0.307,,51.428,1.556591678
ETH,Ethiopia,2002,5.022950172,847.8776829,0.314,,52.085,1.630577584
ETH,Ethiopia,2003,5.178480148,804.8616267,0.317,,52.877,1.70456349
ETH,Ethiopia,2004,5.507180214,886.4934986,0.331,,53.735,1.783422613
ETH,Ethiopia,2005,6.314970016,967.043812,0.35,,54.364,1.862281736
ETH,Ethiopia,2006,6.847913265,1039.660108,0.366,,55.402,1.941140858
ETH,Ethiopia,2007,7.380856514,1127.127253,0.383,,56.566,2.019999981
ETH,Ethiopia,2008,7.913799763,1212.788567,0.398,,57.733,2.057500005
ETH,Ethiopia,2009,7.940599918,1279.682798,0.405,,58.715,2.095000029
ETH,Ethiopia,2010,8.021840096,1398.780518,0.415,,59.709,2.132500052
ETH,Ethiopia,2011,8.198710442,1511.037729,0.425,,60.595,2.170000076
ETH,Ethiopia,2012,8.268199921,1595.867936,0.433,,61.443,2.221358061
ETH,Ethiopia,2013,8.328389906,1716.829077,0.441,,62.161,2.272716045
ETH,Ethiopia,2014,8.388579891,1841.463756,0.449,,62.927,2.32407403
ETH,Ethiopia,2015,8.448769877,1976.217042,0.456,,63.592,2.375432014
ETH,Ethiopia,2016,8.508959862,2106.157757,0.463,,64.162,2.426789999
ETH,Ethiopia,2017,8.66349872,2239.741904,0.47,,64.766,2.41103665
ETH,Ethiopia,2018,8.818037577,2332.861671,0.476,,65.257,2.395283302
ETH,Ethiopia,2019,8.972576435,2457.596284,0.482,,65.741,2.379529953
ETH,Ethiopia,2020,9.094288497,2539.167102,0.486,,65.969,2.391007204
ETH,Ethiopia,2021,9.217651571,2614.792524,0.487,,65.33,2.402539813
ETH,Ethiopia,2022,9.217651571,2686.678875,0.494,,66.897,2.402539813
ETH,Ethiopia,2023,9.217651571,2795.506984,0.497,180.0,67.315,2.402539813
FIN,Finland,1990,15.05280972,41407.88152,0.823,,74.989,9.180000305
FIN,Finland,1991,15.2710104,38352.40313,0.827,,75.407,9.403846447
FIN,Finland,1992,15.73964977,36389.30071,0.833,,75.647,9.627692589
FIN,Finland,1993,15.96156025,35734.64305,0.838,,75.885,9.851538732
FIN,Finland,1994,16.29762077,37267.09863,0.85,,76.575,10.07538487
FIN,Finland,1995,16.41723061,39109.94245,0.856,,76.604,10.29923102
FIN,Finland,1996,16.58016968,40186.3693,0.863,,76.87,10.52307716
FIN,Finland,1997,16.71985054,43073.84513,0.871,,77.064,10.7469233
FIN,Finland,1998,16.95726967,45606.77998,0.88,,77.259,10.97076944
FIN,Finland,1999,17.27002907,47578.36777,0.889,,77.451,11.19461558
FIN,Finland,2000,17.68334961,49646.48301,0.898,,77.671,11.41846173
FIN,Finland,2001,17.98135948,51175.6979,0.908,,78.142,11.64230787
FIN,Finland,2002,18.07708931,51745.36056,0.912,,78.27,11.86615401
FIN,Finland,2003,18.29443932,51589.06268,0.915,,78.533,12.09000015
FIN,Finland,2004,17.11433983,53749.65076,0.911,,78.846,12.13500023
FIN,Finland,2005,17.19054985,54307.50687,0.914,,78.971,12.18000031
FIN,Finland,2006,17.17551994,55883.53294,0.917,,79.373,12.22999954
FIN,Finland,2007,17.13093948,58086.89602,0.92,,79.391,12.27999973
FIN,Finland,2008,17.10404968,57576.0264,0.921,,79.695,12.32999992
FIN,Finland,2009,16.8861599,53337.47588,0.916,,79.831,12.36999989
FIN,Finland,2010,17.02306938,54531.4261,0.92,,80.012,12.42000008
FIN,Finland,2011,17.11375046,54767.65641,0.924,,80.392,12.46000004
FIN,Finland,2012,17.10630035,53588.01555,0.924,,80.508,12.48999977
FIN,Finland,2013,19.3260994,53033.98224,0.934,,80.869,12.55000019
FIN,Finland,2014,19.25424957,53205.33544,0.936,,81.055,12.60000038
FIN,Finland,2015,19.31086922,53928.23803,0.938,,81.377,12.63000011
FIN,Finland,2016,19.31080055,54961.63245,0.94,,81.303,12.68499994
FIN,Finland,2017,19.37471008,56251.5904,0.942,,81.497,12.73999977
FIN,Finland,2018,19.45115089,57166.75971,0.945,,81.626,12.80499983
FIN,Finland,2019,19.04310989,57744.73991,0.947,,81.864,12.86999989
FIN,Finland,2020,19.04858017,57260.99451,0.947,,81.822,12.92469645
FIN,Finland,2021,19.22859001,58691.94153,0.949,,81.814,12.97962547
FIN,Finland,2022,19.49408913,58411.52447,0.946,,81.243,12.97962547
FIN,Finland,2023,19.49408913,57067.63693,0.948,12.0,81.91,12.97962547
FJI,Fiji,1990,11.63193653,7968.606819,0.629,,65.056,6.598862054
FJI,Fiji,1991,11.67753029,7747.289846,0.633,,65.457,6.822766095
FJI,Fiji,1992,11.72330276,7958.732693,0.637,,65.407,7.046670137
FJI,Fiji,1993,11.76907523,8040.690087,0.642,,65.51,7.270574178
FJI,Fiji,1994,11.81484771,8281.995762,0.648,,65.796,7.494478219
FJI,Fiji,1995,11.86062018,8541.180176,0.653,,66.007,7.71838226
FJI,Fiji,1996,11.90639265,8966.432992,0.657,,66.202,7.690000057
FJI,Fiji,1997,11.95216513,8627.995022,0.658,,66.293,7.830909122
FJI,Fiji,1998,11.9979376,8500.324851,0.66,,66.536,7.971818187
FJI,Fiji,1999,12.04371007,9165.917655,0.667,,66.728,8.112727252
FJI,Fiji,2000,12.08948255,9450.121595,0.668,,66.194,8.253636317
FJI,Fiji,2001,12.13525502,9345.284077,0.67,,66.205,8.394545382
FJI,Fiji,2002,12.18102749,9671.972886,0.67,,65.492,8.535454447
FJI,Fiji,2003,12.22679996,9606.223232,0.673,,65.653,8.676363512
FJI,Fiji,2004,12.37187958,10028.52582,0.679,,65.841,8.817272576
FJI,Fiji,2005,12.45875078,9835.253637,0.681,,65.983,8.958181641
FJI,Fiji,2006,12.54562198,9778.360068,0.684,,66.126,9.099090706
FJI,Fiji,2007,12.63249318,9690.699645,0.686,,66.161,9.239999771
FJI,Fiji,2008,12.71936438,9755.607309,0.69,,66.32,9.378999805
FJI,Fiji,2009,12.80623558,9781.942324,0.693,,66.347,9.51799984
FJI,Fiji,2010,12.89310679,9766.930299,0.697,,66.778,9.656999874
FJI,Fiji,2011,12.97997799,10006.95654,0.701,,66.88,9.795999908
FJI,Fiji,2012,13.06684919,10061.9201,0.698,,65.812,9.934999943
FJI,Fiji,2013,13.15372039,10711.46328,0.708,,66.545,10.07399998
FJI,Fiji,2014,13.24059159,10987.68829,0.712,,66.581,10.21300001
FJI,Fiji,2015,13.32746279,11297.06557,0.715,,66.48,10.35200005
FJI,Fiji,2016,13.32746279,11634.50004,0.719,,66.657,10.49100008
FJI,Fiji,2017,13.50120519,11953.03491,0.725,,67.06,10.63000011
FJI,Fiji,2018,13.5880764,12626.65193,0.728,,66.965,10.56524253
FJI,Fiji,2019,13.6749476,12338.28867,0.727,,67.009,10.50048494
FJI,Fiji,2020,13.7618188,10451.30542,0.718,,66.924,10.43572736
FJI,Fiji,2021,13.84869,9977.944777,0.705,,64.904,10.37096977
FJI,Fiji,2022,13.84869,12005.78316,0.726,,67.148,10.37096977
FJI,Fiji,2023,13.84869,12843.15889,0.731,111.0,67.316,10.37096977
FRA,France,1990,13.98425961,40765.07203,0.798,,76.835,7.550000191
FRA,France,1991,14.46944046,40713.54152,0.807,,77.016,7.742143018
FRA,France,1992,14.69909954,41255.5493,0.814,,77.297,7.934285845
FRA,France,1993,14.81359005,40952.31451,0.818,,77.349,8.126428672
FRA,France,1994,15.6441803,41633.03956,0.832,,77.768,8.318571499
FRA,France,1995,15.77266979,42249.53792,0.837,,77.871,8.510714327
FRA,France,1996,15.86017036,42808.80431,0.842,,78.061,8.702857154
FRA,France,1997,15.81939983,43807.05126,0.847,,78.425,8.894999981
FRA,France,1998,15.76198959,45367.49835,0.851,,78.588,9.087142808
FRA,France,1999,15.72313976,47004.53308,0.856,,78.746,9.279285635
FRA,France,2000,14.93727016,47970.93762,0.852,,79.044,9.471428462
FRA,France,2001,14.8516798,48695.93237,0.855,,79.221,9.66357129
FRA,France,2002,14.78316021,48719.0102,0.858,,79.411,9.855714117
FRA,France,2003,14.86872005,48880.65241,0.862,,79.419,10.04785694
FRA,France,2004,14.85523987,49800.15782,0.869,,80.336,10.23999977
FRA,France,2005,15.43264008,50229.41376,0.877,,80.337,10.31999969
FRA,France,2006,15.41829014,51031.03639,0.881,,80.745,10.44499969
FRA,France,2007,15.35235023,52112.67934,0.884,,80.96,10.56999969
FRA,France,2008,15.2978096,51950.26313,0.884,,81.039,10.64999962
FRA,France,2009,15.27202034,50626.26283,0.883,,81.163,10.63000011
FRA,France,2010,15.38066006,51165.21371,0.888,,81.405,10.77999973
FRA,France,2011,15.4170599,51826.71321,0.892,,81.781,10.85000038
FRA,France,2012,15.48921013,51449.90852,0.893,,81.739,10.93999958
FRA,France,2013,15.46125031,51693.25118,0.896,,81.979,11.07999992
FRA,France,2014,15.44229031,52113.48233,0.9,,82.437,11.22999954
FRA,France,2015,15.51356983,53024.77547,0.901,,82.149,11.32999992
FRA,France,2016,15.62283039,53611.49008,0.905,,82.401,11.35000038
FRA,France,2017,15.74036026,54532.82676,0.908,,82.439,11.40999985
FRA,France,2018,15.84354973,55177.99975,0.911,,82.568,11.50999975
FRA,France,2019,15.86798954,56066.12759,0.914,,82.73,11.60999966
FRA,France,2020,15.95796013,51177.98135,0.909,,82.199,11.68757451
FRA,France,2021,16.01964951,55020.1633,0.915,,82.322,11.7656677
FRA,France,2022,16.09511948,55176.22481,0.916,,82.475,11.7656677
FRA,France,2023,16.09511948,55060.16038,0.92,26.0,83.325,11.7656677
FSM,Micronesia (Federated States of),1990,10.65165943,3587.012924,0.596,,63.722,7.80353371
FSM,Micronesia (Federated States of),1991,10.65165943,3783.44485,0.596,,63.881,7.80353371
FSM,Micronesia (Federated States of),1992,10.65165943,3840.775119,0.596,,63.996,7.80353371
FSM,Micronesia (Federated States of),1993,10.65165943,4030.555858,0.596,,64.041,7.80353371
FSM,Micronesia (Federated States of),1994,10.65165943,3905.36464,0.596,,64.082,7.80353371
FSM,Micronesia (Federated States of),1995,10.65165943,4123.090068,0.596,,64.142,7.80353371
FSM,Micronesia (Federated States of),1996,10.65165943,3975.411099,0.596,,64.253,7.80353371
FSM,Micronesia (Federated States of),1997,10.65165943,3722.769882,0.596,,64.371,7.80353371
FSM,Micronesia (Federated States of),1998,10.65165943,3819.505352,0.596,,64.509,7.80353371
FSM,Micronesia (Federated States of),1999,10.65165943,3867.385093,0.596,,64.626,7.80353371
FSM,Micronesia (Federated States of),2000,10.65165943,4048.160842,0.596,,64.317,7.80353371
FSM,Micronesia (Federated States of),2001,10.6964307,4127.079042,0.599,,64.801,7.774548081
FSM,Micronesia (Federated States of),2002,10.74139015,4148.02373,0.596,,63.907,7.745670118
FSM,Micronesia (Federated States of),2003,10.78653858,4220.282304,0.601,,64.915,7.716899419
FSM,Micronesia (Federated States of),2004,10.83187677,4103.761751,0.6,,64.898,7.688235587
FSM,Micronesia (Federated States of),2005,10.87740554,4206.352685,0.601,,64.906,7.659678224
FSM,Micronesia (Federated States of),2006,10.92312567,4227.291866,0.602,,64.859,7.631226936
FSM,Micronesia (Federated States of),2007,10.96903797,4178.804878,0.601,,64.844,7.602881327
FSM,Micronesia (Federated States of),2008,11.01514325,4109.222068,0.6,,64.849,7.574641007
FSM,Micronesia (Federated States of),2009,11.06144232,4186.335414,0.601,,64.865,7.546505583
FSM,Micronesia (Federated States of),2010,11.107936,4292.062242,0.603,,64.892,7.518474665
FSM,Micronesia (Federated States of),2011,11.1546251,4416.643471,0.605,,64.969,7.490547867
FSM,Micronesia (Federated States of),2012,11.20151044,4320.377039,0.605,,65.08,7.4627248
FSM,Micronesia (Federated States of),2013,11.24859285,4146.95229,0.603,,65.179,7.43500508
FSM,Micronesia (Federated States of),2014,11.29587317,4035.911466,0.602,,65.294,7.40728536
FSM,Micronesia (Federated States of),2015,11.34315348,4205.550963,0.604,,65.306,7.37956564
FSM,Micronesia (Federated States of),2016,11.39043379,4208.110735,0.606,,65.576,7.35184592
FSM,Micronesia (Federated States of),2017,11.4377141,4223.343178,0.607,,65.761,7.3241262
FSM,Micronesia (Federated States of),2018,11.48499441,4204.345006,0.608,,65.943,7.32692546
FSM,Micronesia (Federated States of),2019,11.50335798,4358.27095,0.611,,66.196,7.32972472
FSM,Micronesia (Federated States of),2020,11.52172155,4245.105736,0.609,,65.878,7.33252398
FSM,Micronesia (Federated States of),2021,11.54008512,4324.429862,0.611,,66.152,7.33252398
FSM,Micronesia (Federated States of),2022,11.54008512,4251.952105,0.614,,66.961,7.33252398
FSM,Micronesia (Federated States of),2023,11.54008512,4245.878243,0.615,149.0,67.198,7.33252398
GAB,Gabon,1990,11.06384079,27452.78835,0.621,,60.736,4.32
GAB,Gabon,1991,11.10699025,28430.47826,0.627,,60.891,4.5
GAB,Gabon,1992,11.15030799,26219.83004,0.628,,61.013,4.68
GAB,Gabon,1993,11.19379468,26258.45691,0.631,,61.125,4.86
GAB,Gabon,1994,11.23745096,27124.21839,0.636,,61.183,5.04
GAB,Gabon,1995,11.28127751,27402.96085,0.64,,61.27,5.22
GAB,Gabon,1996,11.32527499,27614.71549,0.644,,61.265,5.406
GAB,Gabon,1997,11.36944405,28268.99601,0.648,,61.395,5.592
GAB,Gabon,1998,11.41378538,29625.87695,0.654,,61.506,5.778
GAB,Gabon,1999,11.45829964,25760.47571,0.653,,61.658,5.964
GAB,Gabon,2000,11.50307465,22833.64186,0.652,,61.81,6.15
GAB,Gabon,2001,11.54784966,24052.20088,0.657,,61.982,6.304
GAB,Gabon,2002,11.59288677,24227.16986,0.661,,62.175,6.458
GAB,Gabon,2003,11.63809953,23706.14729,0.664,,62.463,6.612
GAB,Gabon,2004,11.68348863,21801.82006,0.665,,62.694,6.766
GAB,Gabon,2005,11.72905474,22856.70176,0.671,,62.978,6.92
GAB,Gabon,2006,11.77479857,20428.60198,0.67,,63.259,7.05
GAB,Gabon,2007,11.82072079,20517.4942,0.674,,63.619,7.18
GAB,Gabon,2008,11.86682212,18862.97371,0.675,,64.011,7.31
GAB,Gabon,2009,11.91310324,19771.94697,0.681,,64.361,7.44
GAB,Gabon,2010,11.95956486,19444.82872,0.684,,64.715,7.57
GAB,Gabon,2011,12.00620769,19266.5254,0.69,,65.102,7.852
GAB,Gabon,2012,12.05303242,20975.52432,0.699,,65.438,8.134
GAB,Gabon,2013,12.10003977,21754.65937,0.707,,65.751,8.416
GAB,Gabon,2014,12.14723045,23760.79278,0.716,,66.07,8.698
GAB,Gabon,2015,12.19460518,23016.95021,0.72,,66.336,8.98
GAB,Gabon,2016,12.24216467,23076.55524,0.724,,66.583,9.094
GAB,Gabon,2017,12.28990964,22948.73829,0.726,,66.816,9.208
GAB,Gabon,2018,12.33784083,21855.17234,0.727,,67.043,9.322
GAB,Gabon,2019,12.38595894,21409.17969,0.73,,67.337,9.436
GAB,Gabon,2020,12.43426472,22035.36436,0.732,,67.073,9.55
GAB,Gabon,2021,12.48275889,16490.96058,0.72,,67.072,9.686
GAB,Gabon,2022,12.48275889,18924.67547,0.73,,67.713,9.686
GAB,Gabon,2023,12.48275889,18854.06151,0.733,108.0,68.337,9.686
GBR,United Kingdom,1990,13.64140034,36612.71351,0.812,,75.738,9.636809928
GBR,United Kingdom,1991,13.9190197,36184.29646,0.816,,75.911,9.725798488
GBR,United Kingdom,1992,14.26535988,36647.69599,0.824,,76.307,9.814787049
GBR,United Kingdom,1993,14.46231492,37440.08243,0.827,,76.16,9.903775609
GBR,United Kingdom,1994,14.65926997,39426.18951,0.836,,76.72,9.992764169
GBR,United Kingdom,1995,14.85622501,37194.43122,0.835,,76.614,10.08175273
GBR,United Kingdom,1996,15.05318006,37956.88637,0.841,,76.872,10.20546853
GBR,United Kingdom,1997,15.2501351,40402.73187,0.849,,77.139,10.32918434
GBR,United Kingdom,1998,15.44709015,42490.76158,0.856,,77.275,10.45290014
GBR,United Kingdom,1999,15.80356979,43251.01669,0.862,,77.373,10.57661594
GBR,United Kingdom,2000,15.99540997,45239.87711,0.87,,77.849,10.70033174
GBR,United Kingdom,2001,16.03244019,46344.84518,0.876,,78.121,10.95427471
GBR,United Kingdom,2002,16.12564087,47265.33176,0.881,,78.237,11.20821767
GBR,United Kingdom,2003,16.10824966,48521.13901,0.886,,78.33,11.46216064
GBR,United Kingdom,2004,16.55471992,49267.97151,0.897,,78.9,11.7161036
GBR,United Kingdom,2005,16.61335945,50365.49837,0.903,,79.106,11.97004657
GBR,United Kingdom,2006,16.03326988,50455.63815,0.902,,79.347,12.25003496
GBR,United Kingdom,2007,15.90310001,51103.6433,0.905,,79.534,12.53002336
GBR,United Kingdom,2008,16.05381966,50365.03791,0.91,,79.655,12.81001176
GBR,United Kingdom,2009,16.22143936,47901.50392,0.915,,80.156,13.09000015
GBR,United Kingdom,2010,16.45923996,49015.62438,0.921,,80.391,13.21000004
GBR,United Kingdom,2011,15.77939987,49364.86955,0.916,,80.796,13.18999958
GBR,United Kingdom,2012,15.70308018,49087.77041,0.917,,80.859,13.34000015
GBR,United Kingdom,2013,17.67148972,49217.18606,0.931,,80.923,12.82999992
GBR,United Kingdom,2014,17.50748062,50409.11011,0.932,,81.153,12.89000034
GBR,United Kingdom,2015,17.32836914,50918.20366,0.931,,80.919,12.98000018
GBR,United Kingdom,2016,17.39753914,51406.16467,0.934,,81.067,13.07000001
GBR,United Kingdom,2017,17.46670914,53086.84015,0.937,,81.164,13.15999985
GBR,United Kingdom,2018,17.23929977,53358.66031,0.936,,81.123,13.24333318
GBR,United Kingdom,2019,17.32107925,54623.80311,0.941,,81.443,13.32666651
GBR,United Kingdom,2020,17.37801933,47828.59792,0.93,,80.385,13.40999985
GBR,United Kingdom,2021,17.66814041,53131.58261,0.941,,80.708,13.48999977
GBR,United Kingdom,2022,17.81106949,55257.70776,0.946,,81.074,13.48999977
GBR,United Kingdom,2023,17.81106949,54371.58634,0.946,13.0,81.302,13.48999977
GEO,Georgia,1990,13.03065177,11650.67113,0.705,,68.679,11.80593791
GEO,Georgia,1991,12.67749023,9283.981817,0.705,,68.202,11.80593791
GEO,Georgia,1992,12.33390021,5574.714623,0.705,,67.78,11.80593791
GEO,Georgia,1993,11.99031019,3728.86058,0.705,,67.405,11.80593791
GEO,Georgia,1994,11.64672017,3455.319431,0.705,,68.669,11.80593791
GEO,Georgia,1995,11.30313015,3580.935983,0.705,,69.398,11.80593791
GEO,Georgia,1996,11.30494976,4070.311259,0.705,,70.637,11.80593791
GEO,Georgia,1997,11.64982986,4890.75655,0.705,,69.683,11.80593791
GEO,Georgia,1998,11.8832798,5257.190376,0.705,,69.787,11.80593791
GEO,Georgia,1999,12.11672974,5548.558616,0.705,,70.012,11.80593791
GEO,Georgia,2000,12.59049034,5741.97396,0.705,,70.091,11.80593791
GEO,Georgia,2001,12.86779022,6019.090916,0.712,,70.371,11.8628319
GEO,Georgia,2002,13.10517025,6472.570481,0.719,,70.438,11.92000008
GEO,Georgia,2003,13.32161045,7248.726298,0.733,,71.377,11.97800007
GEO,Georgia,2004,13.50691032,7805.190642,0.737,,71.011,12.03600006
GEO,Georgia,2005,13.76416016,8586.059537,0.744,,70.689,12.09400005
GEO,Georgia,2006,13.50695038,9538.670169,0.75,,70.983,12.15200005
GEO,Georgia,2007,13.94359016,10618.76926,0.76,,70.985,12.21000004
GEO,Georgia,2008,13.44196987,10758.73842,0.757,,70.949,12.26800003
GEO,Georgia,2009,13.87479019,10451.74285,0.76,,71.058,12.32600002
GEO,Georgia,2010,14.11575007,11096.66214,0.77,,71.732,12.38400002
GEO,Georgia,2011,14.35670996,11955.98483,0.78,,72.485,12.44200001
GEO,Georgia,2012,14.59766984,13056.30686,0.789,,72.672,12.5
GEO,Georgia,2013,14.83862972,13663.2747,0.796,,73.025,12.55999994
GEO,Georgia,2014,15.16259003,14286.73821,0.802,,73.105,12.61999989
GEO,Georgia,2015,15.39435959,14595.62557,0.807,,73.241,12.71500015
GEO,Georgia,2016,15.56182957,14742.25491,0.809,,73.136,12.81000042
GEO,Georgia,2017,15.8134203,15443.00293,0.816,,73.435,12.86999989
GEO,Georgia,2018,16.00856018,16565.80675,0.824,,73.985,12.84499979
GEO,Georgia,2019,16.34345055,17354.5786,0.83,,74.165,12.81999969
GEO,Georgia,2020,16.27112961,16207.72598,0.822,,73.509,12.77999973
GEO,Georgia,2021,16.58107948,17737.21598,0.819,,71.635,12.73999977
GEO,Georgia,2022,16.72682953,19525.30946,0.838,,74.141,12.69999981
GEO,Georgia,2023,16.75470924,20752.57009,0.844,57.0,74.496,12.69999981
GHA,Ghana,1990,5.655748717,2740.769898,0.432,,55.395,4.183136892
GHA,Ghana,1991,5.7762367,2816.635579,0.438,,55.722,4.310931298
GHA,Ghana,1992,5.899291515,2858.79825,0.444,,56.055,4.438725704
GHA,Ghana,1993,6.024967843,2914.2247,0.45,,56.286,4.56652011
GHA,Ghana,1994,6.153321534,2933.340028,0.453,,56.234,4.694314516
GHA,Ghana,1995,6.284409625,2981.337409,0.459,,56.662,4.822108922
GHA,Ghana,1996,6.418290368,3048.246303,0.465,,56.957,4.902193417
GHA,Ghana,1997,6.555023256,3101.511,0.469,,57.241,4.982277911
GHA,Ghana,1998,6.694669052,3166.211523,0.475,,57.525,5.062362406
GHA,Ghana,1999,6.83728981,3223.606199,0.48,,57.835,5.1424469
GHA,Ghana,2000,7.17249012,3248.185181,0.487,,58.139,5.222531394
GHA,Ghana,2001,6.862949848,3337.583575,0.486,,58.403,5.270241306
GHA,Ghana,2002,7.194029808,3400.42006,0.493,,58.709,5.317951218
GHA,Ghana,2003,7.127200127,3480.530856,0.495,,59.014,5.365661129
GHA,Ghana,2004,7.566929817,3568.447204,0.503,,59.316,5.413371041
GHA,Ghana,2005,8.221770287,3729.608491,0.515,,59.638,5.461080952
GHA,Ghana,2006,8.645079613,3822.17933,0.524,,59.975,5.520718342
GHA,Ghana,2007,9.311630249,3887.274264,0.534,,60.282,5.580355731
GHA,Ghana,2008,9.909689903,4142.104882,0.546,,60.578,5.639993121
GHA,Ghana,2009,10.01552963,4237.039982,0.551,,60.928,5.69963051
GHA,Ghana,2010,10.34964466,4405.076016,0.558,,61.297,5.7592679
GHA,Ghana,2011,10.68375969,4830.327359,0.568,,61.617,5.789938557
GHA,Ghana,2012,10.93752003,5039.796008,0.575,,61.995,5.820609215
GHA,Ghana,2013,11.07386971,5408.044475,0.582,,62.397,5.851279872
GHA,Ghana,2014,10.72198963,5300.678009,0.58,,62.832,5.88195053
GHA,Ghana,2015,11.17568016,5412.756719,0.588,,63.175,5.912621187
GHA,Ghana,2016,11.09840012,5413.128771,0.59,,63.522,6.016560637
GHA,Ghana,2017,10.9863596,5670.971586,0.594,,63.829,6.120500088
GHA,Ghana,2018,10.95788002,5917.655499,0.6,,64.138,6.317842102
GHA,Ghana,2019,11.29076004,6196.924788,0.609,,64.455,6.515184116
GHA,Ghana,2020,11.42975998,6415.395686,0.614,,64.309,6.712526131
GHA,Ghana,2021,11.58627987,6343.765165,0.618,,64.286,6.909868145
GHA,Ghana,2022,11.41845989,6545.654547,0.625,,65.246,7.107210159
GHA,Ghana,2023,11.41845989,6846.352204,0.628,143.0,65.498,7.107210159
GIN,Guinea,1990,2.694149971,1993.0057,0.282,,47.252,1.312727442
GIN,Guinea,1991,2.820280075,1964.292645,0.287,,47.781,1.325301235
GIN,Guinea,1992,2.996155024,1990.009148,0.293,,48.266,1.337995465
GIN,Guinea,1993,3.172029972,2064.898286,0.3,,48.819,1.350811284
GIN,Guinea,1994,3.392210007,2092.139751,0.307,,49.188,1.363749859
GIN,Guinea,1995,3.624340057,2129.287127,0.314,,49.836,1.376812363
GIN,Guinea,1996,3.856470108,2174.056991,0.323,,50.546,1.389999986
GIN,Guinea,1997,4.202220082,2225.660472,0.332,,51.113,1.403571418
GIN,Guinea,1998,4.547970057,2274.871972,0.342,,51.61,1.417142851
GIN,Guinea,1999,4.893720031,2350.101842,0.351,,51.987,1.430714284
GIN,Guinea,2000,5.239470005,2367.05557,0.359,,52.42,1.444285716
GIN,Guinea,2001,5.585219979,2406.902791,0.366,,52.669,1.457857149
GIN,Guinea,2002,5.930969954,2543.613052,0.377,,53.2,1.471428582
GIN,Guinea,2003,6.276719928,2573.908064,0.384,,53.589,1.485000014
GIN,Guinea,2004,6.622469902,2566.863148,0.391,,53.975,1.498571447
GIN,Guinea,2005,7.105619907,2588.831,0.401,,54.422,1.51214288
GIN,Guinea,2006,7.582719803,2496.917677,0.409,,54.875,1.525714312
GIN,Guinea,2007,7.853904724,2606.23236,0.416,,55.233,1.539285745
GIN,Guinea,2008,8.125089645,2641.640275,0.422,,55.703,1.552857178
GIN,Guinea,2009,8.300136566,2521.873655,0.424,,56.052,1.56642861
GIN,Guinea,2010,8.475183487,2609.543127,0.43,,56.431,1.580000043
GIN,Guinea,2011,8.650230408,2666.046382,0.436,,56.778,1.652500033
GIN,Guinea,2012,8.652159691,2763.946238,0.44,,57.117,1.725000024
GIN,Guinea,2013,8.883224964,2706.210428,0.445,,57.459,1.797500014
GIN,Guinea,2014,9.114290237,2786.648553,0.451,,57.581,1.870000005
GIN,Guinea,2015,9.286886149,2869.065699,0.465,,57.899,2.45095998
GIN,Guinea,2016,9.462750484,3094.988871,0.482,,58.49,3.031919956
GIN,Guinea,2017,9.641945134,3371.194038,0.482,,58.715,2.580960035
GIN,Guinea,2018,9.824533166,3387.627921,0.479,,59.043,2.130000114
GIN,Guinea,2019,10.01057884,3462.866336,0.486,,59.379,2.242710416
GIN,Guinea,2020,10.20014763,3361.174278,0.488,,59.35,2.361384854
GIN,Guinea,2021,10.39330626,3209.705499,0.49,,59.373,2.486339025
GIN,Guinea,2022,10.39330626,3412.495042,0.498,,60.432,2.486339025
GIN,Guinea,2023,10.39330626,3494.347723,0.5,179.0,60.74,2.486339025
GMB,Gambia,1990,3.84434068,2615.818774,0.331,,51.278,1.395152942
GMB,Gambia,1991,4.00602438,2595.015623,0.339,,51.857,1.521166756
GMB,Gambia,1992,4.174508107,2581.012415,0.347,,52.477,1.64718057
GMB,Gambia,1993,4.350077852,2534.630425,0.355,,53.15,1.773194384
GMB,Gambia,1994,4.533031638,2460.459377,0.362,,53.768,1.899208198
GMB,Gambia,1995,4.723680019,2420.725066,0.37,,54.292,2.025222012
GMB,Gambia,1996,4.939758484,2453.040706,0.377,,54.849,2.067976699
GMB,Gambia,1997,5.155836949,2368.576672,0.381,,55.225,2.110731386
GMB,Gambia,1998,5.371915414,2385.852378,0.389,,56.007,2.153486073
GMB,Gambia,1999,5.587993879,2465.697302,0.396,,56.466,2.19624076
GMB,Gambia,2000,5.804072343,2537.899341,0.403,,56.899,2.238995447
GMB,Gambia,2001,6.020150808,2594.498517,0.41,,57.283,2.322254574
GMB,Gambia,2002,6.236229273,2506.601202,0.415,,57.736,2.405513701
GMB,Gambia,2003,6.452307738,2523.550776,0.422,,58.223,2.488772828
GMB,Gambia,2004,6.668386203,2752.551975,0.432,,58.749,2.572031955
GMB,Gambia,2005,6.884464667,2608.455881,0.436,,59.11,2.655291083
GMB,Gambia,2006,7.100543132,2509.010643,0.441,,59.667,2.75880243
GMB,Gambia,2007,7.316621597,2514.877578,0.447,,60.001,2.862313777
GMB,Gambia,2008,7.532700062,2602.780325,0.455,,60.473,2.965825124
GMB,Gambia,2009,7.53000021,2682.993497,0.459,,60.735,3.069336472
GMB,Gambia,2010,7.477910042,2755.787837,0.463,,61.167,3.172847819
GMB,Gambia,2011,7.603649736,2444.684789,0.463,,61.561,3.305612373
GMB,Gambia,2012,7.73150372,2499.563349,0.469,,61.9,3.438376927
GMB,Gambia,2013,7.861507545,2491.97756,0.474,,62.252,3.571141481
GMB,Gambia,2014,8.020992137,2380.919086,0.477,,62.576,3.676881218
GMB,Gambia,2015,8.180476728,2403.977347,0.482,,62.971,3.782620955
GMB,Gambia,2016,8.33996132,2394.756781,0.487,,63.386,3.888360691
GMB,Gambia,2017,8.499445911,2443.981533,0.493,,63.708,3.994100428
GMB,Gambia,2018,8.658930503,2555.513365,0.5,,64.034,4.099840164
GMB,Gambia,2019,8.818415094,2649.003955,0.508,,64.427,4.306130171
GMB,Gambia,2020,8.977899686,2602.793237,0.512,,64.418,4.512420177
GMB,Gambia,2021,8.977899686,2642.753208,0.513,,63.847,4.674727154
GMB,Gambia,2022,8.977899686,2732.65957,0.519,,64.859,4.674727154
GMB,Gambia,2023,8.977899686,2812.017602,0.524,170.0,65.86,4.674727154
GNB,Guinea-Bissau,1990,6.612446919,1946.349582,0.412,,46.89,2.148568167
GNB,Guinea-Bissau,1991,6.7346524,1916.317061,0.412,,47.201,2.148568167
GNB,Guinea-Bissau,1992,6.859116377,1931.584114,0.412,,47.518,2.148568167
GNB,Guinea-Bissau,1993,6.985880588,1901.343152,0.412,,47.84,2.148568167
GNB,Guinea-Bissau,1994,7.114987546,1907.722921,0.412,,47.775,2.148568167
GNB,Guinea-Bissau,1995,7.246480545,1911.907395,0.412,,48.531,2.148568167
GNB,Guinea-Bissau,1996,7.380403683,1947.172975,0.412,,48.772,2.148568167
GNB,Guinea-Bissau,1997,7.516801872,2055.44514,0.412,,48.033,2.148568167
GNB,Guinea-Bissau,1998,7.655720854,1558.60237,0.412,,48.123,2.148568167
GNB,Guinea-Bissau,1999,7.797207215,1785.301266,0.412,,48.492,2.148568167
GNB,Guinea-Bissau,2000,7.941308404,1755.736869,0.412,,50.565,2.148568167
GNB,Guinea-Bissau,2001,8.088072745,1805.765255,0.412,,51.054,2.148568167
GNB,Guinea-Bissau,2002,8.237549457,1845.955292,0.412,,51.608,2.148568167
GNB,Guinea-Bissau,2003,8.389788667,1803.881155,0.412,,52.186,2.148568167
GNB,Guinea-Bissau,2004,8.54484143,1780.235934,0.412,,52.8,2.148568167
GNB,Guinea-Bissau,2005,8.702759743,1858.510911,0.412,,52.949,2.148568167
GNB,Guinea-Bissau,2006,9.133029938,1861.823348,0.424,,54.089,2.27117
GNB,Guinea-Bissau,2007,9.232721901,1862.162064,0.431,,54.87,2.418591125
GNB,Guinea-Bissau,2008,9.332413863,1891.722545,0.436,,55.3,2.56601225
GNB,Guinea-Bissau,2009,9.432105826,1895.574995,0.444,,56.297,2.713433375
GNB,Guinea-Bissau,2010,9.531797789,1967.777696,0.452,,56.999,2.8608545
GNB,Guinea-Bissau,2011,9.631489752,2045.589669,0.46,,57.663,3.008275625
GNB,Guinea-Bissau,2012,9.731181715,1930.735757,0.462,,58.27,3.15569675
GNB,Guinea-Bissau,2013,9.830873678,1984.317648,0.469,,58.879,3.303117875
GNB,Guinea-Bissau,2014,9.930565641,2021.944039,0.476,,59.476,3.450539
GNB,Guinea-Bissau,2015,10.0302576,2076.036371,0.481,,60.071,3.4950382
GNB,Guinea-Bissau,2016,10.12994957,2115.050288,0.486,,60.619,3.5395374
GNB,Guinea-Bissau,2017,10.22964153,2154.541126,0.491,,61.148,3.5840366
GNB,Guinea-Bissau,2018,10.32933349,2089.237108,0.493,,61.652,3.6285358
GNB,Guinea-Bissau,2019,10.42902545,2245.608062,0.501,,62.161,3.673035
GNB,Guinea-Bissau,2020,10.5316806,2225.272213,0.498,,61.343,3.673035
GNB,Guinea-Bissau,2021,10.63534621,2300.452296,0.502,,61.653,3.673035
GNB,Guinea-Bissau,2022,10.63534621,2357.115622,0.511,,63.605,3.673035
GNB,Guinea-Bissau,2023,10.63534621,2403.059237,0.514,174.0,64.085,3.673035
GNQ,Equatorial Guinea,1990,6.095940113,2954.118261,0.508,,51.397,6.393709877
GNQ,Equatorial Guinea,1991,6.095940113,2926.036435,0.508,,51.497,6.393709877
GNQ,Equatorial Guinea,1992,6.095940113,2808.076824,0.508,,51.579,6.393709877
GNQ,Equatorial Guinea,1993,6.095940113,3040.666534,0.508,,51.671,6.393709877
GNQ,Equatorial Guinea,1994,6.095940113,2988.800876,0.508,,51.785,6.393709877
GNQ,Equatorial Guinea,1995,6.095940113,3260.831944,0.508,,51.926,6.393709877
GNQ,Equatorial Guinea,1996,6.095940113,3992.257772,0.508,,52.123,6.393709877
GNQ,Equatorial Guinea,1997,6.095940113,7163.829078,0.508,,52.365,6.393709877
GNQ,Equatorial Guinea,1998,6.095940113,8590.329768,0.508,,52.646,6.393709877
GNQ,Equatorial Guinea,1999,6.095940113,11094.12034,0.508,,53.001,6.393709877
GNQ,Equatorial Guinea,2000,6.095940113,8388.187638,0.508,,53.395,6.393709877
GNQ,Equatorial Guinea,2001,6.400476065,9634.383571,0.521,,53.827,6.484496369
GNQ,Equatorial Guinea,2002,6.705012017,11765.83689,0.536,,54.324,6.57657197
GNQ,Equatorial Guinea,2003,7.009547969,10960.50742,0.541,,54.791,6.669954983
GNQ,Equatorial Guinea,2004,7.314083921,11985.67512,0.552,,55.307,6.764663975
GNQ,Equatorial Guinea,2005,7.618619873,14274.94606,0.566,,55.766,6.860717772
GNQ,Equatorial Guinea,2006,7.923155825,22274.69559,0.591,,56.354,6.958135469
GNQ,Equatorial Guinea,2007,8.227691778,24967.99755,0.603,,56.857,7.056936435
GNQ,Equatorial Guinea,2008,8.53222773,26021.18267,0.613,,57.384,7.157140309
GNQ,Equatorial Guinea,2009,8.836763682,22475.55406,0.615,,57.881,7.258767013
GNQ,Equatorial Guinea,2010,9.141299634,17288.90714,0.612,,58.344,7.361836749
GNQ,Equatorial Guinea,2011,9.445835586,19144.9338,0.624,,58.827,7.466370009
GNQ,Equatorial Guinea,2012,9.750371538,21449.34074,0.635,,59.301,7.572387571
GNQ,Equatorial Guinea,2013,10.05490749,21815.63252,0.644,,59.784,7.679910514
GNQ,Equatorial Guinea,2014,10.35944344,22553.92941,0.652,,60.228,7.787433457
GNQ,Equatorial Guinea,2015,10.66397939,21037.17057,0.656,,60.635,7.8949564
GNQ,Equatorial Guinea,2016,10.96851535,18787.45932,0.659,,61.081,8.002479343
GNQ,Equatorial Guinea,2017,11.2730513,17055.53673,0.661,,61.481,8.110002286
GNQ,Equatorial Guinea,2018,11.57758725,15351.19251,0.663,,61.915,8.167110529
GNQ,Equatorial Guinea,2019,11.8821232,14931.17863,0.667,,62.297,8.224218771
GNQ,Equatorial Guinea,2020,12.18665915,14178.45826,0.668,,62.141,8.281327014
GNQ,Equatorial Guinea,2021,12.49119511,13554.72465,0.671,,62.447,8.281327014
GNQ,Equatorial Guinea,2022,12.49119511,13996.80428,0.677,,63.355,8.281327014
GNQ,Equatorial Guinea,2023,12.49119511,12762.46845,0.674,133.0,63.707,8.281327014
GRC,Greece,1990,12.61826992,27322.461,0.77,,77.299,7.812785756
GRC,Greece,1991,13.21514988,28154.15011,0.78,,77.386,7.940000057
GRC,Greece,1992,13.24009991,28293.1387,0.782,,77.306,8.069285767
GRC,Greece,1993,13.17138958,27608.91578,0.784,,77.691,8.198571478
GRC,Greece,1994,13.38531971,28027.0289,0.79,,77.858,8.327857188
GRC,Greece,1995,13.39009953,28478.91985,0.792,,77.893,8.457142898
GRC,Greece,1996,13.50638962,28687.20942,0.796,,78.036,8.586428608
GRC,Greece,1997,13.69067955,29637.28145,0.803,,78.399,8.715714318
GRC,Greece,1998,14.39577007,30443.77761,0.813,,78.303,8.845000029
GRC,Greece,1999,14.34626961,30761.67903,0.816,,78.423,8.974285739
GRC,Greece,2000,15.08321953,32380.16582,0.828,,78.442,9.103571449
GRC,Greece,2001,15.47509956,33557.43921,0.837,,78.909,9.232857159
GRC,Greece,2002,15.00137043,34584.2775,0.836,,79.031,9.362142869
GRC,Greece,2003,15.1559,36360.86369,0.842,,79.085,9.49142858
GRC,Greece,2004,15.57777977,37795.67195,0.851,,79.35,9.62071429
GRC,Greece,2005,16.32467079,38542.82484,0.863,,79.65,9.75
GRC,Greece,2006,16.47640991,39826.98173,0.871,,79.76,10.10000038
GRC,Greece,2007,15.9950304,40813.40373,0.866,,79.662,10.06000042
GRC,Greece,2008,16.28445689,40264.63409,0.871,,80.105,10.10000038
GRC,Greece,2009,16.57388337,38813.87002,0.874,,80.368,10.15500021
GRC,Greece,2010,16.86330986,36882.21788,0.876,,80.573,10.21000004
GRC,Greece,2011,17.04985046,32813.56876,0.874,,80.625,10.30750012
GRC,Greece,2012,17.24628067,31614.15215,0.874,,80.422,10.40500021
GRC,Greece,2013,17.40769005,30937.4899,0.879,,81.067,10.5025003
GRC,Greece,2014,17.87471008,31677.08228,0.886,,81.12,10.60000038
GRC,Greece,2015,18.29533005,32084.61735,0.888,,80.789,10.73999977
GRC,Greece,2016,18.71595001,32068.47079,0.884,,81.269,10.25
GRC,Greece,2017,19.03323936,32372.07923,0.887,,80.961,10.53999996
GRC,Greece,2018,19.29426956,32491.23436,0.893,,81.495,10.82999992
GRC,Greece,2019,19.64760971,33130.1267,0.896,,81.349,11.11999989
GRC,Greece,2020,19.47872925,30333.29095,0.896,,81.536,11.40999985
GRC,Greece,2021,19.77392006,32763.77334,0.897,,80.531,11.55385642
GRC,Greece,2022,20.84550095,34502.3192,0.897,,79.944,11.55385642
GRC,Greece,2023,20.84550095,35760.74915,0.908,34.0,81.857,11.55385642
GRD,Grenada,1990,14.92853619,7748.380407,0.744,,70.546,8.639279542
GRD,Grenada,1991,14.99842811,8023.229312,0.744,,70.823,8.639279542
GRD,Grenada,1992,15.06864725,7981.926842,0.744,,71.125,8.639279542
GRD,Grenada,1993,15.13919514,7632.417428,0.744,,71.45,8.639279542
GRD,Grenada,1994,15.21007332,7786.996859,0.744,,71.78,8.639279542
GRD,Grenada,1995,15.28128333,7797.999588,0.744,,72.094,8.639279542
GRD,Grenada,1996,15.35282673,8065.846692,0.744,,72.373,8.639279542
GRD,Grenada,1997,15.42470508,8402.528205,0.744,,72.6,8.639279542
GRD,Grenada,1998,15.49691995,9239.704806,0.744,,72.762,8.639279542
GRD,Grenada,1999,15.56947291,9785.449068,0.744,,72.873,8.639279542
GRD,Grenada,2000,15.64236555,10083.21647,0.744,,72.955,8.639279542
GRD,Grenada,2001,15.71559945,9675.201809,0.744,,73.034,8.639279542
GRD,Grenada,2002,15.78917622,9877.363381,0.744,,73.142,8.639279542
GRD,Grenada,2003,15.86309746,10796.11568,0.751,,73.291,8.683001974
GRD,Grenada,2004,15.93736478,10410.0549,0.746,,72.447,8.726945681
GRD,Grenada,2005,16.0119798,12645.57799,0.764,,73.7,8.771111782
GRD,Grenada,2006,16.08694415,12088.35973,0.764,,73.93,8.815501403
GRD,Grenada,2007,16.16225947,12612.57023,0.768,,74.159,8.860115674
GRD,Grenada,2008,16.2379274,12722.24135,0.771,,74.374,8.904955734
GRD,Grenada,2009,16.31394958,11462.4812,0.767,,74.567,8.950022724
GRD,Grenada,2010,16.39104621,11746.81735,0.771,,74.731,8.995317793
GRD,Grenada,2011,16.46814283,11920.22537,0.773,,74.861,9.040842095
GRD,Grenada,2012,16.54523945,11684.75746,0.774,,74.961,9.086596791
GRD,Grenada,2013,16.62233607,11979.79295,0.777,,75.022,9.132583046
GRD,Grenada,2014,16.69943269,12096.39156,0.779,,75.045,9.178802032
GRD,Grenada,2015,16.77652931,12469.03482,0.782,,75.037,9.225021019
GRD,Grenada,2016,16.72244072,13152.37933,0.784,,75.01,9.271240005
GRD,Grenada,2017,16.38377953,13711.85479,0.784,,74.977,9.317458992
GRD,Grenada,2018,16.59221077,14183.28334,0.788,,74.957,9.363677979
GRD,Grenada,2019,16.58723542,14253.09697,0.789,,74.971,9.391251755
GRD,Grenada,2020,16.58226156,12615.46801,0.782,,75.019,9.418825531
GRD,Grenada,2021,16.57728919,13064.98768,0.782,,74.522,9.446399307
GRD,Grenada,2022,16.57728919,13884.07868,0.789,,75.151,9.446399307
GRD,Grenada,2023,16.57728919,14349.02804,0.791,80.0,75.205,9.446399307
GTM,Guatemala,1990,6.89961844,7346.454491,0.499,,61.767,3.1943688
GTM,Guatemala,1991,6.942571071,7525.925898,0.503,,61.926,3.26977685
GTM,Guatemala,1992,6.985791098,7666.862507,0.506,,61.992,3.345184901
GTM,Guatemala,1993,7.029280186,7791.479849,0.51,,62.442,3.420592951
GTM,Guatemala,1994,7.073040009,7908.893787,0.515,,63.026,3.496001002
GTM,Guatemala,1995,7.169149876,8091.199032,0.522,,63.662,3.571409052
GTM,Guatemala,1996,7.418882779,8100.873235,0.53,,64.54,3.640533098
GTM,Guatemala,1997,7.668615682,8266.544119,0.539,,65.249,3.709657144
GTM,Guatemala,1998,7.918348585,8511.656743,0.548,,65.969,3.77878119
GTM,Guatemala,1999,8.168081488,8616.868455,0.556,,66.634,3.847905237
GTM,Guatemala,2000,8.417814391,8717.290389,0.563,,67.102,3.917029283
GTM,Guatemala,2001,8.667547294,8768.60233,0.567,,67.436,3.883514594
GTM,Guatemala,2002,8.917280197,8799.410459,0.572,,67.835,3.849999905
GTM,Guatemala,2003,9.193762207,8838.818156,0.577,,68.204,3.799999952
GTM,Guatemala,2004,9.470244217,8901.737449,0.58,,68.245,3.75
GTM,Guatemala,2005,9.746726227,8999.269887,0.583,,68.167,3.700000048
GTM,Guatemala,2006,10.02320824,9247.123771,0.59,,68.79,3.650000095
GTM,Guatemala,2007,10.29969025,9619.629687,0.601,,69.299,3.841666778
GTM,Guatemala,2008,10.57704496,9832.787658,0.609,,69.493,4.03333346
GTM,Guatemala,2009,10.85439968,9660.426926,0.616,,69.676,4.225000143
GTM,Guatemala,2010,11.09412003,9700.702242,0.623,,69.885,4.416666826
GTM,Guatemala,2011,11.06177044,9895.389864,0.628,,70.321,4.608333508
GTM,Guatemala,2012,10.85068989,10084.46014,0.631,,70.722,4.800000191
GTM,Guatemala,2013,10.8308897,10247.59714,0.633,,70.878,4.900000095
GTM,Guatemala,2014,10.92879009,10487.76538,0.65,,70.942,5.840000153
GTM,Guatemala,2015,10.97344017,10755.92133,0.638,,70.915,4.933569908
GTM,Guatemala,2016,10.92856002,10886.47492,0.642,,71.215,5.120177388
GTM,Guatemala,2017,10.88367987,11047.85546,0.647,,71.583,5.306784868
GTM,Guatemala,2018,10.83879972,11250.01912,0.649,,71.496,5.493392348
GTM,Guatemala,2019,10.79391956,11545.76983,0.653,,71.639,5.679999828
GTM,Guatemala,2020,10.76484728,11165.96465,0.645,,69.971,5.73576657
GTM,Guatemala,2021,10.73577499,11805.84126,0.639,,67.858,5.791533311
GTM,Guatemala,2022,10.70670271,12170.95582,0.655,,71.206,5.847300053
GTM,Guatemala,2023,10.67763042,12458.604,0.662,137.0,72.602,5.847300053
GUY,Guyana,1990,8.467954444,1978.231433,0.494,,62.254,5.271297611
GUY,Guyana,1991,8.627023927,1765.859915,0.491,,62.463,5.341373946
GUY,Guyana,1992,8.789081511,2184.254288,0.507,,62.816,5.41145028
GUY,Guyana,1993,8.954183327,2667.460489,0.521,,63.016,5.481526615
GUY,Guyana,1994,9.122386559,3062.151401,0.531,,63.007,5.55160295
GUY,Guyana,1995,9.293749469,3256.359979,0.536,,62.668,5.621679284
GUY,Guyana,1996,9.468331411,3764.76773,0.546,,62.691,5.699541878
GUY,Guyana,1997,9.646192852,3886.121593,0.552,,62.879,5.777404472
GUY,Guyana,1998,9.827395399,3896.619138,0.557,,63.429,5.855267066
GUY,Guyana,1999,10.01200181,3918.473624,0.562,,63.772,5.93312966
GUY,Guyana,2000,10.20007604,3947.439082,0.567,,64.075,6.010992254
GUY,Guyana,2001,10.28467396,4333.198143,0.575,,64.38,6.06549607
GUY,Guyana,2002,10.36927189,4737.313462,0.58,,64.183,6.119999886
GUY,Guyana,2003,10.45386982,5190.998958,0.587,,64.117,6.263449276
GUY,Guyana,2004,10.82208014,5930.251668,0.6,,64.214,6.406898667
GUY,Guyana,2005,11.19029045,6424.210189,0.61,,64.392,6.550348057
GUY,Guyana,2006,11.04757023,7306.7668,0.619,,64.848,6.693797448
GUY,Guyana,2007,10.90485001,7931.641828,0.626,,65.462,6.837246839
GUY,Guyana,2008,11.0310297,8201.615452,0.632,,65.721,6.980696229
GUY,Guyana,2009,11.01204014,8520.599899,0.637,,66.03,7.12414562
GUY,Guyana,2010,11.40573025,9031.911854,0.647,,66.204,7.267595011
GUY,Guyana,2011,12.06239986,9452.896092,0.659,,66.469,7.411044401
GUY,Guyana,2012,12.13850021,9981.642893,0.664,,66.443,7.554493792
GUY,Guyana,2013,12.2407403,10200.67201,0.669,,66.71,7.697943183
GUY,Guyana,2014,12.34298038,10904.59524,0.678,,67.334,7.841392573
GUY,Guyana,2015,12.45615992,10822.72304,0.683,,67.719,7.984841964
GUY,Guyana,2016,12.56933947,11538.61023,0.69,,68.069,8.128291354
GUY,Guyana,2017,12.68251901,11766.61748,0.696,,68.543,8.271740745
GUY,Guyana,2018,12.79569856,12053.13819,0.702,,68.829,8.415190136
GUY,Guyana,2019,12.9088781,12837.59228,0.709,,69.067,8.558639526
GUY,Guyana,2020,13.02205765,18423.51228,0.722,,67.751,8.627408726
GUY,Guyana,2021,13.02205765,21902.23821,0.713,,64.323,8.702429672
GUY,Guyana,2022,13.02205765,35505.99125,0.763,,69.888,8.702429672
GUY,Guyana,2023,13.02205765,46959.25173,0.776,89.0,70.18,8.702429672
HKG,"Hong Kong, China (SAR)",1990,9.417396624,35008.21557,0.755,,77.448,8.669747987
HKG,"Hong Kong, China (SAR)",1991,9.689919184,36368.15981,0.764,,77.693,8.850000381
HKG,"Hong Kong, China (SAR)",1992,9.970328058,37697.5794,0.773,,77.988,9.034000397
HKG,"Hong Kong, China (SAR)",1993,10.25885146,40684.90265,0.784,,78.327,9.218000412
HKG,"Hong Kong, China (SAR)",1994,10.55572421,41456.18633,0.793,,78.718,9.402000427
HKG,"Hong Kong, China (SAR)",1995,10.86118793,40785.09225,0.8,,79.106,9.586000443
HKG,"Hong Kong, China (SAR)",1996,11.17549122,40477.94392,0.808,,79.454,9.770000458
HKG,"Hong Kong, China (SAR)",1997,11.49888989,42819.24722,0.817,,79.732,9.893000412
HKG,"Hong Kong, China (SAR)",1998,11.83164713,41628.47846,0.823,,80.072,10.01600037
HKG,"Hong Kong, China (SAR)",1999,12.17403376,41702.27688,0.83,,80.389,10.13900032
HKG,"Hong Kong, China (SAR)",2000,12.52632846,43438.57258,0.839,,80.704,10.26200027
HKG,"Hong Kong, China (SAR)",2001,12.88881792,44249.26543,0.847,,80.992,10.38500023
HKG,"Hong Kong, China (SAR)",2002,13.26179719,44677.0499,0.854,,81.18,10.50800018
HKG,"Hong Kong, China (SAR)",2003,13.6455698,45902.60319,0.861,,81.142,10.63100014
HKG,"Hong Kong, China (SAR)",2004,13.69073009,47420.82066,0.866,,81.455,10.75400009
HKG,"Hong Kong, China (SAR)",2005,13.84333038,49248.45378,0.872,,81.675,10.87700005
HKG,"Hong Kong, China (SAR)",2006,13.93659019,52201.39311,0.879,,81.947,11.0
HKG,"Hong Kong, China (SAR)",2007,14.5418396,56021.40842,0.891,,82.144,11.10500002
HKG,"Hong Kong, China (SAR)",2008,15.70619965,57524.72326,0.907,,82.34,11.21000004
HKG,"Hong Kong, China (SAR)",2009,15.90507984,54775.59622,0.909,,82.586,11.31000042
HKG,"Hong Kong, China (SAR)",2010,15.82145977,56363.98913,0.912,,82.859,11.39999962
HKG,"Hong Kong, China (SAR)",2011,15.86518955,58651.22758,0.918,,83.16,11.61999989
HKG,"Hong Kong, China (SAR)",2012,16.15875053,57895.28915,0.923,,83.416,11.70666663
HKG,"Hong Kong, China (SAR)",2013,16.2155304,59980.93693,0.928,,83.695,11.79333337
HKG,"Hong Kong, China (SAR)",2014,16.31303024,61142.37203,0.932,,83.927,11.88000011
HKG,"Hong Kong, China (SAR)",2015,16.3966198,62900.52333,0.937,,84.147,12.02000046
HKG,"Hong Kong, China (SAR)",2016,16.34737015,64518.39536,0.94,,84.38,12.09500027
HKG,"Hong Kong, China (SAR)",2017,16.49121094,67681.99345,0.946,,84.662,12.17000008
HKG,"Hong Kong, China (SAR)",2018,16.80493927,69519.03533,0.952,,84.987,12.19999981
HKG,"Hong Kong, China (SAR)",2019,16.90809059,67818.44314,0.952,,85.263,12.22999954
HKG,"Hong Kong, China (SAR)",2020,17.06225014,64125.19919,0.95,,84.707,12.26999982
HKG,"Hong Kong, China (SAR)",2021,17.45280075,70450.33815,0.961,,85.082,12.3100001
HKG,"Hong Kong, China (SAR)",2022,17.25489044,67927.26128,0.95,,83.485,12.35000038
HKG,"Hong Kong, China (SAR)",2023,16.89586067,69435.75706,0.955,8.0,85.511,12.35000038
HND,Honduras,1990,8.164045768,3925.459917,0.516,,65.183,3.864076634
HND,Honduras,1991,8.22233963,3934.245361,0.519,,65.584,3.943711
HND,Honduras,1992,8.281049728,4008.004801,0.523,,65.908,4.023345366
HND,Honduras,1993,8.339759827,4289.428468,0.529,,66.074,4.102979732
HND,Honduras,1994,8.457868512,4124.709281,0.532,,66.523,4.182614098
HND,Honduras,1995,8.575977198,4156.713324,0.537,,66.919,4.262248465
HND,Honduras,1996,8.694085884,4200.244719,0.541,,67.263,4.329213727
HND,Honduras,1997,8.81219457,4372.671052,0.547,,67.542,4.39617899
HND,Honduras,1998,8.930303256,4407.046972,0.529,,62.432,4.463144252
HND,Honduras,1999,9.048411942,4255.903252,0.552,,68.005,4.530109515
HND,Honduras,2000,9.166520627,4408.674464,0.558,,68.302,4.597074777
HND,Honduras,2001,9.284629313,4392.332211,0.561,,68.491,4.66404004
HND,Honduras,2002,9.402737999,4417.994929,0.564,,68.714,4.731005302
HND,Honduras,2003,9.520846685,4472.782123,0.568,,68.874,4.797970565
HND,Honduras,2004,9.638955371,4610.627304,0.573,,69.05,4.864935827
HND,Honduras,2005,9.757064056,4805.050983,0.578,,69.198,4.93190109
HND,Honduras,2006,9.875172742,5000.037914,0.582,,69.364,4.940950449
HND,Honduras,2007,9.993281428,5280.952127,0.587,,69.539,4.949999809
HND,Honduras,2008,10.11139011,5402.834492,0.592,,69.657,5.107499838
HND,Honduras,2009,10.17946529,5188.731257,0.594,,69.823,5.264999866
HND,Honduras,2010,10.24754047,5128.283101,0.596,,69.77,5.422499895
HND,Honduras,2011,10.08246517,5186.313868,0.598,,70.116,5.579999924
HND,Honduras,2012,9.91738987,5200.060107,0.597,,70.46,5.519999981
HND,Honduras,2013,9.689840317,5253.95882,0.601,,70.765,5.849999905
HND,Honduras,2014,9.476940155,5239.033509,0.604,,71.032,6.179999828
HND,Honduras,2015,9.652759552,5373.045997,0.61,,71.323,6.289999962
HND,Honduras,2016,9.688509941,5459.580885,0.616,,71.615,6.53000021
HND,Honduras,2017,9.785019875,5690.230103,0.618,,71.805,6.410000086
HND,Honduras,2018,9.873185158,5716.557641,0.619,,72.001,6.289999962
HND,Honduras,2019,9.961350441,5754.952324,0.632,,72.124,7.090000153
HND,Honduras,2020,10.06127725,5191.774825,0.625,,70.864,7.297090193
HND,Honduras,2021,10.16220647,5686.370962,0.628,,69.492,7.510229074
HND,Honduras,2022,10.16220647,5906.583865,0.643,,72.715,7.510229074
HND,Honduras,2023,10.16220647,6064.785783,0.645,139.0,72.884,7.510229074
HRV,Croatia,1990,9.719560833,17526.9633,0.713,,72.243,6.566150529
HRV,Croatia,1991,10.07700715,17526.9633,0.713,,70.575,6.860000134
HRV,Croatia,1992,10.44759891,17526.9633,0.713,,71.721,7.167000151
HRV,Croatia,1993,10.83181953,17526.9633,0.713,,72.305,7.474000168
HRV,Croatia,1994,11.23017025,17526.9633,0.713,,72.614,7.781000185
HRV,Croatia,1995,10.98812008,17526.9633,0.713,,72.561,8.088000202
HRV,Croatia,1996,11.19351959,18843.54833,0.725,,72.975,8.395000219
HRV,Croatia,1997,11.34228992,20103.91381,0.734,,72.99,8.702000237
HRV,Croatia,1998,11.71883011,20568.27534,0.744,,73.193,9.009000254
HRV,Croatia,1999,12.10394001,20073.6877,0.753,,73.609,9.316000271
HRV,Croatia,2000,12.82217979,20929.10989,0.769,,74.001,9.623000288
HRV,Croatia,2001,13.54041958,22370.43765,0.785,,74.355,9.930000305
HRV,Croatia,2002,13.66327,23741.42023,0.792,,74.646,10.05100031
HRV,Croatia,2003,13.86748028,24671.25503,0.798,,74.709,10.17200031
HRV,Croatia,2004,14.10561991,26090.68924,0.807,,75.266,10.29300032
HRV,Croatia,2005,14.34375954,26991.64618,0.814,,75.57,10.41400032
HRV,Croatia,2006,14.47463989,28295.80733,0.819,,75.677,10.53500032
HRV,Croatia,2007,14.55031013,29819.38881,0.825,,75.886,10.65600033
HRV,Croatia,2008,14.49470997,30115.76649,0.827,,76.001,10.77700033
HRV,Croatia,2009,14.45388985,27842.14445,0.826,,76.313,10.89800034
HRV,Croatia,2010,14.69629955,27646.17444,0.831,,76.676,11.01900034
HRV,Croatia,2011,14.81812,27785.12574,0.836,,76.993,11.14000034
HRV,Croatia,2012,14.98538971,27206.45146,0.839,,77.284,11.26776578
HRV,Croatia,2013,15.3917799,27607.03379,0.846,,77.51,11.32381431
HRV,Croatia,2014,15.5668602,27747.84947,0.848,,77.514,11.39428141
HRV,Croatia,2015,15.61137962,29268.0593,0.852,,77.633,11.41761126
HRV,Croatia,2016,15.67868042,29849.69415,0.856,,77.629,11.54998983
HRV,Croatia,2017,15.84932995,31681.79583,0.862,,77.726,11.63374763
HRV,Croatia,2018,15.96850967,32839.16221,0.867,,77.865,11.76899162
HRV,Croatia,2019,16.03059959,34258.84298,0.872,,78.197,11.84918288
HRV,Croatia,2020,16.10606956,32197.8171,0.867,,77.497,11.95072257
HRV,Croatia,2021,16.24893951,37240.01436,0.876,,77.141,12.0951217
HRV,Croatia,2022,16.34815025,40187.84435,0.886,,78.278,12.0951217
HRV,Croatia,2023,16.34815025,41379.89027,0.889,41.0,78.58,12.0951217
HTI,Haiti,1990,9.246763957,3891.586858,0.461,,53.215,2.680190065
HTI,Haiti,1991,9.30519035,3887.555589,0.464,,53.524,2.78181809
HTI,Haiti,1992,9.363985914,3609.301532,0.466,,54.041,2.883446115
HTI,Haiti,1993,9.423152983,3347.27782,0.467,,54.478,2.985074139
HTI,Haiti,1994,9.482693903,2900.843589,0.463,,54.731,3.086702164
HTI,Haiti,1995,9.542611038,3137.267134,0.473,,55.582,3.188330189
HTI,Haiti,1996,9.602906763,3212.237939,0.479,,56.111,3.297929039
HTI,Haiti,1997,9.663583472,3235.91294,0.484,,56.675,3.407527889
HTI,Haiti,1998,9.724643571,3243.615489,0.488,,57.137,3.51712674
HTI,Haiti,1999,9.786089483,3267.792559,0.493,,57.692,3.62672559
HTI,Haiti,2000,9.847923645,3229.382604,0.497,,58.175,3.73632444
HTI,Haiti,2001,9.910148512,3160.59777,0.5,,58.591,3.843930584
HTI,Haiti,2002,9.972766551,3136.190292,0.504,,59.041,3.951536728
HTI,Haiti,2003,10.03578025,3188.2813,0.508,,59.44,4.059142872
HTI,Haiti,2004,10.0991921,3096.224801,0.505,,58.517,4.166749016
HTI,Haiti,2005,10.16300463,3129.3788,0.516,,60.318,4.274355159
HTI,Haiti,2006,10.22722036,3150.453869,0.52,,60.74,4.364026946
HTI,Haiti,2007,10.29184184,3242.472366,0.524,,61.09,4.453698733
HTI,Haiti,2008,10.35687164,3275.971831,0.528,,61.28,4.543370519
HTI,Haiti,2009,10.42231233,3415.659697,0.534,,61.694,4.633042306
HTI,Haiti,2010,10.48816652,3188.332009,0.452,,45.577,4.722714092
HTI,Haiti,2011,10.55443681,3316.524208,0.536,,61.581,4.824342117
HTI,Haiti,2012,10.62112583,3285.880157,0.54,,62.273,4.925970142
HTI,Haiti,2013,10.68823624,3370.912428,0.545,,62.624,5.027598167
HTI,Haiti,2014,10.75577068,3421.521646,0.549,,62.969,5.129226191
HTI,Haiti,2015,10.82330513,3418.38422,0.552,,63.224,5.230854216
HTI,Haiti,2016,10.89083958,3434.435781,0.555,,63.325,5.306577058
HTI,Haiti,2017,10.95837402,3474.080227,0.559,,63.832,5.3822999
HTI,Haiti,2018,11.02590847,3481.001086,0.561,,64.077,5.3822999
HTI,Haiti,2019,10.98272524,3376.865591,0.56,,64.328,5.3822999
HTI,Haiti,2020,10.93954201,3217.796487,0.555,,63.773,5.3822999
HTI,Haiti,2021,10.89635878,3118.456702,0.548,,62.613,5.3822999
HTI,Haiti,2022,10.89635878,3029.894291,0.552,,63.948,5.3822999
HTI,Haiti,2023,10.89635878,2934.925802,0.554,166.0,64.936,5.3822999
HUN,Hungary,1990,11.34864044,21433.2617,0.73,,69.372,9.479999542
HUN,Hungary,1991,11.31017017,18521.04809,0.724,,69.441,9.549090472
HUN,Hungary,1992,11.2968502,18090.87203,0.722,,69.167,9.618181402
HUN,Hungary,1993,11.77652025,18570.66947,0.729,,69.18,9.687272332
HUN,Hungary,1994,12.2561903,19071.32666,0.739,,69.604,9.756363262
HUN,Hungary,1995,12.55263996,19080.86738,0.744,,69.969,9.825454192
HUN,Hungary,1996,12.91569042,19085.91744,0.752,,70.597,9.894545122
HUN,Hungary,1997,13.17006969,19405.45669,0.758,,71.003,9.963636052
HUN,Hungary,1998,13.52241039,20192.49893,0.764,,70.919,10.03272698
HUN,Hungary,1999,13.95783043,20814.61993,0.771,,71.04,10.10181791
HUN,Hungary,2000,14.34342003,21657.62805,0.781,,71.758,10.17090884
HUN,Hungary,2001,14.69447994,22714.85832,0.791,,72.394,10.23999977
HUN,Hungary,2002,15.05519009,24147.08337,0.8,,72.507,10.38749981
HUN,Hungary,2003,15.4384203,25224.4506,0.807,,72.513,10.53499985
HUN,Hungary,2004,15.18010998,26443.14045,0.811,,72.906,10.68249989
HUN,Hungary,2005,15.3645401,27299.46219,0.816,,72.865,10.82999992
HUN,Hungary,2006,15.45073032,28162.56678,0.823,,73.344,11.07500005
HUN,Hungary,2007,15.45895958,27960.9022,0.826,,73.431,11.32000017
HUN,Hungary,2008,15.4487896,28389.87053,0.833,,73.957,11.5650003
HUN,Hungary,2009,15.40419006,27325.76739,0.834,,74.179,11.81000042
HUN,Hungary,2010,15.48670006,27578.9392,0.838,,74.519,11.88000011
HUN,Hungary,2011,15.50347996,27833.96212,0.841,,74.923,11.92000008
HUN,Hungary,2012,15.49135017,27581.45377,0.841,,75.183,11.84000015
HUN,Hungary,2013,15.83043003,28618.09056,0.85,,75.683,12.01000023
HUN,Hungary,2014,15.58627987,29527.33177,0.848,,75.849,11.77000046
HUN,Hungary,2015,15.31861973,30723.36657,0.847,,75.654,11.85000038
HUN,Hungary,2016,15.15058994,32285.91797,0.851,,76.157,11.89000034
HUN,Hungary,2017,15.2469902,33095.99759,0.853,,76.007,11.98000026
HUN,Hungary,2018,15.16994953,34652.602,0.857,,76.205,12.07000017
HUN,Hungary,2019,15.03071976,36892.28341,0.861,,76.455,12.16000009
HUN,Hungary,2020,15.05879021,35967.77182,0.857,,75.73,12.25
HUN,Hungary,2021,15.07374001,37419.47569,0.852,,74.185,12.33162229
HUN,Hungary,2022,15.46940041,37600.15,0.867,,76.212,12.33162229
HUN,Hungary,2023,15.46940041,37236.07462,0.87,46.0,77.024,12.33162229
IDN,Indonesia,1990,10.15548038,4581.174071,0.531,,63.249,3.220000029
IDN,Indonesia,1991,9.956439972,4912.595014,0.538,,63.703,3.493125036
IDN,Indonesia,1992,9.874369621,5172.750115,0.545,,64.182,3.766250044
IDN,Indonesia,1993,9.861129761,5490.570963,0.555,,64.851,4.039375052
IDN,Indonesia,1994,10.0645504,5873.734687,0.565,,65.041,4.31250006
IDN,Indonesia,1995,10.25559044,6235.115662,0.575,,65.263,4.585625067
IDN,Indonesia,1996,10.40863037,6630.637748,0.585,,65.465,4.858750075
IDN,Indonesia,1997,10.71074009,6813.102501,0.595,,65.774,5.131875083
IDN,Indonesia,1998,10.78509998,5663.033658,0.591,,65.942,5.405000091
IDN,Indonesia,1999,10.88426971,5504.835867,0.595,,66.001,5.678125098
IDN,Indonesia,2000,10.76461029,5713.916428,0.6,,66.292,5.951250106
IDN,Indonesia,2001,10.81116009,6023.317966,0.608,,66.583,6.224375114
IDN,Indonesia,2002,10.9467001,6255.758656,0.617,,66.954,6.497500122
IDN,Indonesia,2003,11.18869972,6411.781737,0.625,,67.134,6.770625129
IDN,Indonesia,2004,11.32516003,6597.824314,0.624,,65.521,7.043750137
IDN,Indonesia,2005,11.23674011,6864.44303,0.638,,67.531,7.316875145
IDN,Indonesia,2006,11.36719036,7192.204205,0.646,,67.664,7.590000153
IDN,Indonesia,2007,12.01272011,7559.852185,0.649,,67.914,7.019999981
IDN,Indonesia,2008,11.97515011,7957.281386,0.653,,68.085,7.070000172
IDN,Indonesia,2009,12.42794991,8225.374539,0.663,,68.267,7.309999943
IDN,Indonesia,2010,12.64494991,8689.819307,0.67,,68.364,7.410000086
IDN,Indonesia,2011,12.96133041,9099.459333,0.678,,68.629,7.510000229
IDN,Indonesia,2012,13.29708958,9528.256939,0.686,,68.862,7.606666883
IDN,Indonesia,2013,13.32936954,9920.760752,0.69,,69.064,7.703333537
IDN,Indonesia,2014,13.26311016,10262.76634,0.693,,69.292,7.800000191
IDN,Indonesia,2015,13.63879967,10650.62841,0.701,,69.52,7.909999847
IDN,Indonesia,2016,13.60601997,11083.03148,0.705,,69.733,7.980000019
IDN,Indonesia,2017,13.72858047,11528.33126,0.712,,69.953,8.239589691
IDN,Indonesia,2018,13.78658009,12028.82869,0.715,,70.08,8.159999847
IDN,Indonesia,2019,13.15936375,12510.5906,0.714,,70.349,8.360000134
IDN,Indonesia,2020,13.34878254,12192.41305,0.71,,68.817,8.56000042
IDN,Indonesia,2021,13.43836212,12546.96347,0.707,,67.452,8.6972232
IDN,Indonesia,2022,13.41617489,13106.56401,0.726,,70.925,8.6972232
IDN,Indonesia,2023,13.33577728,13700.12989,0.728,113.0,71.146,8.6972232
IND,India,1990,8.20444394,2167.222109,0.446,,58.618,2.780574365
IND,India,1991,8.216523603,2143.711946,0.448,,59.032,2.88390652
IND,India,1992,8.228621051,2215.913758,0.453,,59.445,2.987238675
IND,India,1993,8.240736311,2277.498432,0.458,,59.823,3.090570831
IND,India,1994,8.252869409,2381.704988,0.463,,60.237,3.193902986
IND,India,1995,8.26502037,2511.581876,0.469,,60.63,3.297235142
IND,India,1996,8.266550064,2651.649036,0.476,,61.027,3.466324123
IND,India,1997,8.289759636,2711.415799,0.482,,61.439,3.635413105
IND,India,1998,8.301849683,2825.255524,0.488,,61.852,3.804502087
IND,India,1999,8.31393973,3018.348782,0.496,,62.284,3.973591068
IND,India,2000,8.326029778,3069.545308,0.501,,62.749,4.14268005
IND,India,2001,8.807609558,3164.162422,0.511,,63.158,4.219709475
IND,India,2002,8.872280121,3230.410192,0.516,,63.649,4.2967389
IND,India,2003,9.489009857,3424.492756,0.529,,64.086,4.373768325
IND,India,2004,9.759057283,3634.455914,0.538,,64.484,4.45079775
IND,India,2005,10.02910471,3859.176262,0.547,,64.939,4.527827175
IND,India,2006,10.29915214,4104.613146,0.557,,65.373,4.634916863
IND,India,2007,10.56919956,4370.339973,0.566,,65.803,4.742006551
IND,India,2008,10.86855984,4434.020468,0.574,,66.247,4.84909624
IND,India,2009,10.78787994,4716.353012,0.579,,66.7,4.956185928
IND,India,2010,11.10916996,5022.132083,0.59,,67.162,5.063275616
IND,India,2011,11.69287014,5224.30683,0.603,,67.623,5.300000191
IND,India,2012,11.76546955,5420.181423,0.609,,68.076,5.397578144
IND,India,2013,11.80904961,5687.828662,0.615,,68.499,5.495156097
IND,India,2014,12.16592026,6037.901703,0.625,,68.932,5.592734051
IND,India,2015,12.26624012,6443.561001,0.633,,69.326,5.690312004
IND,India,2016,12.67975998,6894.228147,0.644,,69.709,5.787889957
IND,India,2017,12.50761032,7282.890554,0.649,,70.068,6.013944864
IND,India,2018,11.81653976,7670.645786,0.648,,70.415,6.239999771
IND,India,2019,11.75397968,7895.441397,0.651,,70.746,6.281380177
IND,India,2020,12.1291399,7331.951385,0.652,,70.156,6.489999771
IND,India,2021,12.40237045,7992.775136,0.647,,67.282,6.529999971
IND,India,2022,12.95646,8475.67988,0.676,,71.698,6.570000172
IND,India,2023,12.95454025,9046.756336,0.685,130.0,72.003,6.880000114
IRL,Ireland,1990,12.67891026,26778.50688,0.776,,74.838,9.132083385
IRL,Ireland,1991,12.74100018,27250.43199,0.78,,75.027,9.270000458
IRL,Ireland,1992,12.93768978,27615.10286,0.787,,75.423,9.41000042
IRL,Ireland,1993,13.40929985,28343.00212,0.794,,75.289,9.550000381
IRL,Ireland,1994,13.76459026,29994.42891,0.805,,75.796,9.690000343
IRL,Ireland,1995,13.86139011,32148.86155,0.809,,75.474,9.830000305
IRL,Ireland,1996,13.90684986,34165.2229,0.816,,75.826,9.970000267
IRL,Ireland,1997,13.98873043,36932.80106,0.823,,75.977,10.11000023
IRL,Ireland,1998,16.49492073,39930.81007,0.855,,76.185,10.25000019
IRL,Ireland,1999,16.32534027,42336.04908,0.858,,76.089,10.39000015
IRL,Ireland,2000,16.71693993,46011.27187,0.869,,76.535,10.53000011
IRL,Ireland,2001,16.82689095,47273.60575,0.876,,77.1,10.67000008
IRL,Ireland,2002,17.02165985,48294.48381,0.883,,77.59,10.81000004
IRL,Ireland,2003,17.22590065,50097.10203,0.891,,78.1,10.95
IRL,Ireland,2004,17.59017944,50931.43365,0.899,,78.503,11.08999996
IRL,Ireland,2005,17.55994034,53199.294,0.905,,78.909,11.22999992
IRL,Ireland,2006,17.44894981,54868.66071,0.908,,79.15,11.36999989
IRL,Ireland,2007,17.49214935,55024.61998,0.911,,79.563,11.35000038
IRL,Ireland,2008,17.26186943,51527.28773,0.907,,79.788,11.42333349
IRL,Ireland,2009,17.49266052,47076.32208,0.907,,80.095,11.49666659
IRL,Ireland,2010,17.9317894,47569.69314,0.915,,80.599,11.56999969
IRL,Ireland,2011,18.1099205,46788.64056,0.909,,80.727,11.0
IRL,Ireland,2012,18.13200951,46591.62359,0.911,,80.852,11.07166672
IRL,Ireland,2013,18.25286007,49243.01643,0.915,,81.065,11.14333344
IRL,Ireland,2014,18.37371063,52799.08106,0.921,,81.406,11.21500015
IRL,Ireland,2015,18.9115696,63168.94567,0.931,,81.533,11.28666687
IRL,Ireland,2016,19.00027084,67035.12592,0.936,,81.684,11.35833359
IRL,Ireland,2017,18.92165947,70271.86124,0.941,,82.103,11.43000031
IRL,Ireland,2018,19.97864914,72748.49528,0.944,,82.123,11.50304689
IRL,Ireland,2019,19.15852928,75920.35474,0.947,,82.411,11.57656031
IRL,Ireland,2020,19.05665016,77740.95024,0.948,,82.39,11.65054353
IRL,Ireland,2021,19.36688995,85210.2753,0.946,,81.861,11.72499956
IRL,Ireland,2022,19.1848793,87921.89181,0.947,,82.05,11.72499956
IRL,Ireland,2023,19.1848793,90884.63459,0.949,11.0,82.412,11.72499956
IRN,Iran (Islamic Republic of),1990,10.80354888,13115.07519,0.626,,64.066,5.738688277
IRN,Iran (Islamic Republic of),1991,10.89911541,14222.69228,0.645,,66.233,6.021543055
IRN,Iran (Islamic Republic of),1992,10.99552731,14349.98928,0.652,,66.653,6.304397833
IRN,Iran (Islamic Republic of),1993,11.09279205,14048.17863,0.658,,67.037,6.58725261
IRN,Iran (Islamic Republic of),1994,11.19091718,13756.57754,0.664,,67.49,6.870107388
IRN,Iran (Islamic Republic of),1995,11.28991032,13899.41029,0.672,,67.904,7.152962166
IRN,Iran (Islamic Republic of),1996,11.42303514,14589.25916,0.681,,68.328,7.414058883
IRN,Iran (Islamic Republic of),1997,11.55615997,14577.50684,0.687,,68.649,7.675155601
IRN,Iran (Islamic Republic of),1998,11.6892848,14650.71765,0.695,,69.214,7.936252319
IRN,Iran (Islamic Republic of),1999,11.82240963,14709.2561,0.703,,69.686,8.197349037
IRN,Iran (Islamic Republic of),2000,11.79728985,15315.01317,0.71,,70.166,8.458445755
IRN,Iran (Islamic Republic of),2001,12.14344978,15415.49799,0.719,,70.619,8.67874611
IRN,Iran (Islamic Republic of),2002,12.13387012,16499.47883,0.727,,71.112,8.899046466
IRN,Iran (Islamic Republic of),2003,12.28151989,17759.37606,0.732,,70.464,9.119346822
IRN,Iran (Islamic Republic of),2004,12.0468998,18232.53478,0.741,,72.04,9.339647177
IRN,Iran (Islamic Republic of),2005,12.03252029,18513.6276,0.746,,72.446,9.559947533
IRN,Iran (Islamic Republic of),2006,12.30601025,19141.12834,0.757,,72.895,9.869999886
IRN,Iran (Islamic Republic of),2007,12.49221992,20403.47673,0.761,,73.299,9.630000114
IRN,Iran (Islamic Republic of),2008,13.06793022,20175.96185,0.765,,73.683,9.390000343
IRN,Iran (Islamic Republic of),2009,13.27254009,20103.8359,0.771,,74.041,9.550000191
IRN,Iran (Islamic Republic of),2010,13.46039009,20972.81848,0.778,,74.39,9.710000038
IRN,Iran (Islamic Republic of),2011,13.95835018,21254.4223,0.787,,74.721,9.800000191
IRN,Iran (Islamic Republic of),2012,15.37275028,18068.76368,0.795,,75.039,9.890000343
IRN,Iran (Islamic Republic of),2013,15.21718979,17066.84356,0.794,,75.349,10.03999996
IRN,Iran (Islamic Republic of),2014,15.11425972,16883.1304,0.795,,75.635,10.11999989
IRN,Iran (Islamic Republic of),2015,14.88681984,14835.42028,0.788,,75.907,10.21500015
IRN,Iran (Islamic Republic of),2016,14.55496025,15888.55593,0.791,,76.155,10.31000042
IRN,Iran (Islamic Republic of),2017,14.43960953,16089.13784,0.793,,76.396,10.41517492
IRN,Iran (Islamic Republic of),2018,14.3321298,14992.33873,0.79,,76.621,10.52142232
IRN,Iran (Islamic Republic of),2019,14.22465007,13613.37615,0.787,,76.855,10.62875357
IRN,Iran (Islamic Republic of),2020,14.11717033,13783.59131,0.775,,74.141,10.73717974
IRN,Iran (Islamic Republic of),2021,13.96833061,15037.39433,0.777,,73.752,10.84671198
IRN,Iran (Islamic Republic of),2022,13.96833061,15444.05326,0.793,,76.799,10.84671198
IRN,Iran (Islamic Republic of),2023,13.96833061,16095.77169,0.799,75.0,77.654,10.84671198
IRQ,Iraq,1990,7.327815947,10766.43511,0.531,,57.587,4.870067518
IRQ,Iraq,1991,7.429752878,3611.705627,0.504,,61.338,4.938896229
IRQ,Iraq,1992,7.533107849,4475.891044,0.532,,65.344,5.008697696
IRQ,Iraq,1993,7.637900587,6338.655994,0.55,,65.31,5.079485668
IRQ,Iraq,1994,7.744151092,5760.642092,0.547,,65.027,5.151274088
IRQ,Iraq,1995,7.851879643,4558.38103,0.538,,64.761,5.224077093
IRQ,Iraq,1996,7.961106802,6615.046306,0.557,,64.618,5.297909025
IRQ,Iraq,1997,8.071853415,7774.523617,0.565,,64.241,5.372784424
IRQ,Iraq,1998,8.184140619,10196.88812,0.58,,64.405,5.448718037
IRQ,Iraq,1999,8.297989845,11560.47249,0.589,,64.532,5.525724821
IRQ,Iraq,2000,8.340339661,11493.58437,0.592,,64.86,5.603819943
IRQ,Iraq,2001,8.612099648,11388.10016,0.598,,65.292,5.685289049
IRQ,Iraq,2002,8.883859634,10148.51016,0.6,,65.724,5.766758155
IRQ,Iraq,2003,9.155619621,6736.903474,0.582,,64.834,5.848227261
IRQ,Iraq,2004,9.427379608,10097.73994,0.604,,64.634,5.929696368
IRQ,Iraq,2005,9.659049664,10150.07114,0.609,,64.899,6.011165474
IRQ,Iraq,2006,9.89071972,10601.61861,0.611,,64.029,6.09263458
IRQ,Iraq,2007,10.12238978,10926.44006,0.618,,64.428,6.169443469
IRQ,Iraq,2008,10.35405983,11747.38508,0.634,,66.465,6.246252357
IRQ,Iraq,2009,10.58572989,11653.81171,0.644,,67.834,6.323061245
IRQ,Iraq,2010,10.81739994,11861.11777,0.65,,68.092,6.399870133
IRQ,Iraq,2011,11.04907,12162.66267,0.656,,68.435,6.476679021
IRQ,Iraq,2012,11.17834286,13338.98727,0.664,,68.827,6.506849165
IRQ,Iraq,2013,11.30761571,13563.73569,0.668,,69.047,6.537019308
IRQ,Iraq,2014,11.43688857,13108.09599,0.671,,69.679,6.567189452
IRQ,Iraq,2015,11.56616143,13340.26651,0.675,,69.977,6.597359595
IRQ,Iraq,2016,11.69543429,14823.34735,0.676,,68.683,6.627529739
IRQ,Iraq,2017,11.82470714,14222.17199,0.681,,69.788,6.657699882
IRQ,Iraq,2018,11.95398,14235.91516,0.689,,71.116,6.687870026
IRQ,Iraq,2019,12.08762083,14705.62482,0.693,,71.245,6.718455358
IRQ,Iraq,2020,12.22275571,12595.00346,0.68,,69.651,6.749180566
IRQ,Iraq,2021,12.35940135,12472.52673,0.687,,70.704,6.780046287
IRQ,Iraq,2022,12.35940135,13212.97398,0.695,,72.037,6.780046287
IRQ,Iraq,2023,12.35940135,12653.52469,0.695,126.0,72.324,6.780046287
ISL,Iceland,1990,14.14389992,38975.09342,0.841,,77.741,10.50758987
ISL,Iceland,1991,15.23260021,38720.8085,0.853,,77.757,10.62434086
ISL,Iceland,1992,15.55963993,37093.25837,0.86,,78.587,10.74109186
ISL,Iceland,1993,15.5397501,37132.6757,0.863,,78.809,10.85784286
ISL,Iceland,1994,15.78847027,37880.46965,0.868,,79.022,10.97459386
ISL,Iceland,1995,15.85289955,37676.82051,0.863,,77.543,11.09134486
ISL,Iceland,1996,15.92556,39334.05844,0.873,,78.646,11.22051618
ISL,Iceland,1997,16.35976982,41293.16687,0.881,,78.672,11.34968749
ISL,Iceland,1998,16.79397964,43904.2409,0.893,,79.396,11.47885881
ISL,Iceland,1999,16.77102089,45248.87639,0.895,,79.236,11.60803013
ISL,Iceland,2000,17.02371025,46484.37786,0.902,,79.549,11.73720145
ISL,Iceland,2001,17.05023956,47707.63856,0.91,,80.421,11.88376121
ISL,Iceland,2002,17.55954933,48893.27017,0.917,,80.278,12.03032097
ISL,Iceland,2003,18.24403,48958.72529,0.925,,80.768,12.17688074
ISL,Iceland,2004,17.92898941,50891.18572,0.928,,80.721,12.3234405
ISL,Iceland,2005,18.1415596,53389.75104,0.935,,81.169,12.47000027
ISL,Iceland,2006,18.12881088,54268.96818,0.936,,80.938,12.56000022
ISL,Iceland,2007,17.97085953,58244.98673,0.941,,81.093,12.65000016
ISL,Iceland,2008,18.00515938,49949.24546,0.935,,81.244,12.74000011
ISL,Iceland,2009,17.9835701,47116.69504,0.934,,81.417,12.83000006
ISL,Iceland,2010,18.52272034,46487.07281,0.935,,81.594,12.92000001
ISL,Iceland,2011,18.74509048,49206.21769,0.941,,81.972,13.00999996
ISL,Iceland,2012,19.17963982,51086.19251,0.946,,82.346,13.0999999
ISL,Iceland,2013,19.7612896,57565.93608,0.95,,81.743,13.18999985
ISL,Iceland,2014,19.71046066,57564.29421,0.954,,82.43,13.2799998
ISL,Iceland,2015,19.35326958,60150.59304,0.956,,82.164,13.36999975
ISL,Iceland,2016,19.06691933,64410.38052,0.959,,81.829,13.4599997
ISL,Iceland,2017,18.73963928,64613.05678,0.962,,82.241,13.54999965
ISL,Iceland,2018,18.50045967,66761.91754,0.966,,82.453,13.63999959
ISL,Iceland,2019,18.23498917,67265.77526,0.969,,82.847,13.72999954
ISL,Iceland,2020,18.23974037,61884.74398,0.965,,82.711,13.77000046
ISL,Iceland,2021,19.10672951,62050.96254,0.967,,82.843,13.90892628
ISL,Iceland,2022,18.85058975,65820.93494,0.964,,81.588,13.90892628
ISL,Iceland,2023,18.85058975,69116.93736,0.972,1.0,82.691,13.90892628
ISR,Israel,1990,12.10217953,22847.68542,0.787,,78.038,9.899425421
ISR,Israel,1991,12.33714008,23790.17846,0.791,,77.583,9.965840424
ISR,Israel,1992,12.53806496,24730.13449,0.794,,77.273,10.03225543
ISR,Israel,1993,12.73898983,25118.03088,0.801,,77.862,10.09867043
ISR,Israel,1994,12.90746498,26215.41739,0.806,,78.045,10.16508543
ISR,Israel,1995,13.07594013,27142.66612,0.81,,78.052,10.23150043
ISR,Israel,1996,13.21335983,28128.41007,0.817,,78.57,10.30330044
ISR,Israel,1997,13.7025067,28670.39725,0.824,,78.552,10.37510044
ISR,Israel,1998,14.19165357,29412.31691,0.831,,78.588,10.44690044
ISR,Israel,1999,14.68080044,29528.26852,0.839,,78.891,10.51870045
ISR,Israel,2000,14.3139801,30349.35891,0.839,,79.18,10.59050045
ISR,Israel,2001,14.37794971,30306.61941,0.841,,79.479,10.63537545
ISR,Israel,2002,14.89109039,29744.48048,0.846,,79.514,10.68025045
ISR,Israel,2003,14.77112961,29427.11825,0.847,,79.819,10.72512546
ISR,Israel,2004,14.66952038,30181.54962,0.85,,80.305,10.77000046
ISR,Israel,2005,14.64525986,31342.54818,0.858,,80.394,11.2750001
ISR,Israel,2006,14.57705021,32550.09463,0.867,,80.786,11.77999973
ISR,Israel,2007,14.7148304,33747.92786,0.878,,80.953,12.38000011
ISR,Israel,2008,14.56844997,33328.60825,0.878,,81.283,12.42000008
ISR,Israel,2009,14.84815025,33538.95935,0.884,,81.818,12.46000004
ISR,Israel,2010,15.04463959,34699.30434,0.889,,81.974,12.5
ISR,Israel,2011,15.04598045,35728.29256,0.892,,81.989,12.60000038
ISR,Israel,2012,15.0644598,35851.67659,0.893,,81.985,12.68999958
ISR,Israel,2013,15.10923004,37084.80553,0.899,,82.354,12.80000019
ISR,Israel,2014,15.09504986,38429.68094,0.902,,82.361,12.92000008
ISR,Israel,2015,15.04730034,39308.41243,0.902,,82.254,12.96000004
ISR,Israel,2016,14.90981007,40581.94098,0.905,,82.612,13.05404318
ISR,Israel,2017,14.92461014,41657.80155,0.908,,82.699,13.14876875
ISR,Israel,2018,14.85824013,42435.43941,0.911,,82.918,13.24418168
ISR,Israel,2019,14.78419018,43591.8008,0.913,,82.905,13.34028697
ISR,Israel,2020,14.8323698,42328.77314,0.912,,82.7,13.43708963
ISR,Israel,2021,15.02984047,45526.47745,0.918,,82.517,13.53459474
ISR,Israel,2022,14.93416023,47910.69018,0.921,,82.814,13.53459474
ISR,Israel,2023,14.93416023,48050.11176,0.919,27.0,82.408,13.53459474
ITA,Italy,1990,12.96341991,42767.63147,0.787,,76.994,7.438088771
ITA,Italy,1991,13.15884018,43303.67403,0.792,,76.99,7.568688958
ITA,Italy,1992,13.53209972,43541.85504,0.8,,77.365,7.699289145
ITA,Italy,1993,13.82783031,43225.99153,0.806,,77.653,7.829889332
ITA,Italy,1994,14.36686993,43902.09342,0.816,,77.873,7.960489519
ITA,Italy,1995,14.54401016,45338.12003,0.823,,78.125,8.091089706
ITA,Italy,1996,14.72264957,46166.24156,0.829,,78.438,8.223730521
ITA,Italy,1997,14.98873997,47250.81883,0.836,,78.735,8.356371335
ITA,Italy,1998,15.09490967,48327.04569,0.84,,78.807,8.48901215
ITA,Italy,1999,15.09480953,49258.53566,0.845,,79.205,8.621652965
ITA,Italy,2000,15.08234024,50336.8363,0.849,,79.607,8.75429378
ITA,Italy,2001,15.40863991,51523.73118,0.856,,79.885,8.840000153
ITA,Italy,2002,15.64844036,51687.65919,0.862,,80.112,8.947500229
ITA,Italy,2003,15.91219997,51609.80733,0.866,,80.191,9.055000305
ITA,Italy,2004,16.06414986,52047.45165,0.874,,81.017,9.162500381
ITA,Italy,2005,16.19094086,52044.3311,0.876,,81.02,9.270000458
ITA,Italy,2006,16.31435013,52522.80554,0.881,,81.414,9.390000343
ITA,Italy,2007,16.38709068,53036.38508,0.885,,81.5,9.529999733
ITA,Italy,2008,16.35217094,51316.66502,0.885,,81.645,9.649999619
ITA,Italy,2009,16.2816906,49487.9567,0.884,,81.762,9.729999542
ITA,Italy,2010,16.23377037,49572.91561,0.887,,82.132,9.819999695
ITA,Italy,2011,16.39005089,49446.66135,0.89,,82.228,9.899999619
ITA,Italy,2012,16.17153931,47721.3659,0.887,,82.252,10.02000046
ITA,Italy,2013,15.97972965,46476.19439,0.887,,82.652,10.12000036
ITA,Italy,2014,15.96411991,46444.01832,0.89,,82.901,10.22000027
ITA,Italy,2015,15.95446968,46804.41933,0.889,,82.521,10.31000042
ITA,Italy,2016,15.95277023,48355.45252,0.894,,83.046,10.39600029
ITA,Italy,2017,16.14879036,49175.83037,0.897,,82.726,10.48200016
ITA,Italy,2018,16.28825951,49926.21106,0.902,,83.184,10.56800003
ITA,Italy,2019,16.38013077,50720.30923,0.906,,83.342,10.6539999
ITA,Italy,2020,16.53112984,47034.06546,0.899,,82.181,10.73999977
ITA,Italy,2021,16.60482979,50538.59539,0.908,,82.865,10.82812827
ITA,Italy,2022,16.71419907,50899.81582,0.905,,82.052,10.82812827
ITA,Italy,2023,16.71419907,52388.88306,0.915,29.0,83.716,10.82812827
JAM,Jamaica,1990,11.20173568,9117.885983,0.662,,71.705,6.687517327
JAM,Jamaica,1991,11.1233902,9133.711331,0.662,,71.787,6.769999981
JAM,Jamaica,1992,11.04559267,9317.533908,0.664,,71.816,6.853499961
JAM,Jamaica,1993,10.96779513,9445.228747,0.664,,71.758,6.936999941
JAM,Jamaica,1994,10.8899976,9538.32623,0.664,,71.624,7.020499921
JAM,Jamaica,1995,10.81220007,9690.601666,0.665,,71.488,7.103999901
JAM,Jamaica,1996,10.73440254,9622.847335,0.664,,71.328,7.187499881
JAM,Jamaica,1997,10.65660501,9373.623988,0.663,,71.216,7.270999861
JAM,Jamaica,1998,10.57880747,9170.003251,0.662,,71.17,7.354499841
JAM,Jamaica,1999,10.50100994,9171.443631,0.662,,71.189,7.437999821
JAM,Jamaica,2000,10.10260963,9158.02833,0.659,,71.281,7.521499801
JAM,Jamaica,2001,10.83096981,9194.395564,0.668,,71.287,7.604999781
JAM,Jamaica,2002,10.98361015,9203.339098,0.672,,71.478,7.688499761
JAM,Jamaica,2003,10.3431797,9506.543734,0.668,,71.585,7.771999741
JAM,Jamaica,2004,11.61485004,9597.861924,0.684,,71.542,7.855499721
JAM,Jamaica,2005,11.84745026,9649.084839,0.687,,71.493,7.938999701
JAM,Jamaica,2006,12.46077029,9893.57282,0.696,,71.395,8.022499681
JAM,Jamaica,2007,13.07409032,10000.92347,0.704,,71.405,8.10599966
JAM,Jamaica,2008,13.68741035,9884.036188,0.711,,71.502,8.18949964
JAM,Jamaica,2009,13.70538044,9513.378477,0.711,,71.717,8.27299962
JAM,Jamaica,2010,13.25212002,9343.997354,0.708,,71.979,8.3564996
JAM,Jamaica,2011,13.33304024,9451.413907,0.711,,72.245,8.43999958
JAM,Jamaica,2012,13.13263988,9379.432578,0.711,,72.405,8.578173291
JAM,Jamaica,2013,12.93223953,9388.733854,0.711,,72.435,8.716347001
JAM,Jamaica,2014,12.89050484,9434.778933,0.712,,72.357,8.854520711
JAM,Jamaica,2015,12.84877014,9503.437032,0.713,,72.214,8.992694421
JAM,Jamaica,2016,12.77001058,9638.051343,0.714,,72.052,9.130868131
JAM,Jamaica,2017,12.6917338,9688.502289,0.715,,71.879,9.269041842
JAM,Jamaica,2018,12.61393683,9847.132342,0.715,,71.606,9.407215552
JAM,Jamaica,2019,12.53661674,9931.361605,0.716,,71.532,9.545389262
JAM,Jamaica,2020,12.45977059,8935.965084,0.711,,71.452,9.683562972
JAM,Jamaica,2021,12.3833955,9336.513028,0.703,,69.085,9.821736683
JAM,Jamaica,2022,12.3833955,9812.845657,0.718,,71.481,9.959910393
JAM,Jamaica,2023,12.3833955,10056.98531,0.72,117.0,71.479,9.959910393
JOR,Jordan,1990,11.38271999,6768.44776,0.619,,70.094,5.004888903
JOR,Jordan,1991,11.68529034,6448.307213,0.625,,70.24,5.283256057
JOR,Jordan,1992,11.97716999,7191.064764,0.638,,70.4,5.561623211
JOR,Jordan,1993,12.00277042,7230.842648,0.643,,70.568,5.839990365
JOR,Jordan,1994,11.92829037,7264.238726,0.647,,70.738,6.118357519
JOR,Jordan,1995,11.98447037,7479.528171,0.653,,70.915,6.396724674
JOR,Jordan,1996,12.04065037,7401.250712,0.657,,71.105,6.589293732
JOR,Jordan,1997,11.98434782,7547.236391,0.661,,71.324,6.781862791
JOR,Jordan,1998,11.92804527,7659.77033,0.664,,71.521,6.97443185
JOR,Jordan,1999,11.87174273,7747.334176,0.668,,71.737,7.167000909
JOR,Jordan,2000,11.81544018,8016.541893,0.672,,71.926,7.359569967
JOR,Jordan,2001,12.0518651,8317.385856,0.679,,72.141,7.506380042
JOR,Jordan,2002,12.28829002,8530.484641,0.686,,72.359,7.653190116
JOR,Jordan,2003,12.58051968,8732.845676,0.693,,72.585,7.800000191
JOR,Jordan,2004,12.8573103,9356.715821,0.705,,72.788,8.144000244
JOR,Jordan,2005,12.84228992,9897.260074,0.713,,72.977,8.488000298
JOR,Jordan,2006,12.84058952,10069.04333,0.719,,73.225,8.832000351
JOR,Jordan,2007,12.84978008,10352.49637,0.725,,73.407,9.176000404
JOR,Jordan,2008,12.88105965,10755.47818,0.733,,73.563,9.520000458
JOR,Jordan,2009,12.88059998,11024.53271,0.735,,73.707,9.565000057
JOR,Jordan,2010,12.55939007,10786.67913,0.732,,73.797,9.609999657
JOR,Jordan,2011,12.56363964,10798.5453,0.734,,73.929,9.763376781
JOR,Jordan,2012,12.89628983,10869.34141,0.74,,74.087,9.916753905
JOR,Jordan,2013,12.90334487,10614.83305,0.742,,74.282,10.07013103
JOR,Jordan,2014,12.91039991,9960.038719,0.742,,74.606,10.22350815
JOR,Jordan,2015,12.91745496,9404.689006,0.743,,75.06,10.37688528
JOR,Jordan,2016,12.92451,9182.50499,0.745,,75.55,10.5302624
JOR,Jordan,2017,12.62730026,9225.350214,0.747,,76.071,10.68363953
JOR,Jordan,2018,12.88411045,9200.475418,0.747,,76.491,10.35000038
JOR,Jordan,2019,12.87932968,9221.831912,0.75,,76.865,10.4000001
JOR,Jordan,2020,12.91650963,8930.955473,0.743,,75.583,10.44999981
JOR,Jordan,2021,12.86102962,9069.403139,0.736,,74.204,10.3799998
JOR,Jordan,2022,13.04354954,9132.887531,0.751,,77.088,10.30999978
JOR,Jordan,2023,13.1090498,9221.872358,0.754,100.0,77.814,10.23999977
JPN,Japan,1990,13.3987999,38205.07043,0.853,,78.993,11.64000034
JPN,Japan,1991,13.53038025,39215.79884,0.857,,79.262,11.68450031
JPN,Japan,1992,13.63418961,39414.11847,0.859,,79.303,11.72900028
JPN,Japan,1993,14.09312487,39313.65995,0.865,,79.446,11.77350025
JPN,Japan,1994,14.55206013,39452.03319,0.872,,79.837,11.81800022
JPN,Japan,1995,14.6657896,40379.10831,0.874,,79.684,11.86250019
JPN,Japan,1996,14.74849319,41538.65076,0.88,,80.363,11.90700016
JPN,Japan,1997,14.83119678,41735.4615,0.883,,80.584,11.95150013
JPN,Japan,1998,14.91390038,41210.67099,0.884,,80.649,11.9960001
JPN,Japan,1999,14.95662022,40932.11124,0.885,,80.613,12.04050007
JPN,Japan,2000,14.98795945,41849.83571,0.889,,81.179,12.08500004
JPN,Japan,2001,15.01929869,41968.38522,0.892,,81.51,12.12950001
JPN,Japan,2002,15.05063793,41828.03554,0.894,,81.795,12.17399998
JPN,Japan,2003,15.08197716,42294.58547,0.896,,81.854,12.21849995
JPN,Japan,2004,15.1133164,43137.55662,0.899,,82.127,12.26299992
JPN,Japan,2005,15.14465564,43708.53988,0.9,,82.007,12.30749989
JPN,Japan,2006,15.17599487,44065.92301,0.903,,82.37,12.35199986
JPN,Japan,2007,15.20733411,44593.16405,0.905,,82.549,12.39649982
JPN,Japan,2008,15.23867335,43158.25607,0.905,,82.633,12.44099979
JPN,Japan,2009,15.27001258,41282.3187,0.905,,82.97,12.48549976
JPN,Japan,2010,15.30135182,42697.70813,0.907,,82.916,12.52999973
JPN,Japan,2011,15.33269106,42381.81014,0.906,,82.671,12.54399977
JPN,Japan,2012,15.36403029,42888.81751,0.909,,83.168,12.5579998
JPN,Japan,2013,15.39536953,43921.64278,0.912,,83.402,12.57199984
JPN,Japan,2014,15.40052986,44147.97475,0.914,,83.643,12.58599987
JPN,Japan,2015,15.41378021,45665.37189,0.917,,83.883,12.5999999
JPN,Japan,2016,15.37909031,46232.07854,0.918,,84.057,12.61399994
JPN,Japan,2017,15.38788986,46868.46444,0.92,,84.189,12.62799997
JPN,Japan,2018,15.40042019,46930.16418,0.921,,84.289,12.64200001
JPN,Japan,2019,15.44126987,46914.56326,0.922,,84.418,12.65600004
JPN,Japan,2020,15.45631981,45394.73338,0.922,,84.67,12.67000008
JPN,Japan,2021,15.43260002,46678.91661,0.922,,84.55,12.68404671
JPN,Japan,2022,15.51198006,46656.39246,0.921,,84.054,12.68404671
JPN,Japan,2023,15.51198006,47774.60973,0.925,23.0,84.712,12.68404671
KAZ,Kazakhstan,1990,12.20178986,18539.24266,0.689,,65.701,7.501172074
KAZ,Kazakhstan,1991,12.06552029,16389.28036,0.683,,65.379,7.728536793
KAZ,Kazakhstan,1992,11.90870953,15469.15916,0.68,,64.978,7.955901511
KAZ,Kazakhstan,1993,11.66178465,14053.38291,0.673,,64.538,8.18326623
KAZ,Kazakhstan,1994,11.41485977,12427.73488,0.666,,64.108,8.410630949
KAZ,Kazakhstan,1995,11.55536385,11627.61904,0.665,,63.717,8.637995668
KAZ,Kazakhstan,1996,11.69586792,11830.70791,0.669,,63.455,8.863496741
KAZ,Kazakhstan,1997,11.83637199,12184.89623,0.673,,63.318,9.088997815
KAZ,Kazakhstan,1998,11.97687607,12168.97845,0.678,,63.349,9.314498888
KAZ,Kazakhstan,1999,12.11738014,12405.85433,0.683,,63.528,9.539999962
KAZ,Kazakhstan,2000,12.23789978,13260.08498,0.692,,63.793,9.787500024
KAZ,Kazakhstan,2001,12.63942146,15288.08482,0.707,,64.108,10.03500009
KAZ,Kazakhstan,2002,13.04094315,16937.5366,0.72,,64.441,10.28250015
KAZ,Kazakhstan,2003,13.44246483,18224.10776,0.732,,64.753,10.53000021
KAZ,Kazakhstan,2004,13.84398651,19582.77894,0.743,,65.04,10.77750027
KAZ,Kazakhstan,2005,14.24550819,20428.64291,0.754,,65.356,11.02500033
KAZ,Kazakhstan,2006,14.64702988,21650.71045,0.765,,65.722,11.2725004
KAZ,Kazakhstan,2007,14.60829234,22921.10756,0.772,,66.18,11.52000046
KAZ,Kazakhstan,2008,14.56955481,22263.74445,0.771,,66.759,11.26500034
KAZ,Kazakhstan,2009,14.53081727,23577.28455,0.774,,67.46,11.01000023
KAZ,Kazakhstan,2010,14.49207973,23852.09045,0.781,,68.257,11.17462858
KAZ,Kazakhstan,2011,14.70116043,24233.99151,0.79,,69.108,11.33925692
KAZ,Kazakhstan,2012,14.78635025,25498.60377,0.799,,69.939,11.50388527
KAZ,Kazakhstan,2013,14.57437038,27955.68509,0.808,,70.719,11.66851362
KAZ,Kazakhstan,2014,14.39548969,28863.19453,0.813,,71.415,11.83314196
KAZ,Kazakhstan,2015,14.19941998,30699.52887,0.819,,72.024,11.99777031
KAZ,Kazakhstan,2016,14.10587025,29197.77644,0.82,,72.549,12.06851355
KAZ,Kazakhstan,2017,14.21605015,29400.50489,0.824,,72.996,12.1392568
KAZ,Kazakhstan,2018,14.35060978,29419.03641,0.828,,73.369,12.21000004
KAZ,Kazakhstan,2019,14.58216,30234.68096,0.834,,73.658,12.32137247
KAZ,Kazakhstan,2020,14.81626987,30920.89913,0.826,,71.195,12.43376078
KAZ,Kazakhstan,2021,14.41756535,29734.5523,0.816,,70.131,12.54717423
KAZ,Kazakhstan,2022,14.01886082,30149.2581,0.831,,73.503,12.54717423
KAZ,Kazakhstan,2023,14.0086174,30988.52844,0.837,60.0,74.402,12.54717423
KEN,Kenya,1990,7.874494037,3988.766903,0.485,,58.334,3.837998657
KEN,Kenya,1991,7.946765162,3901.547994,0.485,,57.826,4.007200748
KEN,Kenya,1992,8.019699582,3761.253413,0.484,,57.095,4.17640284
KEN,Kenya,1993,8.093303385,3589.916309,0.483,,56.668,4.345604931
KEN,Kenya,1994,8.16895868,3613.413857,0.484,,56.101,4.514807022
KEN,Kenya,1995,8.244613975,3725.168237,0.488,,55.856,4.684009114
KEN,Kenya,1996,8.32026927,3836.531463,0.491,,55.575,4.832576804
KEN,Kenya,1997,8.395924565,3771.857984,0.493,,55.478,4.981144494
KEN,Kenya,1998,8.47157986,3806.424954,0.496,,55.568,5.129712184
KEN,Kenya,1999,8.431369936,3771.794149,0.499,,55.866,5.278279874
KEN,Kenya,2000,8.391160011,3696.707594,0.5,,56.084,5.426847564
KEN,Kenya,2001,8.470129967,3718.87681,0.505,,56.501,5.542400211
KEN,Kenya,2002,8.231349945,3634.138306,0.504,,56.759,5.657952859
KEN,Kenya,2003,8.804689884,3625.13319,0.515,,57.369,5.773505507
KEN,Kenya,2004,9.378029823,3706.186085,0.526,,57.947,5.889058155
KEN,Kenya,2005,9.427020073,3839.032673,0.532,,58.51,6.004610802
KEN,Kenya,2006,9.734280109,3958.752987,0.541,,59.059,6.080958087
KEN,Kenya,2007,10.04154015,4099.627363,0.548,,59.407,6.157305373
KEN,Kenya,2008,10.32814503,4001.99854,0.553,,59.955,6.233652658
KEN,Kenya,2009,10.61474991,3499.854618,0.553,,60.483,6.309999943
KEN,Kenya,2010,10.66118386,3712.244273,0.552,,60.915,5.820000172
KEN,Kenya,2011,10.70761782,3892.197178,0.56,,61.283,6.06162903
KEN,Kenya,2012,10.75405177,3931.847811,0.565,,61.537,6.303257889
KEN,Kenya,2013,10.80048573,3954.74131,0.57,,61.729,6.544886748
KEN,Kenya,2014,10.84691968,4076.235098,0.576,,61.99,6.786515607
KEN,Kenya,2015,10.9365134,4242.153969,0.583,,62.279,7.028144466
KEN,Kenya,2016,11.02610712,4730.48659,0.594,,62.526,7.269773324
KEN,Kenya,2017,11.11570084,4779.363119,0.599,,62.725,7.511402183
KEN,Kenya,2018,11.20529456,4967.607336,0.605,,62.825,7.753031042
KEN,Kenya,2019,11.29488829,5114.739117,0.611,,62.939,7.994659901
KEN,Kenya,2020,11.38448201,4992.661089,0.6,,61.596,7.686359882
KEN,Kenya,2021,11.47407573,5270.714551,0.608,,61.225,8.155534983
KEN,Kenya,2022,11.47407573,5431.031162,0.626,,63.549,8.624710083
KEN,Kenya,2023,11.47407573,5608.296066,0.628,143.0,63.646,8.624710083
KGZ,Kyrgyzstan,1990,11.89770031,6155.677592,0.649,,64.825,9.171428537
KGZ,Kyrgyzstan,1991,11.66786957,5569.906377,0.643,,64.94,9.287142823
KGZ,Kyrgyzstan,1992,11.42310047,4706.948978,0.631,,64.427,9.402857108
KGZ,Kyrgyzstan,1993,11.02869034,3927.758939,0.615,,63.646,9.518571393
KGZ,Kyrgyzstan,1994,10.63169003,3114.196898,0.595,,62.718,9.634285679
KGZ,Kyrgyzstan,1995,10.29623985,2914.977913,0.59,,62.919,9.749999964
KGZ,Kyrgyzstan,1996,10.29428005,3050.331594,0.597,,63.447,9.884999963
KGZ,Kyrgyzstan,1997,10.57585684,3267.284584,0.608,,64.162,10.01999996
KGZ,Kyrgyzstan,1998,10.85743364,3233.140477,0.613,,64.579,10.15499996
KGZ,Kyrgyzstan,1999,11.13901043,3278.328521,0.619,,64.916,10.28999996
KGZ,Kyrgyzstan,2000,11.43684006,3423.165737,0.627,,65.242,10.34699993
KGZ,Kyrgyzstan,2001,11.74946976,3634.40689,0.634,,65.319,10.4039999
KGZ,Kyrgyzstan,2002,11.81803989,3621.150694,0.635,,65.342,10.46099987
KGZ,Kyrgyzstan,2003,12.03870964,3868.399879,0.642,,65.448,10.51799984
KGZ,Kyrgyzstan,2004,11.98087978,4048.630132,0.646,,65.649,10.57499981
KGZ,Kyrgyzstan,2005,12.04775047,4057.328509,0.648,,65.789,10.63199978
KGZ,Kyrgyzstan,2006,12.17378998,4243.377846,0.652,,65.782,10.68899975
KGZ,Kyrgyzstan,2007,12.2362299,4570.985372,0.658,,66.047,10.74599972
KGZ,Kyrgyzstan,2008,12.23172998,4899.276328,0.666,,66.616,10.80299969
KGZ,Kyrgyzstan,2009,12.22723007,4882.237408,0.669,,67.14,10.85999966
KGZ,Kyrgyzstan,2010,12.22686958,4624.097281,0.668,,67.521,10.95961412
KGZ,Kyrgyzstan,2011,12.21994972,4619.638788,0.67,,67.748,11.05922858
KGZ,Kyrgyzstan,2012,12.44661045,4929.945533,0.679,,68.142,11.15884304
KGZ,Kyrgyzstan,2013,12.63895988,5208.491158,0.686,,68.462,11.2584575
KGZ,Kyrgyzstan,2014,12.67103004,5390.566675,0.691,,68.829,11.35807196
KGZ,Kyrgyzstan,2015,12.61999035,5496.936868,0.695,,69.309,11.45768642
KGZ,Kyrgyzstan,2016,12.67278957,5539.094964,0.7,,69.909,11.55730089
KGZ,Kyrgyzstan,2017,12.51733971,5707.478922,0.704,,70.503,11.65691535
KGZ,Kyrgyzstan,2018,12.44713974,5908.042912,0.708,,70.668,11.75652981
KGZ,Kyrgyzstan,2019,12.48703003,5715.032402,0.708,,70.891,11.8587579
KGZ,Kyrgyzstan,2020,12.63446045,5500.532152,0.7,,69.136,11.96187492
KGZ,Kyrgyzstan,2021,12.99493027,5412.229415,0.704,,69.29,12.06588858
KGZ,Kyrgyzstan,2022,12.76534271,5822.80717,0.717,,71.487,12.06588858
KGZ,Kyrgyzstan,2023,12.71388245,6078.117589,0.72,117.0,71.677,12.06588858
KHM,Cambodia,1990,6.885230713,1209.602642,0.387,,55.205,2.817617319
KHM,Cambodia,1991,6.991089821,1241.326553,0.392,,55.582,2.872084271
KHM,Cambodia,1992,7.098576493,1263.471577,0.396,,55.747,2.926551222
KHM,Cambodia,1993,7.206063165,1250.661088,0.399,,56.036,2.981018174
KHM,Cambodia,1994,7.313549836,1217.328724,0.4,,56.221,3.035485126
KHM,Cambodia,1995,7.421036508,1228.189736,0.404,,56.562,3.089952078
KHM,Cambodia,1996,7.52852318,1261.152447,0.408,,56.832,3.146513913
KHM,Cambodia,1997,7.636009852,1299.828122,0.414,,57.266,3.203075747
KHM,Cambodia,1998,7.743496524,1324.978509,0.419,,57.859,3.259637582
KHM,Cambodia,1999,7.850983196,1449.304437,0.429,,58.611,3.316199417
KHM,Cambodia,2000,7.958469868,1557.661891,0.438,,59.491,3.372761251
KHM,Cambodia,2001,8.594880104,1650.324226,0.453,,60.457,3.435607734
KHM,Cambodia,2002,9.777799606,1712.623858,0.473,,61.395,3.498454217
KHM,Cambodia,2003,10.32608032,1836.388626,0.488,,62.345,3.5613007
KHM,Cambodia,2004,10.84488964,1986.085499,0.502,,63.256,3.624147183
KHM,Cambodia,2005,11.0031147,2196.734583,0.514,,64.113,3.686993666
KHM,Cambodia,2006,11.16133976,2395.493571,0.525,,64.886,3.808496866
KHM,Cambodia,2007,11.16427994,2611.42044,0.534,,65.549,3.930000067
KHM,Cambodia,2008,11.05580997,2721.599088,0.539,,66.147,4.03000021
KHM,Cambodia,2009,11.06528212,2674.139588,0.539,,66.747,3.940000057
KHM,Cambodia,2010,11.07475427,2820.319421,0.543,,67.311,3.872000027
KHM,Cambodia,2011,11.08422642,2953.152986,0.547,,67.869,3.803999996
KHM,Cambodia,2012,11.09369857,3096.679463,0.551,,68.371,3.735999966
KHM,Cambodia,2013,11.10317071,3253.885007,0.554,,68.755,3.667999935
KHM,Cambodia,2014,11.11264286,3437.208214,0.557,,69.117,3.599999905
KHM,Cambodia,2015,11.12211501,3629.062277,0.562,,69.398,3.670000076
KHM,Cambodia,2016,11.13158716,3839.195285,0.57,,69.635,3.952092528
KHM,Cambodia,2017,11.1410593,4057.349823,0.578,,69.842,4.23418498
KHM,Cambodia,2018,11.15053145,4284.367097,0.586,,69.993,4.516277432
KHM,Cambodia,2019,11.1600036,4508.785685,0.593,,70.127,4.798369884
KHM,Cambodia,2020,11.16947575,4415.429931,0.595,,70.059,4.997735023
KHM,Cambodia,2021,11.17894789,4425.366928,0.594,,69.301,5.197100163
KHM,Cambodia,2022,11.18842004,4612.258422,0.602,,70.528,5.197100163
KHM,Cambodia,2023,11.19789219,4931.016842,0.606,151.0,70.668,5.197100163
KIR,Kiribati,1990,10.14543558,3444.776559,0.588,,61.018,7.541033476
KIR,Kiribati,1991,10.14543558,3188.898471,0.588,,61.502,7.541033476
KIR,Kiribati,1992,10.14543558,3879.51256,0.588,,61.968,7.541033476
KIR,Kiribati,1993,10.14543558,3821.044946,0.588,,62.406,7.541033476
KIR,Kiribati,1994,10.14543558,3832.938455,0.588,,62.797,7.541033476
KIR,Kiribati,1995,10.14543558,3886.739393,0.588,,63.146,7.541033476
KIR,Kiribati,1996,10.14543558,3823.3462,0.588,,63.47,7.541033476
KIR,Kiribati,1997,10.14543558,3799.340378,0.588,,63.797,7.541033476
KIR,Kiribati,1998,10.14543558,3880.689996,0.588,,64.1,7.541033476
KIR,Kiribati,1999,10.14543558,3669.589394,0.588,,64.393,7.541033476
KIR,Kiribati,2000,10.14543558,3850.573542,0.588,,64.674,7.541033476
KIR,Kiribati,2001,10.14543558,3658.116193,0.588,,64.918,7.619961922
KIR,Kiribati,2002,10.14543558,3642.878585,0.588,,65.123,7.699716476
KIR,Kiribati,2003,10.14543558,3511.83344,0.588,,65.287,7.780305783
KIR,Kiribati,2004,10.14543558,3422.880248,0.588,,65.416,7.86173858
KIR,Kiribati,2005,10.14543558,3392.105101,0.588,,65.517,7.944023696
KIR,Kiribati,2006,10.26399579,3525.965188,0.593,,65.601,8.027170051
KIR,Kiribati,2007,10.38452439,3566.219949,0.596,,65.677,8.11118666
KIR,Kiribati,2008,10.5070584,3394.2748,0.596,,65.746,8.196082632
KIR,Kiribati,2009,10.63163554,3346.341956,0.598,,65.808,8.28186717
KIR,Kiribati,2010,10.75829429,3317.915071,0.6,,65.859,8.368549574
KIR,Kiribati,2011,10.88707385,3376.560281,0.603,,65.896,8.456139242
KIR,Kiribati,2012,11.01801421,3518.270453,0.608,,65.908,8.54464567
KIR,Kiribati,2013,11.15115611,3721.239073,0.613,,65.898,8.634078452
KIR,Kiribati,2014,11.2865411,3714.279122,0.615,,65.869,8.723511235
KIR,Kiribati,2015,11.42192609,4078.144094,0.623,,65.831,8.812944018
KIR,Kiribati,2016,11.44368282,4306.127059,0.627,,65.799,8.902376801
KIR,Kiribati,2017,11.60562979,4390.330144,0.63,,65.787,8.991809584
KIR,Kiribati,2018,11.76757676,4470.156448,0.633,,65.807,9.037400246
KIR,Kiribati,2019,11.80302,4544.576092,0.635,,65.866,9.082990907
KIR,Kiribati,2020,11.83846324,4436.10623,0.632,,65.205,9.128581569
KIR,Kiribati,2021,11.87390648,4732.256933,0.631,,64.148,9.128581569
KIR,Kiribati,2022,11.87390648,4826.496776,0.642,,66.269,9.128581569
KIR,Kiribati,2023,11.87390648,4947.280426,0.644,140.0,66.473,9.128581569
KNA,Saint Kitts and Nevis,1990,12.99134617,14057.58208,0.758,,65.641,8.524296424
KNA,Saint Kitts and Nevis,1991,13.04926873,13613.76552,0.758,,65.958,8.524296424
KNA,Saint Kitts and Nevis,1992,13.10744953,13860.79582,0.758,,66.339,8.524296424
KNA,Saint Kitts and Nevis,1993,13.16588974,14563.10472,0.758,,66.708,8.524296424
KNA,Saint Kitts and Nevis,1994,13.26058846,15158.82132,0.758,,67.002,8.524296424
KNA,Saint Kitts and Nevis,1995,13.35528717,15956.08786,0.758,,67.23,8.524296424
KNA,Saint Kitts and Nevis,1996,13.44998589,16392.43993,0.758,,67.488,8.524296424
KNA,Saint Kitts and Nevis,1997,13.5446846,17151.24402,0.758,,67.811,8.524296424
KNA,Saint Kitts and Nevis,1998,13.63938332,16515.70125,0.758,,67.891,8.524296424
KNA,Saint Kitts and Nevis,1999,13.73408203,16742.45469,0.758,,68.725,8.524296424
KNA,Saint Kitts and Nevis,2000,13.82878075,18703.15189,0.758,,69.249,8.524296424
KNA,Saint Kitts and Nevis,2001,13.92347946,19354.63415,0.758,,69.767,8.524296424
KNA,Saint Kitts and Nevis,2002,14.01817818,19463.61116,0.758,,70.194,8.524296424
KNA,Saint Kitts and Nevis,2003,14.11287689,18377.85053,0.758,,70.614,8.524296424
KNA,Saint Kitts and Nevis,2004,14.20757561,19397.08261,0.758,,70.92,8.524296424
KNA,Saint Kitts and Nevis,2005,14.30227432,21608.74263,0.758,,71.151,8.524296424
KNA,Saint Kitts and Nevis,2006,14.39697304,22655.68339,0.765,,71.356,8.733878601
KNA,Saint Kitts and Nevis,2007,14.49167175,22889.80008,0.769,,71.437,8.948613659
KNA,Saint Kitts and Nevis,2008,14.58637047,24278.08069,0.776,,71.479,9.16862829
KNA,Saint Kitts and Nevis,2009,15.16564878,23394.36531,0.783,,71.488,9.394052298
KNA,Saint Kitts and Nevis,2010,15.74492709,23552.92503,0.791,,71.452,9.625018683
KNA,Saint Kitts and Nevis,2011,16.3242054,23962.41354,0.8,,71.4,9.861663711
KNA,Saint Kitts and Nevis,2012,16.90348371,23885.15133,0.808,,71.362,10.104127
KNA,Saint Kitts and Nevis,2013,17.48276202,25330.81278,0.818,,71.29,10.3525516
KNA,Saint Kitts and Nevis,2014,18.06204033,27126.4733,0.829,,71.228,10.6009762
KNA,Saint Kitts and Nevis,2015,18.40703011,26377.82258,0.83,,71.211,10.8494008
KNA,Saint Kitts and Nevis,2016,18.40703011,27703.93553,0.832,,71.227,10.8494008
KNA,Saint Kitts and Nevis,2017,18.40703011,28170.3196,0.834,,71.284,10.8494008
KNA,Saint Kitts and Nevis,2018,18.40703011,28831.31184,0.835,,71.336,10.8494008
KNA,Saint Kitts and Nevis,2019,18.40703011,30489.23469,0.839,,71.54,10.8494008
KNA,Saint Kitts and Nevis,2020,18.40703011,25542.65405,0.828,,71.181,10.8494008
KNA,Saint Kitts and Nevis,2021,18.40703011,25460.2931,0.818,,69.271,10.8494008
KNA,Saint Kitts and Nevis,2022,18.40703011,28394.26155,0.829,,70.313,10.8494008
KNA,Saint Kitts and Nevis,2023,18.40703011,29105.43743,0.84,58.0,72.145,10.8494008
KOR,Korea (Republic of),1990,12.95363998,16012.90775,0.738,,70.994,9.270000458
KOR,Korea (Republic of),1991,13.19594955,17586.29521,0.749,,71.402,9.416000366
KOR,Korea (Republic of),1992,13.35581017,18471.30706,0.759,,72.175,9.562000275
KOR,Korea (Republic of),1993,13.73884964,19603.82228,0.77,,72.745,9.708000183
KOR,Korea (Republic of),1994,13.98118019,21228.80779,0.779,,72.889,9.854000092
KOR,Korea (Republic of),1995,14.27350044,22858.36231,0.789,,73.375,10.0
KOR,Korea (Republic of),1996,14.66940975,24147.77615,0.801,,74.021,10.12399998
KOR,Korea (Republic of),1997,15.26414013,24890.94427,0.812,,74.531,10.24799995
KOR,Korea (Republic of),1998,15.01350975,22815.59211,0.809,,75.035,10.37199993
KOR,Korea (Republic of),1999,15.30259037,25080.94857,0.821,,75.617,10.49599991
KOR,Korea (Republic of),2000,15.53610992,26481.78702,0.83,,76.235,10.61999989
KOR,Korea (Republic of),2001,15.63733006,27320.95725,0.838,,76.919,10.74399986
KOR,Korea (Republic of),2002,15.80494022,29508.06196,0.846,,77.23,10.86799984
KOR,Korea (Republic of),2003,15.97859955,30139.43774,0.852,,77.497,10.99199982
KOR,Korea (Republic of),2004,16.16551018,31310.59508,0.859,,77.957,11.11599979
KOR,Korea (Republic of),2005,16.36128998,32001.78476,0.866,,78.449,11.23999977
KOR,Korea (Republic of),2006,16.47963905,33102.63495,0.871,,79.035,11.1474998
KOR,Korea (Republic of),2007,16.62828064,34808.95958,0.876,,79.432,11.05499983
KOR,Korea (Republic of),2008,16.69165039,34677.09307,0.878,,79.996,10.96249986
KOR,Korea (Republic of),2009,16.72352028,35353.92417,0.881,,80.55,10.86999989
KOR,Korea (Republic of),2010,16.7948494,37713.75238,0.894,,80.717,11.64000034
KOR,Korea (Republic of),2011,16.83992004,38034.06101,0.899,,81.168,11.73600025
KOR,Korea (Republic of),2012,16.75774956,38941.73731,0.901,,81.308,11.83200016
KOR,Korea (Republic of),2013,16.68445015,40255.33351,0.905,,81.836,11.92800007
KOR,Korea (Republic of),2014,16.61566925,41400.04471,0.91,,82.364,12.02399998
KOR,Korea (Republic of),2015,16.57014084,43783.18848,0.914,,82.54,12.11999989
KOR,Korea (Republic of),2016,16.48817062,45534.88868,0.918,,82.92,12.21834945
KOR,Korea (Republic of),2017,16.42491913,46902.49287,0.922,,83.278,12.31749709
KOR,Korea (Republic of),2018,16.38441086,47437.2646,0.924,,83.34,12.41744928
KOR,Korea (Republic of),2019,16.37698936,47438.39174,0.927,,83.685,12.51821255
KOR,Korea (Republic of),2020,16.37731934,47399.80403,0.928,,83.675,12.61979347
KOR,Korea (Republic of),2021,16.50964928,49118.1239,0.933,,83.852,12.72219869
KOR,Korea (Republic of),2022,16.6186409,48871.14448,0.928,,82.727,12.72219869
KOR,Korea (Republic of),2023,16.6186409,49726.45327,0.937,20.0,84.329,12.72219869
KWT,Kuwait,1990,8.914629936,57782.99265,0.698,,72.854,5.639212854
KWT,Kuwait,1991,8.509994984,44934.33601,0.685,,73.31,5.676057075
KWT,Kuwait,1992,8.105360031,57477.46815,0.699,,75.735,5.712901297
KWT,Kuwait,1993,7.967619896,68375.87756,0.704,,75.772,5.749745519
KWT,Kuwait,1994,9.732179642,72176.84054,0.734,,75.728,5.786589741
KWT,Kuwait,1995,11.67164993,77098.35026,0.763,,75.665,5.823433963
KWT,Kuwait,1996,12.07579041,75905.86378,0.769,,75.602,5.901216209
KWT,Kuwait,1997,11.66936016,78039.09786,0.765,,75.565,5.978998456
KWT,Kuwait,1998,11.90672493,79666.0331,0.77,,75.612,6.056780702
KWT,Kuwait,1999,12.1440897,72444.26992,0.773,,75.722,6.134562948
KWT,Kuwait,2000,12.26894999,74223.42402,0.778,,75.873,6.212345194
KWT,Kuwait,2001,12.39381027,70121.35431,0.777,,76.037,6.191876182
KWT,Kuwait,2002,12.92938519,67159.10017,0.783,,76.188,6.17140717
KWT,Kuwait,2003,13.4649601,75690.30036,0.795,,76.304,6.150938158
KWT,Kuwait,2004,13.71343994,84122.46836,0.798,,76.388,6.130469146
KWT,Kuwait,2005,13.71689692,90265.72678,0.798,,76.464,6.110000134
KWT,Kuwait,2006,13.72035389,93457.10935,0.799,,76.554,6.139999866
KWT,Kuwait,2007,13.72381086,91622.55469,0.801,,76.688,6.21999979
KWT,Kuwait,2008,13.72726784,85987.51826,0.805,,76.889,6.429999828
KWT,Kuwait,2009,13.73072481,75254.96235,0.809,,77.167,6.639999866
KWT,Kuwait,2010,13.73418179,70842.94343,0.812,,77.499,6.849999905
KWT,Kuwait,2011,13.73763876,71396.74463,0.817,,77.864,7.059999943
KWT,Kuwait,2012,13.74109573,71079.25824,0.822,,78.227,7.269999981
KWT,Kuwait,2013,13.74455271,69926.65044,0.814,,78.583,6.679999828
KWT,Kuwait,2014,13.74800968,68500.64642,0.818,,78.927,6.875
KWT,Kuwait,2015,14.66771984,66753.74832,0.832,,79.219,7.070000172
KWT,Kuwait,2016,14.86691962,66155.11912,0.836,,79.516,7.130000114
KWT,Kuwait,2017,15.06882469,62860.63994,0.838,,79.731,7.190000057
KWT,Kuwait,2018,15.2734718,60640.45906,0.84,,79.899,7.21999979
KWT,Kuwait,2019,15.48089819,58620.85943,0.843,,80.022,7.333540674
KWT,Kuwait,2020,15.6911416,56330.06419,0.837,,78.248,7.448867088
KWT,Kuwait,2021,15.90424029,58124.06166,0.839,,77.625,7.566007112
KWT,Kuwait,2022,15.90424029,58462.66066,0.845,,78.788,7.566007112
KWT,Kuwait,2023,15.90424029,56612.04699,0.852,52.0,80.405,7.566007112
LAO,Lao People's Democratic Republic,1990,6.493869781,1917.495252,0.409,,54.035,3.365593212
LAO,Lao People's Democratic Republic,1991,6.573736509,1944.345045,0.415,,54.7,3.470155332
LAO,Lao People's Democratic Republic,1992,6.653603236,1996.393681,0.42,,55.098,3.574717451
LAO,Lao People's Democratic Republic,1993,6.733469963,2057.07011,0.426,,55.583,3.67927957
LAO,Lao People's Democratic Republic,1994,7.006539822,2156.556847,0.434,,55.81,3.783841689
LAO,Lao People's Democratic Republic,1995,6.697710037,2255.753746,0.436,,56.344,3.888403808
LAO,Lao People's Democratic Republic,1996,7.272669792,2354.790991,0.449,,56.821,3.960290265
LAO,Lao People's Democratic Republic,1997,7.483970165,2414.766396,0.455,,57.302,4.032176722
LAO,Lao People's Democratic Republic,1998,7.761219978,2453.51058,0.462,,57.549,4.104063179
LAO,Lao People's Democratic Republic,1999,7.882800102,2621.730438,0.469,,57.866,4.175949636
LAO,Lao People's Democratic Republic,2000,7.925909996,2657.97714,0.473,,58.317,4.247836093
LAO,Lao People's Democratic Republic,2001,7.976659775,2770.623261,0.479,,58.887,4.31972255
LAO,Lao People's Democratic Republic,2002,8.296759605,2921.05497,0.488,,59.302,4.391609007
LAO,Lao People's Democratic Republic,2003,8.68212986,2993.330131,0.496,,59.643,4.463495464
LAO,Lao People's Democratic Republic,2004,8.880860329,3207.436751,0.505,,60.08,4.535381921
LAO,Lao People's Democratic Republic,2005,9.123129845,3432.844711,0.514,,60.688,4.607268378
LAO,Lao People's Democratic Republic,2006,9.225119591,3241.481178,0.515,,61.074,4.681333212
LAO,Lao People's Democratic Republic,2007,9.382089615,3854.498438,0.529,,61.694,4.755398047
LAO,Lao People's Democratic Republic,2008,9.553330421,4041.067215,0.537,,62.248,4.829462881
LAO,Lao People's Democratic Republic,2009,9.830570221,4363.41739,0.548,,63.023,4.903527716
LAO,Lao People's Democratic Republic,2010,10.04775047,4481.304402,0.556,,63.69,4.97759255
LAO,Lao People's Democratic Republic,2011,10.45347023,4660.382297,0.567,,64.505,5.077797914
LAO,Lao People's Democratic Republic,2012,10.52556038,5096.06307,0.577,,65.126,5.178003279
LAO,Lao People's Democratic Republic,2013,10.78007984,5462.146155,0.587,,65.723,5.278208643
LAO,Lao People's Democratic Republic,2014,11.03997993,5856.758282,0.597,,66.35,5.378414007
LAO,Lao People's Democratic Republic,2015,11.17383957,6189.311562,0.604,,66.688,5.478619371
LAO,Lao People's Democratic Republic,2016,11.09759998,6531.324934,0.609,,67.014,5.572289603
LAO,Lao People's Democratic Republic,2017,10.95283031,6802.300675,0.612,,67.345,5.665959835
LAO,Lao People's Democratic Republic,2018,10.63360023,7186.89666,0.613,,67.594,5.759630067
LAO,Lao People's Democratic Republic,2019,10.50666046,7350.533493,0.615,,67.911,5.853300299
LAO,Lao People's Democratic Republic,2020,10.18749046,7517.883201,0.616,,68.339,5.94697053
LAO,Lao People's Democratic Republic,2021,9.896486759,7649.125111,0.613,,67.807,6.06024616
LAO,Lao People's Democratic Republic,2022,9.605483055,7839.114477,0.614,,68.715,6.06024616
LAO,Lao People's Democratic Republic,2023,9.605483055,8106.153218,0.617,147.0,68.964,6.06024616
LBN,Lebanon,1990,8.497730443,6510.998796,0.71,,65.479,7.651717704
LBN,Lebanon,1991,8.569829349,7955.200171,0.71,,70.865,7.651717704
LBN,Lebanon,1992,8.642539978,9246.470552,0.71,,71.169,7.651717704
LBN,Lebanon,1993,8.715867519,9893.8135,0.71,,71.559,7.651717704
LBN,Lebanon,1994,8.789195061,10632.41425,0.71,,72.03,7.651717704
LBN,Lebanon,1995,8.862522602,11197.7554,0.71,,72.383,7.651717704
LBN,Lebanon,1996,8.935850143,12091.92126,0.71,,72.614,7.651717704
LBN,Lebanon,1997,9.325123469,11906.41238,0.71,,72.94,7.651717704
LBN,Lebanon,1998,9.714396795,11999.10895,0.71,,73.201,7.651717704
LBN,Lebanon,1999,10.10367012,11778.26325,0.71,,73.513,7.651717704
LBN,Lebanon,2000,10.27898343,11819.61493,0.71,,73.895,7.651717704
LBN,Lebanon,2001,10.45429675,11805.35544,0.71,,74.354,7.651717704
LBN,Lebanon,2002,10.62961006,11523.37952,0.71,,74.836,7.651717704
LBN,Lebanon,2003,10.80492338,10211.24098,0.71,,75.275,7.651717704
LBN,Lebanon,2004,10.98023669,12442.29834,0.71,,75.693,7.651717704
LBN,Lebanon,2005,11.15555,12987.37473,0.71,,76.074,7.651717704
LBN,Lebanon,2006,11.26231003,13182.3843,0.713,,75.677,7.843456512
LBN,Lebanon,2007,11.36907005,14452.02802,0.726,,76.732,8.039999962
LBN,Lebanon,2008,11.47583008,15286.09889,0.734,,76.956,8.251818137
LBN,Lebanon,2009,11.59957981,16300.71916,0.743,,77.262,8.463636312
LBN,Lebanon,2010,11.59261036,17321.81047,0.75,,77.529,8.675454487
LBN,Lebanon,2011,11.99604034,17434.72459,0.758,,77.768,8.887272661
LBN,Lebanon,2012,11.96995362,17441.58253,0.762,,77.941,9.099090836
LBN,Lebanon,2013,11.94386689,16512.24104,0.762,,78.037,9.310909011
LBN,Lebanon,2014,11.91778016,15202.59742,0.761,,78.148,9.522727186
LBN,Lebanon,2015,11.89169343,14992.34619,0.763,,78.275,9.734545361
LBN,Lebanon,2016,11.86560671,15459.491,0.767,,78.306,9.946363536
LBN,Lebanon,2017,11.83951998,16197.16549,0.772,,78.192,10.15818171
LBN,Lebanon,2018,11.81343325,16019.20109,0.774,,78.263,10.36999989
LBN,Lebanon,2019,11.78734652,15271.78013,0.771,,78.208,10.36999989
LBN,Lebanon,2020,11.76125979,12157.80314,0.75,,76.299,10.36999989
LBN,Lebanon,2021,11.73517307,11088.22998,0.733,,73.65,10.36999989
LBN,Lebanon,2022,11.70908634,11718.96181,0.755,,78.003,10.36999989
LBN,Lebanon,2023,11.68299961,11298.88724,0.752,102.0,77.817,10.36999989
LBR,Liberia,1990,8.424929619,1761.600778,0.403,,37.644,2.648864266
LBR,Liberia,1991,8.424929619,1721.772994,0.403,,43.575,2.750743661
LBR,Liberia,1992,8.424929619,1055.935122,0.403,,43.566,2.852623056
LBR,Liberia,1993,8.424929619,681.1411532,0.403,,43.022,2.954502451
LBR,Liberia,1994,8.424929619,534.8078175,0.403,,42.621,3.056381846
LBR,Liberia,1995,8.424929619,507.8756268,0.403,,44.573,3.158261241
LBR,Liberia,1996,8.424929619,553.5352522,0.403,,44.945,3.231614405
LBR,Liberia,1997,8.424929619,1055.913112,0.403,,48.302,3.304967569
LBR,Liberia,1998,8.424929619,1241.562965,0.403,,49.367,3.378320734
LBR,Liberia,1999,8.424929619,1429.944782,0.403,,50.412,3.451673898
LBR,Liberia,2000,10.43476963,1772.131997,0.443,,51.852,3.525027062
LBR,Liberia,2001,10.36094625,1771.017298,0.448,,53.109,3.590229875
LBR,Liberia,2002,10.28712286,1790.256815,0.453,,54.061,3.655432688
LBR,Liberia,2003,10.21329948,1240.620398,0.429,,53.045,3.7206355
LBR,Liberia,2004,10.13947609,1257.924936,0.442,,55.949,3.785838313
LBR,Liberia,2005,10.06565271,1266.024807,0.446,,56.765,3.851041126
LBR,Liberia,2006,9.991829327,1293.013384,0.45,,57.495,3.914206351
LBR,Liberia,2007,9.918005943,1347.164595,0.455,,58.147,3.977371575
LBR,Liberia,2008,9.923764547,1385.771191,0.459,,58.675,4.0405368
LBR,Liberia,2009,9.92952315,1413.943022,0.463,,59.106,4.103702025
LBR,Liberia,2010,9.935281754,1457.315742,0.467,,59.358,4.16686725
LBR,Liberia,2011,9.941040357,1516.036131,0.471,,59.486,4.256521117
LBR,Liberia,2012,9.946798961,1580.308223,0.475,,59.785,4.346174985
LBR,Liberia,2013,9.952557564,1680.516211,0.481,,59.992,4.435828852
LBR,Liberia,2014,10.02588558,1657.821709,0.479,,59.21,4.52548272
LBR,Liberia,2015,10.0992136,1624.117699,0.48,,59.248,4.615136587
LBR,Liberia,2016,10.17254162,1567.006323,0.485,,60.483,4.755730152
LBR,Liberia,2017,10.24586964,1575.176166,0.491,,60.777,5.023723443
LBR,Liberia,2018,10.31919765,1563.180336,0.495,,60.999,5.291716735
LBR,Liberia,2019,10.39252567,1495.284288,0.497,,61.232,5.559710026
LBR,Liberia,2020,10.46585369,1421.518889,0.498,,61.267,5.856860094
LBR,Liberia,2021,10.46585369,1461.993542,0.503,,61.166,6.169891955
LBR,Liberia,2022,10.46585369,1500.713999,0.508,,61.934,6.169891955
LBR,Liberia,2023,10.46585369,1537.85939,0.51,177.0,62.163,6.169891955
LBY,Libya,1990,15.17610887,18614.49864,0.69,,69.312,3.81
LBY,Libya,1991,15.25368066,21057.00137,0.7,,69.635,3.986
LBY,Libya,1992,15.33164896,20063.51645,0.703,,69.974,4.162
LBY,Libya,1993,15.41001579,18937.39803,0.705,,70.247,4.338
LBY,Libya,1994,15.48878319,18943.91741,0.71,,70.472,4.514
LBY,Libya,1995,15.5679532,18193.28703,0.712,,70.641,4.69
LBY,Libya,1996,15.64752788,18278.84505,0.716,,70.736,4.868
LBY,Libya,1997,15.72750931,18953.72039,0.721,,70.72,5.046
LBY,Libya,1998,15.80789956,18044.62652,0.721,,70.657,5.224
LBY,Libya,1999,15.88870071,17856.67334,0.724,,70.601,5.402
LBY,Libya,2000,15.96991488,17933.35738,0.727,,70.542,5.58
LBY,Libya,2001,16.05154417,17729.06679,0.73,,70.653,5.752
LBY,Libya,2002,16.1335907,17584.80966,0.733,,70.788,5.924
LBY,Libya,2003,15.80348969,19975.93444,0.739,,70.996,6.096
LBY,Libya,2004,15.64355452,20236.90122,0.741,,71.21,6.268
LBY,Libya,2005,15.48361936,22281.15269,0.747,,71.439,6.44
LBY,Libya,2006,15.3236842,23793.30662,0.751,,71.632,6.614
LBY,Libya,2007,15.16374904,24656.11781,0.754,,71.788,6.788
LBY,Libya,2008,15.00381388,23997.9841,0.754,,71.936,6.962
LBY,Libya,2009,14.84387871,22495.96953,0.753,,72.071,7.136
LBY,Libya,2010,14.68394355,23161.25135,0.755,,72.196,7.31
LBY,Libya,2011,14.52400839,12087.02045,0.715,,69.95,7.56
LBY,Libya,2012,14.36407323,23263.67503,0.758,,72.188,7.81
LBY,Libya,2013,14.20413807,19021.26644,0.748,,72.339,7.807726512
LBY,Libya,2014,14.04420291,14581.4422,0.728,,71.3,7.805453023
LBY,Libya,2015,13.88426774,14404.62606,0.728,,71.644,7.803179535
LBY,Libya,2016,13.72433258,13857.9529,0.725,,71.799,7.800906046
LBY,Libya,2017,13.56439742,18094.1143,0.74,,72.721,7.798632558
LBY,Libya,2018,13.40446226,19146.26306,0.743,,73.151,7.791957182
LBY,Libya,2019,13.2445271,17866.13512,0.737,,72.941,7.785281806
LBY,Libya,2020,13.08459193,7326.37811,0.688,,72.388,7.77860643
LBY,Libya,2021,12.92465677,17927.94709,0.729,,72.062,7.77860643
LBY,Libya,2022,12.92465677,18269.38741,0.741,,74.462,7.77860643
LBY,Libya,2023,12.92465677,19831.43236,0.721,115.0,69.339,7.77860643
LCA,Saint Lucia,1990,11.76698299,15104.58052,0.683,,70.008,6.560689573
LCA,Saint Lucia,1991,11.81594472,14939.57293,0.685,,70.309,6.650000095
LCA,Saint Lucia,1992,11.86511018,15955.50203,0.692,,70.734,6.7405264
LCA,Saint Lucia,1993,11.91448021,15587.32879,0.694,,71.05,6.831052705
LCA,Saint Lucia,1994,11.96405567,15680.64428,0.696,,71.076,6.92157901
LCA,Saint Lucia,1995,12.01363113,15497.96693,0.698,,71.172,7.012105314
LCA,Saint Lucia,1996,12.06320659,16345.70441,0.701,,70.963,7.102631619
LCA,Saint Lucia,1997,12.11278204,16018.47819,0.701,,70.778,7.193157924
LCA,Saint Lucia,1998,12.1623575,16881.27475,0.705,,70.68,7.283684229
LCA,Saint Lucia,1999,12.21193296,17314.97135,0.708,,70.692,7.374210533
LCA,Saint Lucia,2000,12.26150842,17083.87851,0.71,,70.779,7.464736838
LCA,Saint Lucia,2001,12.31108388,16225.72698,0.712,,71.367,7.555263143
LCA,Saint Lucia,2002,12.36065934,16404.03972,0.716,,71.707,7.645789448
LCA,Saint Lucia,2003,12.4102348,16728.63656,0.721,,72.188,7.736315752
LCA,Saint Lucia,2004,12.45981026,17511.55977,0.726,,72.453,7.826842057
LCA,Saint Lucia,2005,12.75965023,17331.07647,0.73,,72.544,7.917368362
LCA,Saint Lucia,2006,13.17329979,18766.98041,0.741,,72.794,8.007894667
LCA,Saint Lucia,2007,12.93115044,18843.39913,0.74,,72.86,8.098420971
LCA,Saint Lucia,2008,13.44637966,19617.59038,0.749,,72.963,8.188947276
LCA,Saint Lucia,2009,13.56145,19647.97355,0.751,,72.946,8.279473581
LCA,Saint Lucia,2010,13.24927998,19747.51159,0.749,,72.768,8.369999886
LCA,Saint Lucia,2011,13.54673004,20839.19908,0.755,,72.962,8.366666476
LCA,Saint Lucia,2012,13.02902031,20505.39467,0.748,,72.86,8.363333066
LCA,Saint Lucia,2013,12.52221012,20178.20149,0.741,,72.687,8.359999657
LCA,Saint Lucia,2014,12.93836021,20376.29866,0.746,,72.676,8.391666412
LCA,Saint Lucia,2015,13.74295998,20328.96266,0.757,,72.932,8.423333168
LCA,Saint Lucia,2016,14.2289896,20003.59453,0.76,,72.552,8.454999924
LCA,Saint Lucia,2017,13.84930992,20611.16105,0.757,,72.522,8.486666679
LCA,Saint Lucia,2018,13.74868965,21327.4191,0.759,,72.655,8.518333435
LCA,Saint Lucia,2019,12.70969009,20875.70976,0.745,,72.249,8.550000191
LCA,Saint Lucia,2020,12.68871975,16343.224,0.734,,72.308,8.582023652
LCA,Saint Lucia,2021,12.70956469,17888.4339,0.724,,69.119,8.614167055
LCA,Saint Lucia,2022,12.73040962,20539.38779,0.747,,72.67,8.614167055
LCA,Saint Lucia,2023,12.73040962,20899.78193,0.748,103.0,72.697,8.614167055
LIE,Liechtenstein,1990,14.0703913,106861.0059,0.882,,78.51,10.24009353
LIE,Liechtenstein,1991,14.0703913,111166.7835,0.882,,78.66,10.33036788
LIE,Liechtenstein,1992,14.0703913,110530.5904,0.882,,78.654,10.42143808
LIE,Liechtenstein,1993,14.0703913,109550.9893,0.882,,78.452,10.51250827
LIE,Liechtenstein,1994,14.0703913,110703.027,0.882,,78.18,10.60357846
LIE,Liechtenstein,1995,14.0703913,111279.2776,0.882,,77.918,10.69464865
LIE,Liechtenstein,1996,14.0703913,114727.9804,0.882,,77.666,10.78571885
LIE,Liechtenstein,1997,14.0703913,124709.8873,0.882,,77.596,10.87678904
LIE,Liechtenstein,1998,14.0703913,138342.2651,0.882,,77.806,10.96785923
LIE,Liechtenstein,1999,14.0703913,148366.8996,0.882,,78.151,11.05892943
LIE,Liechtenstein,2000,14.0703913,153445.0492,0.882,,78.576,11.14999962
LIE,Liechtenstein,2001,14.16622678,138373.0865,0.888,,79.194,11.24106981
LIE,Liechtenstein,2002,14.262715,133252.0987,0.893,,79.759,11.33214
LIE,Liechtenstein,2003,14.35986042,125492.5536,0.897,,80.238,11.4232102
LIE,Liechtenstein,2004,14.60918045,123850.6385,0.904,,80.733,11.51428039
LIE,Liechtenstein,2005,14.25693989,132908.2678,0.903,,81.117,11.60535058
LIE,Liechtenstein,2006,14.64515018,147365.2461,0.908,,81.403,11.59029139
LIE,Liechtenstein,2007,14.58633995,163376.3047,0.909,,81.639,11.5752322
LIE,Liechtenstein,2008,14.8429203,158634.9425,0.912,,81.855,11.51499736
LIE,Liechtenstein,2009,14.69377041,134565.1644,0.913,,81.937,11.71578177
LIE,Liechtenstein,2010,14.69511986,140777.0399,0.914,,82.054,11.75593865
LIE,Liechtenstein,2011,15.11415005,125515.2582,0.919,,82.157,11.75593865
LIE,Liechtenstein,2012,15.02554035,111131.9772,0.919,,82.254,11.79609554
LIE,Liechtenstein,2013,14.9918704,125943.3624,0.92,,82.374,11.83625242
LIE,Liechtenstein,2014,14.95820045,130047.6749,0.923,,82.546,12.05711575
LIE,Liechtenstein,2015,14.93902016,131894.1734,0.925,,82.762,12.12739006
LIE,Liechtenstein,2016,14.92416954,156382.3912,0.926,,82.895,12.15750748
LIE,Liechtenstein,2017,15.0629797,174156.1827,0.929,,83.111,12.20770382
LIE,Liechtenstein,2018,14.83436012,173028.5723,0.928,,83.269,12.25790017
LIE,Liechtenstein,2019,15.39381981,162346.6382,0.935,,83.405,12.30809651
LIE,Liechtenstein,2020,15.38300991,175851.4863,0.929,,82.037,12.358923
LIE,Liechtenstein,2021,15.41257954,146993.9882,0.933,,82.788,12.40995938
LIE,Liechtenstein,2022,15.41257954,165065.9976,0.936,,83.405,12.40995938
LIE,Liechtenstein,2023,15.41257954,166811.6741,0.938,17.0,83.63,12.40995938
LKA,Sri Lanka,1990,11.49196747,4305.444824,0.638,,69.239,8.525088062
LKA,Sri Lanka,1991,11.5777626,4444.070397,0.642,,69.131,8.713318505
LKA,Sri Lanka,1992,11.66419824,4610.849303,0.65,,69.619,8.901548947
LKA,Sri Lanka,1993,11.75127918,4884.156495,0.658,,70.049,9.08977939
LKA,Sri Lanka,1994,11.83901024,5074.803848,0.664,,70.211,9.278009832
LKA,Sri Lanka,1995,11.92872584,5273.210134,0.667,,69.746,9.466240275
LKA,Sri Lanka,1996,12.01844144,5424.112611,0.672,,69.841,9.685112882
LKA,Sri Lanka,1997,12.10815704,5745.522271,0.679,,69.934,9.90398549
LKA,Sri Lanka,1998,12.19787264,5952.622122,0.685,,70.134,10.1228581
LKA,Sri Lanka,1999,12.28758824,6158.49853,0.692,,70.427,10.3417307
LKA,Sri Lanka,2000,12.37730384,6486.163906,0.702,,71.179,10.56060331
LKA,Sri Lanka,2001,12.46701944,6342.148127,0.704,,71.804,10.60000038
LKA,Sri Lanka,2002,12.55673504,6544.956366,0.709,,72.271,10.55600033
LKA,Sri Lanka,2003,12.64645064,6902.845735,0.713,,72.442,10.51200027
LKA,Sri Lanka,2004,12.73616624,7204.864517,0.695,,68.022,10.46800022
LKA,Sri Lanka,2005,12.82588184,7567.932088,0.721,,73.073,10.42400017
LKA,Sri Lanka,2006,12.91559744,8056.983173,0.724,,72.825,10.38000011
LKA,Sri Lanka,2007,13.00531304,8539.355612,0.729,,72.983,10.35000038
LKA,Sri Lanka,2008,13.09502864,8852.521419,0.73,,72.556,10.40999985
LKA,Sri Lanka,2009,13.18474424,9174.44782,0.723,,70.298,10.51000023
LKA,Sri Lanka,2010,13.27445984,9851.77153,0.748,,74.463,10.50857162
LKA,Sri Lanka,2011,13.29590034,10667.91644,0.753,,74.74,10.50714302
LKA,Sri Lanka,2012,13.26900959,11567.30022,0.759,,75.187,10.50571442
LKA,Sri Lanka,2013,13.43556976,11848.21093,0.764,,75.546,10.50428581
LKA,Sri Lanka,2014,13.39808655,12527.14802,0.767,,75.757,10.50285721
LKA,Sri Lanka,2015,13.36060333,12785.98477,0.769,,75.99,10.5014286
LKA,Sri Lanka,2016,13.32312012,13357.40609,0.772,,76.136,10.5
LKA,Sri Lanka,2017,13.39883041,14172.86973,0.777,,76.239,10.56999969
LKA,Sri Lanka,2018,13.58215046,14380.40569,0.782,,76.485,10.64000034
LKA,Sri Lanka,2019,13.46865201,14227.17535,0.781,,76.698,10.63000011
LKA,Sri Lanka,2020,13.35515356,13504.51058,0.78,,76.928,10.81999969
LKA,Sri Lanka,2021,13.24165511,13994.62279,0.777,,76.278,10.72999954
LKA,Sri Lanka,2022,13.12815666,12910.50608,0.777,,77.3,10.77000046
LKA,Sri Lanka,2023,13.12815666,12615.60045,0.776,89.0,77.483,10.77000046
LSO,Lesotho,1990,8.905960083,2454.663999,0.483,,59.317,4.112594557
LSO,Lesotho,1991,9.011739731,2360.088006,0.482,,59.061,4.195552473
LSO,Lesotho,1992,8.964779854,2358.64337,0.481,,58.638,4.278510389
LSO,Lesotho,1993,8.696909904,2372.369497,0.477,,58.06,4.361468305
LSO,Lesotho,1994,9.00813961,2348.603632,0.478,,57.288,4.444426221
LSO,Lesotho,1995,9.087889671,2362.27769,0.476,,56.368,4.527384137
LSO,Lesotho,1996,8.989769936,2451.861023,0.473,,55.136,4.622697487
LSO,Lesotho,1997,8.938233376,2581.269137,0.469,,53.733,4.718010837
LSO,Lesotho,1998,8.886696815,2994.371997,0.469,,52.029,4.813324188
LSO,Lesotho,1999,8.835160255,3019.047609,0.462,,50.385,4.908637538
LSO,Lesotho,2000,9.67057991,2962.404121,0.462,,48.783,5.003950888
LSO,Lesotho,2001,9.886770248,2935.503357,0.457,,47.153,5.212228209
LSO,Lesotho,2002,10.07229996,2974.538467,0.455,,45.95,5.42050553
LSO,Lesotho,2003,10.47169971,3095.660581,0.456,,44.921,5.628782851
LSO,Lesotho,2004,10.63400507,3086.787168,0.454,,44.039,5.837060172
LSO,Lesotho,2005,10.79631042,2975.387591,0.454,,43.611,6.045337493
LSO,Lesotho,2006,11.01117039,2996.153346,0.451,,43.182,5.829999924
LSO,Lesotho,2007,11.1377786,3300.357812,0.458,,43.66,5.684999943
LSO,Lesotho,2008,11.26438681,3390.49403,0.463,,44.304,5.539999962
LSO,Lesotho,2009,11.39099503,3197.669098,0.468,,45.055,5.704586983
LSO,Lesotho,2010,11.51760324,3281.064285,0.478,,46.045,5.869174004
LSO,Lesotho,2011,11.64421145,3197.476166,0.485,,46.93,6.033761024
LSO,Lesotho,2012,11.77081966,3261.326893,0.496,,48.235,6.198348045
LSO,Lesotho,2013,11.41275024,3246.357503,0.502,,49.547,6.362935066
LSO,Lesotho,2014,11.35643005,3187.027673,0.509,,50.786,6.527522087
LSO,Lesotho,2015,11.20116997,3277.250667,0.517,,51.83,6.692109108
LSO,Lesotho,2016,11.26364994,3394.377531,0.526,,52.908,6.856696129
LSO,Lesotho,2017,11.32612991,3233.487318,0.531,,53.874,7.02128315
LSO,Lesotho,2018,11.24027453,3326.079296,0.538,,54.638,7.185870171
LSO,Lesotho,2019,11.15506995,3221.812522,0.541,,55.249,7.362815087
LSO,Lesotho,2020,11.07051125,2996.891901,0.537,,55.133,7.544117095
LSO,Lesotho,2021,10.98659352,2868.19633,0.532,,54.209,7.729883486
LSO,Lesotho,2022,10.98659352,2968.982948,0.547,,56.812,7.729883486
LSO,Lesotho,2023,10.98659352,3029.3857,0.55,167.0,57.375,7.729883486
LTU,Lithuania,1990,12.74308968,18981.58841,0.745,,71.369,9.160664084
LTU,Lithuania,1991,12.52606964,17899.60183,0.738,,70.51,9.333883914
LTU,Lithuania,1992,12.04401016,14126.03171,0.723,,70.337,9.507103744
LTU,Lithuania,1993,11.60953999,11880.35494,0.705,,68.934,9.680323574
LTU,Lithuania,1994,11.43422031,10783.91273,0.699,,68.503,9.853543404
LTU,Lithuania,1995,11.58563995,11102.97026,0.706,,69.018,10.02676323
LTU,Lithuania,1996,11.9837904,12204.49995,0.723,,70.193,10.2110869
LTU,Lithuania,1997,12.49730968,13567.35055,0.739,,71.029,10.39541056
LTU,Lithuania,1998,12.9811697,14593.81294,0.751,,71.33,10.57973423
LTU,Lithuania,1999,13.58395958,14716.05238,0.762,,71.717,10.76405789
LTU,Lithuania,2000,14.49923992,15710.29797,0.778,,72.139,10.94838156
LTU,Lithuania,2001,15.09012985,16935.7923,0.787,,71.712,11.13270522
LTU,Lithuania,2002,15.63140965,18356.64104,0.799,,71.839,11.31702889
LTU,Lithuania,2003,16.21151924,20180.12642,0.812,,72.088,11.50135256
LTU,Lithuania,2004,16.39171028,22641.85319,0.821,,72.001,11.68567622
LTU,Lithuania,2005,16.7774601,25089.64749,0.828,,71.246,11.86999989
LTU,Lithuania,2006,17.09894943,26837.13429,0.834,,70.964,12.01000023
LTU,Lithuania,2007,17.08245087,29838.39009,0.839,,70.698,12.15999985
LTU,Lithuania,2008,17.09845924,31776.94039,0.849,,71.696,12.30000019
LTU,Lithuania,2009,17.18757057,28278.40296,0.851,,72.85,12.31999969
LTU,Lithuania,2010,17.12297058,28585.93162,0.854,,73.196,12.46000004
LTU,Lithuania,2011,17.16068077,30080.35297,0.86,,73.608,12.56999969
LTU,Lithuania,2012,16.95055962,31383.77281,0.862,,73.964,12.56000042
LTU,Lithuania,2013,16.85629082,33047.59662,0.865,,74.027,12.59000015
LTU,Lithuania,2014,16.13591003,35072.38479,0.866,,74.596,12.80000019
LTU,Lithuania,2015,16.15266037,35918.67178,0.869,,74.474,12.96000004
LTU,Lithuania,2016,16.22341919,37739.2288,0.875,,74.82,13.10999966
LTU,Lithuania,2017,16.40295029,39890.49893,0.885,,75.701,13.18999958
LTU,Lithuania,2018,16.32348061,41633.48099,0.889,,75.909,13.29333305
LTU,Lithuania,2019,16.15449905,43775.76715,0.894,,76.424,13.39666653
LTU,Lithuania,2020,16.14806938,44353.33325,0.888,,75.105,13.5
LTU,Lithuania,2021,16.28358078,44640.55466,0.887,,74.297,13.61069239
LTU,Lithuania,2022,16.45467949,42324.8521,0.888,,74.696,13.61069239
LTU,Lithuania,2023,16.45467949,41916.46579,0.895,39.0,76.025,13.61069239
LUX,Luxembourg,1990,10.49890687,68166.27296,0.787,,74.967,8.819303591
LUX,Luxembourg,1991,10.79678407,72605.64539,0.796,,74.964,8.989999771
LUX,Luxembourg,1992,11.1031127,71802.10493,0.801,,74.746,9.163999748
LUX,Luxembourg,1993,11.41813256,74201.79569,0.812,,75.426,9.337999725
LUX,Luxembourg,1994,11.74209023,73981.52921,0.82,,75.931,9.511999702
LUX,Luxembourg,1995,11.80346966,76441.11889,0.824,,75.878,9.68599968
LUX,Luxembourg,1996,12.15493011,77668.40933,0.832,,76.168,9.859999657
LUX,Luxembourg,1997,12.32374001,80925.82046,0.837,,76.39,10.03399963
LUX,Luxembourg,1998,12.71479034,80341.686,0.845,,76.571,10.20799961
LUX,Luxembourg,1999,13.49341965,86093.31889,0.858,,76.986,10.38199959
LUX,Luxembourg,2000,13.41460991,88150.67086,0.861,,77.263,10.55599957
LUX,Luxembourg,2001,13.30146027,88680.88912,0.863,,77.53,10.72999954
LUX,Luxembourg,2002,13.43264008,85154.11163,0.868,,77.552,10.99499989
LUX,Luxembourg,2003,13.41771984,82446.07482,0.87,,77.262,11.26000023
LUX,Luxembourg,2004,13.35352993,94890.04757,0.878,,78.658,11.3525002
LUX,Luxembourg,2005,13.28934002,97636.60313,0.879,,78.879,11.44500017
LUX,Luxembourg,2006,13.22515011,93052.45101,0.88,,78.838,11.53750014
LUX,Luxembourg,2007,13.28186989,104550.9491,0.883,,79.116,11.63000011
LUX,Luxembourg,2008,13.33858967,97787.28757,0.896,,80.107,12.22000027
LUX,Luxembourg,2009,13.60389471,76062.29235,0.905,,79.907,12.81000042
LUX,Luxembourg,2010,13.86919975,85004.52305,0.909,,80.099,12.84000015
LUX,Luxembourg,2011,13.92474508,86326.35121,0.911,,80.285,12.85999966
LUX,Luxembourg,2012,13.98029041,95714.75588,0.914,,80.438,13.0
LUX,Luxembourg,2013,14.02516365,90852.25303,0.919,,80.854,13.19999981
LUX,Luxembourg,2014,14.07003689,93690.27438,0.924,,81.236,13.43000031
LUX,Luxembourg,2015,14.11491013,83321.2599,0.913,,81.256,12.46000004
LUX,Luxembourg,2016,14.16722965,86487.36215,0.916,,81.62,12.48120855
LUX,Luxembourg,2017,14.10188961,92345.81642,0.913,,81.089,12.50241706
LUX,Luxembourg,2018,14.14490032,91959.2847,0.915,,81.519,12.52362557
LUX,Luxembourg,2019,14.18776035,87899.62972,0.916,,81.588,12.54483408
LUX,Luxembourg,2020,14.19386959,89601.73015,0.916,,81.411,12.56604259
LUX,Luxembourg,2021,14.19705009,94502.53003,0.918,,81.839,12.58937195
LUX,Luxembourg,2022,14.35795021,91143.90357,0.922,,82.201,12.58937195
LUX,Luxembourg,2023,14.35795021,85461.24833,0.922,25.0,82.229,12.58937195
LVA,Latvia,1990,12.65927029,19785.07369,0.736,,69.457,9.157459643
LVA,Latvia,1991,12.52396011,17782.9199,0.733,,69.182,9.479666556
LVA,Latvia,1992,12.27167988,11571.50264,0.709,,68.451,9.80187347
LVA,Latvia,1993,11.73342037,10027.41225,0.692,,66.629,10.12408038
LVA,Latvia,1994,11.35453987,10251.39122,0.686,,65.183,10.4462873
LVA,Latvia,1995,11.36966991,10531.24209,0.695,,65.995,10.76849421
LVA,Latvia,1996,11.65540981,10875.27871,0.714,,68.586,10.9090055
LVA,Latvia,1997,12.15748024,11590.09938,0.727,,69.225,11.04951678
LVA,Latvia,1998,12.87520027,12689.95399,0.738,,68.851,11.19002807
LVA,Latvia,1999,13.67022991,13145.79731,0.753,,69.648,11.33053935
LVA,Latvia,2000,14.19244003,13838.32915,0.764,,70.175,11.47105064
LVA,Latvia,2001,14.88010025,15047.08144,0.775,,69.906,11.63578801
LVA,Latvia,2002,15.35857964,16131.6968,0.786,,70.175,11.80052538
LVA,Latvia,2003,15.72097015,17636.09252,0.798,,70.636,11.96526275
LVA,Latvia,2004,16.10833931,19154.90994,0.809,,70.939,12.13000011
LVA,Latvia,2005,16.40514946,21592.8537,0.818,,70.632,12.25
LVA,Latvia,2006,16.4289608,24122.9598,0.823,,70.55,12.30000019
LVA,Latvia,2007,16.32666016,27570.29353,0.829,,70.789,12.17000008
LVA,Latvia,2008,16.32238007,27310.38071,0.837,,71.999,12.35000038
LVA,Latvia,2009,15.93803978,25783.34781,0.836,,72.697,12.46000004
LVA,Latvia,2010,15.81033039,23744.52072,0.833,,73.028,12.56000042
LVA,Latvia,2011,15.79568958,24959.4555,0.84,,73.718,12.60999966
LVA,Latvia,2012,15.62761974,26408.96441,0.843,,73.939,12.69999981
LVA,Latvia,2013,16.07962036,27461.4634,0.852,,74.187,12.81000042
LVA,Latvia,2014,16.07192993,28212.33823,0.854,,74.306,12.85999966
LVA,Latvia,2015,16.09433937,29482.34623,0.859,,74.665,12.86999989
LVA,Latvia,2016,16.26151085,31121.88564,0.864,,74.757,12.93000031
LVA,Latvia,2017,16.47373009,32491.83027,0.87,,74.8,13.05500031
LVA,Latvia,2018,16.56105042,33973.70314,0.875,,74.979,13.18000031
LVA,Latvia,2019,16.54171944,34655.50857,0.88,,75.628,13.25
LVA,Latvia,2020,16.49007988,34543.17411,0.879,,75.478,13.32948153
LVA,Latvia,2021,16.55606079,36094.98436,0.871,,73.181,13.40943983
LVA,Latvia,2022,16.48265076,37623.09546,0.881,,74.871,13.40943983
LVA,Latvia,2023,16.48265076,37997.82233,0.889,41.0,76.19,13.40943983
MAR,Morocco,1990,6.382909775,4255.413574,0.451,,62.396,2.11
MAR,Morocco,1991,6.373549938,4474.05127,0.457,,62.919,2.22
MAR,Morocco,1992,6.500289917,4323.525879,0.461,,63.388,2.33
MAR,Morocco,1993,6.738800049,4198.075684,0.468,,63.868,2.44
MAR,Morocco,1994,7.013629913,4597.900879,0.48,,64.346,2.55
MAR,Morocco,1995,7.261839867,4263.824707,0.484,,64.725,2.66
MAR,Morocco,1996,7.432979822,4758.630371,0.495,,65.226,2.78
MAR,Morocco,1997,7.604119778,4611.016602,0.5,,65.616,2.9
MAR,Morocco,1998,7.678740025,4905.060547,0.507,,66.008,3.02
MAR,Morocco,1999,8.090929985,4922.542969,0.517,,66.404,3.14
MAR,Morocco,2000,8.56276989,4976.226563,0.528,,66.794,3.26
MAR,Morocco,2001,8.933050156,5296.395508,0.539,,67.2,3.366
MAR,Morocco,2002,9.365309715,5440.077148,0.55,,67.582,3.472
MAR,Morocco,2003,9.695070267,5715.380859,0.56,,67.958,3.578
MAR,Morocco,2004,9.891050339,5923.902832,0.567,,68.272,3.684
MAR,Morocco,2005,10.01336002,6063.61377,0.573,,68.748,3.79
MAR,Morocco,2006,10.01791,6442.033691,0.579,,69.157,3.88
MAR,Morocco,2007,10.22760963,6589.009277,0.586,,69.62,3.97
MAR,Morocco,2008,10.36264038,6882.689941,0.593,,70.051,4.06
MAR,Morocco,2009,10.53151989,6963.408691,0.598,,70.454,4.15
MAR,Morocco,2010,10.91386032,7112.009766,0.607,,70.821,4.24
MAR,Morocco,2011,11.28670979,7381.540527,0.619,,71.263,4.468
MAR,Morocco,2012,11.62874985,7478.955078,0.629,,71.674,4.696
MAR,Morocco,2013,11.9529438,7730.878906,0.639,,72.117,4.924
MAR,Morocco,2014,12.27713776,7783.251953,0.648,,72.522,5.152
MAR,Morocco,2015,12.60133171,8052.374023,0.659,,72.894,5.38
MAR,Morocco,2016,12.92552567,8006.727051,0.665,,73.228,5.514
MAR,Morocco,2017,13.24971962,8298.285156,0.674,,73.608,5.648
MAR,Morocco,2018,13.44997978,8459.296875,0.68,,73.946,5.782
MAR,Morocco,2019,13.70191002,8610.748047,0.687,,74.245,5.916
MAR,Morocco,2020,13.92945957,7952.530273,0.683,,73.133,6.05
MAR,Morocco,2021,14.03929996,8462.808594,0.69,,73.385,6.198
MAR,Morocco,2022,14.59442043,8483.361328,0.704,,75.161,6.198
MAR,Morocco,2023,15.07499027,8652.880859,0.71,120.0,75.313,6.198
MCO,Monaco,1990,19.90080565,10961.53224,0.698,,79.436,7.9619113775
MCO,Monaco,1991,19.90080565,10961.53224,0.698,,79.749,7.9619113775
MCO,Monaco,1992,19.90080565,10961.53224,0.698,,80.065,7.9619113775
MCO,Monaco,1993,19.90080565,10961.53224,0.698,,80.365,7.9619113775
MCO,Monaco,1994,19.90080565,10961.53224,0.698,,80.654,7.9619113775
MCO,Monaco,1995,19.90080565,10961.53224,0.698,,80.902,7.9619113775
MCO,Monaco,1996,19.90080565,10961.53224,0.698,,81.133,7.9619113775
MCO,Monaco,1997,19.90080565,10961.53224,0.698,,81.358,7.9619113775
MCO,Monaco,1998,19.90080565,10961.53224,0.698,,81.605,7.9619113775
MCO,Monaco,1999,19.90080565,10961.53224,0.698,,81.826,7.9619113775
MCO,Monaco,2000,19.90080565,10961.53224,0.698,,82.121,7.9619113775
MCO,Monaco,2001,19.90080565,10961.53224,0.698,,82.485,7.9619113775
MCO,Monaco,2002,19.90080565,10961.53224,0.698,,83.055,7.9619113775
MCO,Monaco,2003,19.90080565,10961.53224,0.698,,83.613,7.9619113775
MCO,Monaco,2004,19.90080565,10961.53224,0.698,,84.151,7.9619113775
MCO,Monaco,2005,19.90080565,10961.53224,0.698,,84.34,7.9619113775
MCO,Monaco,2006,19.90080565,10961.53224,0.698,,84.194,7.9619113775
MCO,Monaco,2007,19.90080565,10961.53224,0.698,,83.903,7.9619113775
MCO,Monaco,2008,19.90080565,10961.53224,0.698,,83.827,7.9619113775
MCO,Monaco,2009,19.90080565,10961.53224,0.698,,84.187,7.9619113775
MCO,Monaco,2010,19.90080565,10961.53224,0.698,,84.644,7.9619113775
MCO,Monaco,2011,20.0632294,10961.53224,0.698,,85.01,7.9619113775
MCO,Monaco,2012,20.2269788,10961.53224,0.698,,85.045,7.9619113775
MCO,Monaco,2013,20.39206466,10961.53224,0.698,,85.056,7.9619113775
MCO,Monaco,2014,20.5584979,10961.53224,0.698,,85.093,7.9619113775
MCO,Monaco,2015,20.72628952,10961.53224,0.698,,85.323,7.9619113775
MCO,Monaco,2016,20.89545059,10961.53224,0.698,,85.63,7.9619113775
MCO,Monaco,2017,21.34032059,10961.53224,0.698,,85.878,7.9619113775
MCO,Monaco,2018,19.24607086,10961.53224,0.698,,86.084,7.9619113775
MCO,Monaco,2019,21.40833092,10961.53224,0.698,,86.151,7.9619113775
MCO,Monaco,2020,21.35577965,10961.53224,0.698,,86.089,7.9619113775
MCO,Monaco,2021,21.52151012,10961.53224,0.698,,85.113,7.9619113775
MCO,Monaco,2022,21.6872406,10961.53224,0.698,,85.746,7.9619113775
MCO,Monaco,2023,21.6872406,10961.53224,0.698,,86.372,7.9619113775
MDA,Moldova (Republic of),1990,11.63099955,16041.98971,0.702,,67.92,9.120047755
MDA,Moldova (Republic of),1991,11.63099955,13220.66177,0.702,,67.554,9.250817291
MDA,Moldova (Republic of),1992,11.63099955,9297.903023,0.702,,66.749,9.381586826
MDA,Moldova (Republic of),1993,11.63099955,9228.33218,0.702,,66.66,9.512356361
MDA,Moldova (Republic of),1994,11.63099955,6403.885478,0.702,,66.319,9.643125896
MDA,Moldova (Republic of),1995,11.63099955,6377.138114,0.702,,66.218,9.773895431
MDA,Moldova (Republic of),1996,11.63099955,6249.432301,0.702,,66.248,9.873099906
MDA,Moldova (Republic of),1997,11.63099955,6369.863371,0.702,,66.484,9.972304381
MDA,Moldova (Republic of),1998,11.63099955,5874.670139,0.702,,66.84,10.07150886
MDA,Moldova (Republic of),1999,11.63099955,5743.401658,0.702,,67.205,10.17071333
MDA,Moldova (Republic of),2000,11.63099955,5988.20066,0.702,,67.462,10.26991781
MDA,Moldova (Republic of),2001,11.63099955,6515.174204,0.702,,67.672,10.37363158
MDA,Moldova (Republic of),2002,11.63099955,7188.946815,0.702,,67.793,10.47734534
MDA,Moldova (Republic of),2003,11.63099955,7803.205703,0.702,,67.9,10.58105911
MDA,Moldova (Republic of),2004,11.63099955,8533.785969,0.702,,68.017,10.68477288
MDA,Moldova (Republic of),2005,11.63099955,9170.891875,0.702,,68.197,10.78848665
MDA,Moldova (Republic of),2006,11.96204878,9498.102499,0.711,,68.423,11.03424319
MDA,Moldova (Republic of),2007,12.29309802,9615.047397,0.718,,68.674,11.27999973
MDA,Moldova (Republic of),2008,12.62414726,10406.94703,0.728,,69.0,11.38000011
MDA,Moldova (Republic of),2009,12.95519649,9461.833597,0.729,,69.406,11.47999954
MDA,Moldova (Republic of),2010,13.28624573,10321.02714,0.739,,69.876,11.48999977
MDA,Moldova (Republic of),2011,13.61729496,10899.07131,0.748,,70.173,11.56000042
MDA,Moldova (Republic of),2012,13.9483442,11090.51487,0.754,,70.344,11.69999981
MDA,Moldova (Republic of),2013,14.02234568,12103.67013,0.758,,70.291,11.63000011
MDA,Moldova (Republic of),2014,14.09673977,12642.92534,0.762,,70.241,11.69999981
MDA,Moldova (Republic of),2015,14.06025028,12357.96066,0.759,,70.118,11.69999981
MDA,Moldova (Republic of),2016,14.07894993,13059.05421,0.763,,70.179,11.72666645
MDA,Moldova (Republic of),2017,14.29259014,13881.03066,0.769,,70.375,11.75333309
MDA,Moldova (Republic of),2018,14.38949966,14554.00729,0.772,,70.236,11.77999973
MDA,Moldova (Republic of),2019,14.47340012,15389.80994,0.775,,70.181,11.76000023
MDA,Moldova (Republic of),2020,14.54043007,14028.12063,0.77,,69.914,11.80000019
MDA,Moldova (Republic of),2021,14.63856847,15987.33072,0.773,,68.991,11.81999969
MDA,Moldova (Republic of),2022,14.63856847,15286.07625,0.784,,71.546,11.82999992
MDA,Moldova (Republic of),2023,14.63856847,15866.54207,0.785,86.0,71.198,11.82999992
MDG,Madagascar,1990,6.070099831,1923.209643,0.436,,52.14,3.771085909
MDG,Madagascar,1991,6.245442518,1735.270942,0.436,,52.555,3.771085909
MDG,Madagascar,1992,6.420785205,1720.412348,0.436,,52.946,3.771085909
MDG,Madagascar,1993,6.596127892,1706.755699,0.436,,53.733,3.771085909
MDG,Madagascar,1994,6.771470579,1642.111769,0.436,,54.247,3.771085909
MDG,Madagascar,1995,6.946813265,1618.620731,0.436,,54.845,3.771085909
MDG,Madagascar,1996,7.122155952,1617.621265,0.436,,55.477,3.771085909
MDG,Madagascar,1997,7.297498639,1629.177338,0.436,,56.127,3.771085909
MDG,Madagascar,1998,7.472841326,1644.3155,0.436,,56.803,3.771085909
MDG,Madagascar,1999,7.648184013,1674.794938,0.436,,57.434,3.771085909
MDG,Madagascar,2000,7.8235267,1702.764126,0.443,,57.974,3.902890818
MDG,Madagascar,2001,7.998869387,1754.597022,0.451,,58.674,4.034695727
MDG,Madagascar,2002,8.174212074,1492.659871,0.448,,59.17,4.166500637
MDG,Madagascar,2003,8.349554761,1591.951143,0.458,,59.693,4.298305546
MDG,Madagascar,2004,8.524897448,1632.946706,0.465,,60.168,4.430110455
MDG,Madagascar,2005,8.700240135,1650.37856,0.47,,60.664,4.475816863
MDG,Madagascar,2006,8.78221035,1685.456649,0.474,,61.14,4.521523271
MDG,Madagascar,2007,9.072059631,1753.907462,0.482,,61.533,4.56722968
MDG,Madagascar,2008,9.417539597,1819.120531,0.49,,61.992,4.612936088
MDG,Madagascar,2009,9.907520294,1687.250736,0.493,,62.304,4.658642496
MDG,Madagascar,2010,9.911525249,1644.374346,0.493,,62.597,4.704348905
MDG,Madagascar,2011,9.915530205,1622.936868,0.494,,62.86,4.750055313
MDG,Madagascar,2012,10.08837032,1602.55331,0.496,,63.007,4.795761721
MDG,Madagascar,2013,10.14561033,1592.415939,0.497,,63.161,4.84146813
MDG,Madagascar,2014,10.20285034,1614.872159,0.5,,63.261,4.887174538
MDG,Madagascar,2015,10.31361961,1603.723461,0.501,,63.362,4.932880947
MDG,Madagascar,2016,10.13768959,1619.491042,0.501,,63.431,4.978587355
MDG,Madagascar,2017,10.29353046,1657.998208,0.505,,63.433,5.024293763
MDG,Madagascar,2018,9.880470276,1662.867607,0.501,,63.491,5.070000172
MDG,Madagascar,2019,9.36977005,1692.070223,0.495,,63.504,4.910840193
MDG,Madagascar,2020,9.214897332,1547.337284,0.483,,62.706,4.751680215
MDG,Madagascar,2021,9.062584503,1612.993729,0.481,,62.516,4.592520237
MDG,Madagascar,2022,9.062584503,1625.426772,0.483,,63.068,4.592520237
MDG,Madagascar,2023,9.062584503,1655.764683,0.487,183.0,63.632,4.592520237
MDV,Maldives,1990,11.94556744,8401.518293,0.639,,63.148,3.46923766
MDV,Maldives,1991,11.94556744,8769.80366,0.639,,63.911,3.46923766
MDV,Maldives,1992,11.94556744,9055.105726,0.639,,64.664,3.46923766
MDV,Maldives,1993,11.94556744,9363.563079,0.639,,65.434,3.46923766
MDV,Maldives,1994,11.94556744,9748.787079,0.639,,66.197,3.46923766
MDV,Maldives,1995,11.94556744,10203.15467,0.639,,66.962,3.46923766
MDV,Maldives,1996,11.95480516,11184.73745,0.639,,67.734,3.46923766
MDV,Maldives,1997,11.96405003,11954.17324,0.639,,68.517,3.46923766
MDV,Maldives,1998,11.97330204,12288.75767,0.639,,69.303,3.46923766
MDV,Maldives,1999,11.98256121,12975.86518,0.639,,70.157,3.46923766
MDV,Maldives,2000,11.99182753,13518.58149,0.639,,70.892,3.46923766
MDV,Maldives,2001,12.00110103,12720.84598,0.639,,71.659,3.47378748
MDV,Maldives,2002,12.01038169,13619.38038,0.645,,72.36,3.4783373
MDV,Maldives,2003,12.01966953,15073.229,0.654,,73.263,3.48288712
MDV,Maldives,2004,12.02897894,15810.60751,0.655,,73.008,3.48743694
MDV,Maldives,2005,12.03828835,14137.53467,0.657,,74.785,3.49198676
MDV,Maldives,2006,12.04759777,16969.43078,0.672,,75.256,3.789999962
MDV,Maldives,2007,12.05690718,14584.99519,0.672,,75.711,4.062264529
MDV,Maldives,2008,12.06621659,15812.68648,0.681,,75.999,4.334529096
MDV,Maldives,2009,12.075526,14261.89161,0.682,,76.371,4.606793664
MDV,Maldives,2010,12.08483541,14520.23936,0.689,,76.756,4.879058231
MDV,Maldives,2011,12.09414482,15464.62315,0.698,,77.141,5.151322798
MDV,Maldives,2012,12.10345423,15496.14008,0.704,,77.512,5.423587366
MDV,Maldives,2013,12.11276364,15741.52054,0.71,,77.847,5.695851933
MDV,Maldives,2014,12.12207305,16678.26509,0.718,,78.187,5.9681165
MDV,Maldives,2015,12.13138247,17039.75049,0.725,,78.607,6.240381067
MDV,Maldives,2016,12.14069188,17548.09179,0.732,,78.913,6.512645635
MDV,Maldives,2017,12.15000129,18212.43042,0.739,,79.228,6.784910202
MDV,Maldives,2018,12.1593107,18898.40322,0.744,,79.433,6.948074375
MDV,Maldives,2019,12.16862011,19525.30874,0.749,,79.707,7.111238548
MDV,Maldives,2020,12.36854903,12941.62258,0.73,,78.713,7.274402722
MDV,Maldives,2021,12.56847795,17114.26417,0.745,,78.052,7.410372866
MDV,Maldives,2022,12.76840687,19228.53106,0.764,,80.76,7.410372866
MDV,Maldives,2023,12.76840687,19317.31882,0.766,93.0,81.041,7.410372866
MEX,Mexico,1990,11.18052959,17073.43804,0.668,,69.034,5.949999809
MEX,Mexico,1991,11.02836037,17502.72731,0.67,,69.368,6.020999813
MEX,Mexico,1992,10.99157524,17793.14241,0.672,,69.663,6.091999817
MEX,Mexico,1993,10.95479012,18036.86803,0.675,,69.961,6.162999821
MEX,Mexico,1994,11.06476974,18447.59599,0.68,,70.302,6.233999825
MEX,Mexico,1995,11.21502972,16818.42303,0.68,,70.703,6.304999828
MEX,Mexico,1996,11.3673296,17606.44246,0.687,,71.088,6.375999832
MEX,Mexico,1997,11.46714973,18702.5572,0.694,,71.472,6.446999836
MEX,Mexico,1998,11.70351982,19538.22888,0.701,,71.792,6.51799984
MEX,Mexico,1999,11.84465981,19812.33521,0.706,,72.203,6.588999844
MEX,Mexico,2000,11.96185017,20485.33399,0.712,,72.562,6.659999847
MEX,Mexico,2001,11.99468994,20133.33919,0.715,,72.912,6.817499876
MEX,Mexico,2002,12.33232975,19890.88454,0.722,,73.106,6.974999905
MEX,Mexico,2003,12.58868027,19853.74904,0.728,,73.308,7.132499933
MEX,Mexico,2004,12.6633997,20307.15104,0.732,,73.432,7.289999962
MEX,Mexico,2005,12.71755981,20328.26141,0.736,,73.627,7.489999771
MEX,Mexico,2006,12.84585953,21003.71067,0.745,,73.746,7.869999886
MEX,Mexico,2007,12.99110985,21139.43409,0.747,,73.796,7.880000114
MEX,Mexico,2008,13.19239044,21126.77518,0.75,,73.695,7.949999809
MEX,Mexico,2009,13.27560043,19518.2762,0.749,,73.628,8.140000343
MEX,Mexico,2010,13.42037964,20307.75548,0.751,,73.718,8.010000229
MEX,Mexico,2011,13.46401978,20623.10674,0.757,,73.921,8.25
MEX,Mexico,2012,13.73157978,20934.1251,0.764,,74.128,8.489999771
MEX,Mexico,2013,13.91250992,20669.1204,0.765,,74.289,8.359999657
MEX,Mexico,2014,14.08321953,21036.90911,0.769,,74.404,8.399999619
MEX,Mexico,2015,14.23423958,21327.01893,0.773,,74.431,8.600000381
MEX,Mexico,2016,14.6759901,21436.27764,0.778,,74.376,8.600000381
MEX,Mexico,2017,14.85268021,21616.68317,0.781,,74.261,8.739999771
MEX,Mexico,2018,14.92304993,21820.25668,0.785,,74.301,8.930000305
MEX,Mexico,2019,14.9456501,21520.56367,0.788,,74.53,9.075000286
MEX,Mexico,2020,14.82310009,19448.46721,0.763,,70.449,9.220000267
MEX,Mexico,2021,14.50529957,20588.27089,0.761,,69.75,9.349510934
MEX,Mexico,2022,14.46811008,21334.79886,0.783,,73.973,9.349510934
MEX,Mexico,2023,14.46811008,21812.65566,0.789,81.0,75.069,9.349510934
MHL,Marshall Islands,1990,11.16281033,4112.825711,0.666,,61.756,10.88000011
MHL,Marshall Islands,1991,11.16281033,4031.614102,0.666,,61.792,10.88000011
MHL,Marshall Islands,1992,11.16281033,4262.121261,0.666,,61.9,10.88000011
MHL,Marshall Islands,1993,11.16281033,4470.38005,0.666,,62.085,10.88000011
MHL,Marshall Islands,1994,11.16281033,4692.623464,0.666,,62.308,10.88000011
MHL,Marshall Islands,1995,11.16281033,5042.200025,0.666,,62.515,10.88000011
MHL,Marshall Islands,1996,11.16281033,4495.522596,0.666,,62.765,10.88000011
MHL,Marshall Islands,1997,11.16281033,4200.084265,0.666,,63.015,10.88000011
MHL,Marshall Islands,1998,11.16281033,4284.376014,0.666,,63.218,10.88000011
MHL,Marshall Islands,1999,11.16281033,4316.607274,0.666,,63.421,10.88000011
MHL,Marshall Islands,2000,11.16281033,4381.15286,0.666,,63.323,10.88000011
MHL,Marshall Islands,2001,11.16281033,4623.093324,0.666,,63.735,10.88000011
MHL,Marshall Islands,2002,11.16281033,4694.225763,0.666,,63.848,10.88000011
MHL,Marshall Islands,2003,11.40360389,4623.594871,0.666,,63.956,10.88000011
MHL,Marshall Islands,2004,11.64439746,4606.764433,0.666,,64.044,10.88000011
MHL,Marshall Islands,2005,11.88519103,4792.277188,0.666,,64.112,10.88000011
MHL,Marshall Islands,2006,12.1259846,4767.671071,0.666,,64.207,10.88000011
MHL,Marshall Islands,2007,12.36677817,4945.59397,0.666,,64.259,10.88000011
MHL,Marshall Islands,2008,12.60757174,4666.098461,0.666,,64.3,10.88000011
MHL,Marshall Islands,2009,12.84836531,4750.761451,0.666,,64.395,10.88000011
MHL,Marshall Islands,2010,13.08915888,4822.0919,0.666,,64.498,10.88000011
MHL,Marshall Islands,2011,13.32995244,4848.320499,0.666,,64.641,10.88000011
MHL,Marshall Islands,2012,13.57074601,4730.642307,0.668,,64.776,10.94721507
MHL,Marshall Islands,2013,13.81153958,5091.473008,0.676,,64.954,11.01484526
MHL,Marshall Islands,2014,14.05233315,5273.472946,0.681,,65.11,11.08289327
MHL,Marshall Islands,2015,14.29312672,5890.507718,0.691,,65.292,11.15094128
MHL,Marshall Islands,2016,14.53392029,6060.281594,0.696,,65.477,11.21898928
MHL,Marshall Islands,2017,14.88346672,6221.424151,0.702,,65.673,11.28703729
MHL,Marshall Islands,2018,15.23301315,6636.864981,0.71,,65.87,11.35508529
MHL,Marshall Islands,2019,15.58255959,7483.316162,0.722,,66.047,11.44894499
MHL,Marshall Islands,2020,15.8503933,7490.757545,0.722,,65.387,11.5428047
MHL,Marshall Islands,2021,16.11822701,7212.969336,0.723,,65.421,11.6366644
MHL,Marshall Islands,2022,16.38606071,7298.778616,0.732,,66.725,11.6366644
MHL,Marshall Islands,2023,16.38606071,7223.860831,0.733,108.0,66.945,11.6366644
MKD,North Macedonia,1990,11.32026995,12007.63521,0.644,,71.339,4.603085669
MKD,North Macedonia,1991,11.25326751,11763.71614,0.647,,71.752,4.779420443
MKD,North Macedonia,1992,11.18666165,10659.49321,0.642,,71.302,4.962510241
MKD,North Macedonia,1993,11.12045002,10749.2683,0.647,,71.731,5.152613833
MKD,North Macedonia,1994,11.05463028,10723.47508,0.648,,71.487,5.349999905
MKD,North Macedonia,1995,11.13234997,10625.20435,0.653,,71.965,5.571249902
MKD,North Macedonia,1996,11.16586018,10673.26136,0.657,,71.854,5.7924999
MKD,North Macedonia,1997,11.17652035,10792.71553,0.661,,71.881,6.013749897
MKD,North Macedonia,1998,11.28462029,11099.98911,0.666,,71.802,6.234999895
MKD,North Macedonia,1999,11.45849991,11479.76704,0.675,,72.308,6.456249893
MKD,North Macedonia,2000,11.89542007,11927.30549,0.686,,72.569,6.67749989
MKD,North Macedonia,2001,12.02011013,11640.17022,0.691,,73.006,6.898749888
MKD,North Macedonia,2002,12.05578041,11853.02154,0.694,,72.709,7.119999886
MKD,North Macedonia,2003,12.01447964,12092.25279,0.7,,73.047,7.405338645
MKD,North Macedonia,2004,12.00957012,12773.24124,0.708,,73.448,7.690677404
MKD,North Macedonia,2005,12.1942997,13296.06161,0.717,,73.608,7.976016164
MKD,North Macedonia,2006,12.30496502,14249.24418,0.726,,73.791,8.261354923
MKD,North Macedonia,2007,12.41563034,14604.94821,0.732,,73.742,8.546693683
MKD,North Macedonia,2008,13.32411957,16060.70133,0.753,,74.436,8.832032442
MKD,North Macedonia,2009,13.35262966,16184.57227,0.757,,74.469,9.117371202
MKD,North Macedonia,2010,13.36975956,16721.00394,0.765,,75.037,9.402709961
MKD,North Macedonia,2011,13.45047474,17131.2073,0.771,,75.142,9.68804872
MKD,North Macedonia,2012,13.53118992,17049.50266,0.775,,75.043,9.97338748
MKD,North Macedonia,2013,13.51144028,17571.99462,0.782,,75.583,10.25872624
MKD,North Macedonia,2014,13.47741032,18345.72396,0.788,,75.633,10.544065
MKD,North Macedonia,2015,13.7627697,18839.21254,0.795,,75.629,10.82940376
MKD,North Macedonia,2016,13.7967,19239.73977,0.8,,75.571,11.11474252
MKD,North Macedonia,2017,13.8306303,19530.2092,0.807,,76.152,11.40008128
MKD,North Macedonia,2018,13.68043995,20130.97674,0.814,,76.883,11.68542004
MKD,North Macedonia,2019,13.44775009,20960.1692,0.805,,76.835,10.95770979
MKD,North Macedonia,2020,13.40307045,20382.85464,0.783,,74.469,10.22999954
MKD,North Macedonia,2021,13.53925991,21389.72069,0.781,,73.292,10.22999954
MKD,North Macedonia,2022,14.78143978,21962.94394,0.811,,76.645,10.22999954
MKD,North Macedonia,2023,14.78143978,22128.39461,0.815,68.0,77.395,10.22999954
MLI,Mali,1990,1.942090034,1507.770989,0.24,,46.541,0.844299708
MLI,Mali,1991,2.014780045,1660.416651,0.247,,46.889,0.881824139
MLI,Mali,1992,2.152940035,1572.315257,0.251,,47.238,0.919348571
MLI,Mali,1993,2.360039949,1594.072754,0.259,,47.586,0.956873002
MLI,Mali,1994,2.593649983,1600.969141,0.266,,47.914,0.994397434
MLI,Mali,1995,2.827260017,1571.060174,0.273,,48.292,1.031921865
MLI,Mali,1996,3.064179897,1646.077606,0.282,,48.5,1.062410466
MLI,Mali,1997,3.414890051,1684.349489,0.293,,49.086,1.092899066
MLI,Mali,1998,3.705430031,1769.861056,0.303,,49.592,1.123387667
MLI,Mali,1999,4.100180149,1829.699256,0.314,,50.06,1.153876267
MLI,Mali,2000,4.327819824,1781.488163,0.32,,50.605,1.184364868
MLI,Mali,2001,4.64327985,1919.602131,0.332,,51.3,1.219544022
MLI,Mali,2002,4.958739877,1892.195471,0.34,,51.995,1.254723177
MLI,Mali,2003,5.274199903,2056.857266,0.352,,52.632,1.289902331
MLI,Mali,2004,5.589659929,2022.908857,0.359,,53.253,1.325081486
MLI,Mali,2005,5.905119956,2086.524096,0.368,,53.792,1.36026064
MLI,Mali,2006,6.220579982,2100.735776,0.377,,54.305,1.440000057
MLI,Mali,2007,6.536040008,2105.457494,0.386,,54.756,1.556000042
MLI,Mali,2008,6.851500034,2145.03472,0.395,,55.187,1.672000027
MLI,Mali,2009,7.125589848,2139.729566,0.403,,55.588,1.788000011
MLI,Mali,2010,7.305920124,2195.385015,0.41,,55.993,1.903999996
MLI,Mali,2011,7.442359924,2199.460515,0.415,,56.367,2.019999981
MLI,Mali,2012,7.254854918,2113.190306,0.411,,56.696,1.972499996
MLI,Mali,2013,7.067349911,2113.539335,0.409,,57.052,1.925000012
MLI,Mali,2014,7.218820095,2206.999219,0.414,,57.482,1.877500027
MLI,Mali,2015,7.026150227,2280.511244,0.413,,57.852,1.830000043
MLI,Mali,2016,7.073800087,2326.091323,0.411,,58.286,1.529999971
MLI,Mali,2017,7.115580082,2360.42278,0.416,,58.562,1.699999988
MLI,Mali,2018,7.089373522,2404.188118,0.421,,58.873,1.870000005
MLI,Mali,2019,7.063263481,2414.448931,0.425,,59.217,2.041840076
MLI,Mali,2020,7.037249603,2300.163569,0.414,,58.858,1.629999995
MLI,Mali,2021,7.011331533,2288.84912,0.414,,59.116,1.629999995
MLI,Mali,2022,7.011331533,2309.346342,0.417,,60.035,1.629999995
MLI,Mali,2023,7.011331533,2341.588118,0.419,188.0,60.439,1.629999995
MLT,Malta,1990,12.54930019,21959.16666,0.735,,76.16,6.463803698
MLT,Malta,1991,12.75677013,22831.21149,0.742,,76.488,6.573277833
MLT,Malta,1992,12.94281006,23371.61408,0.748,,76.68,6.682751967
MLT,Malta,1993,13.15359974,23968.76472,0.754,,76.834,6.792226102
MLT,Malta,1994,13.23785019,24650.09653,0.758,,76.946,6.901700237
MLT,Malta,1995,13.34193993,25987.43299,0.763,,76.982,7.011174372
MLT,Malta,1996,13.35453987,26583.07998,0.763,,76.321,7.102939456
MLT,Malta,1997,13.46306038,27801.23593,0.772,,77.316,7.194704539
MLT,Malta,1998,13.84552002,28482.18793,0.781,,77.799,7.286469623
MLT,Malta,1999,13.76667023,30313.73956,0.784,,77.752,7.378234707
MLT,Malta,2000,14.05391026,30503.95324,0.79,,77.903,7.46999979
MLT,Malta,2001,14.05865002,31199.76355,0.801,,78.902,7.931999779
MLT,Malta,2002,14.01716042,31807.73772,0.806,,78.467,8.393999767
MLT,Malta,2003,14.37259007,32523.88308,0.818,,78.696,8.855999756
MLT,Malta,2004,14.93609047,32355.40845,0.832,,79.166,9.317999744
MLT,Malta,2005,14.93362999,32393.68076,0.84,,79.489,9.779999733
MLT,Malta,2006,14.63082981,32754.88485,0.838,,79.561,9.819999695
MLT,Malta,2007,14.99221039,33880.39343,0.845,,79.737,9.859999657
MLT,Malta,2008,14.89570999,36156.22889,0.848,,79.69,10.00999991
MLT,Malta,2009,15.22702503,34189.00922,0.854,,80.415,10.16000017
MLT,Malta,2010,15.55834007,35935.26952,0.867,,81.398,10.31000042
MLT,Malta,2011,15.05198956,36985.16253,0.862,,80.804,10.47000027
MLT,Malta,2012,15.26603985,37282.57536,0.87,,81.064,10.80000019
MLT,Malta,2013,15.39560032,38659.82486,0.88,,81.818,11.02999973
MLT,Malta,2014,15.41493988,40659.60593,0.886,,82.318,11.13000011
MLT,Malta,2015,15.49055958,43316.34357,0.892,,82.591,11.21000004
MLT,Malta,2016,15.45613003,41755.2658,0.891,,82.657,11.28999996
MLT,Malta,2017,15.51881981,44905.63285,0.901,,83.089,11.56500006
MLT,Malta,2018,15.75314045,46935.98263,0.908,,82.908,11.84000015
MLT,Malta,2019,15.62699032,48427.39247,0.91,,82.839,12.0250001
MLT,Malta,2020,15.55049038,42884.89352,0.903,,82.336,12.21000004
MLT,Malta,2021,15.86133957,48071.10396,0.914,,82.316,12.4207021
MLT,Malta,2022,15.90985012,50835.18681,0.917,,82.25,12.4207021
MLT,Malta,2023,15.90985012,52155.07487,0.924,24.0,83.299,12.4207021
MMR,Myanmar,1990,6.440790176,673.0216627,0.347,,57.159,2.220867026
MMR,Myanmar,1991,7.037065029,657.8631853,0.354,,57.395,2.272047501
MMR,Myanmar,1992,7.633339882,712.2937117,0.368,,57.681,2.323227975
MMR,Myanmar,1993,7.771729946,744.8341258,0.374,,58.032,2.37440845
MMR,Myanmar,1994,7.86823988,790.2906123,0.381,,58.326,2.425588925
MMR,Myanmar,1995,7.768799782,834.0337337,0.385,,58.671,2.4767694
MMR,Myanmar,1996,7.797009786,877.3348162,0.391,,59.169,2.548056489
MMR,Myanmar,1997,7.82521979,915.2481127,0.396,,59.523,2.619343579
MMR,Myanmar,1998,7.853429794,919.2589712,0.399,,59.896,2.690630669
MMR,Myanmar,1999,7.881639798,1007.768673,0.406,,60.107,2.761917758
MMR,Myanmar,2000,7.909849803,1133.533989,0.415,,60.357,2.833204848
MMR,Myanmar,2001,7.938059807,1248.861078,0.423,,60.64,2.915459182
MMR,Myanmar,2002,8.062719822,1385.151471,0.433,,60.925,2.997713517
MMR,Myanmar,2003,8.187379837,1562.231316,0.443,,61.196,3.079967851
MMR,Myanmar,2004,8.312039852,1758.992167,0.453,,61.443,3.162222185
MMR,Myanmar,2005,8.436699867,1982.124651,0.463,,61.72,3.24447652
MMR,Myanmar,2006,8.561359882,2225.074868,0.473,,62.026,3.343181721
MMR,Myanmar,2007,8.686019897,2474.301029,0.483,,62.367,3.441886922
MMR,Myanmar,2008,8.942250859,2713.046079,0.468,,56.364,3.540592123
MMR,Myanmar,2009,9.19848182,2982.596162,0.504,,63.095,3.639297324
MMR,Myanmar,2010,9.454712781,3258.103263,0.515,,63.479,3.738002525
MMR,Myanmar,2011,9.710943742,3415.464597,0.525,,63.859,3.937240802
MMR,Myanmar,2012,9.967174703,3630.501075,0.535,,64.251,4.136479078
MMR,Myanmar,2013,10.22340566,3895.463599,0.546,,64.617,4.335717355
MMR,Myanmar,2014,10.47963663,4161.702806,0.557,,64.994,4.534955631
MMR,Myanmar,2015,10.73586759,4416.568884,0.566,,65.288,4.734193908
MMR,Myanmar,2016,10.99209855,4563.909557,0.574,,65.64,4.849349976
MMR,Myanmar,2017,11.24832951,4769.6184,0.587,,65.909,5.359566689
MMR,Myanmar,2018,11.50456047,4938.563063,0.6,,66.232,5.869783401
MMR,Myanmar,2019,11.50456047,5146.98387,0.61,,66.457,6.380000114
MMR,Myanmar,2020,11.50456047,5042.360997,0.609,,66.612,6.380000114
MMR,Myanmar,2021,11.50456047,5056.175583,0.605,,65.553,6.380000114
MMR,Myanmar,2022,11.50456047,4825.400216,0.606,,66.506,6.380000114
MMR,Myanmar,2023,11.50456047,4918.810577,0.609,150.0,66.889,6.380000114
MNE,Montenegro,1990,11.49033095,10175.39715,0.764,,73.877,10.43999958
MNE,Montenegro,1991,11.49033095,10175.39715,0.764,,73.951,10.43999958
MNE,Montenegro,1992,11.49033095,10175.39715,0.764,,73.8,10.43999958
MNE,Montenegro,1993,11.49033095,10175.39715,0.764,,73.869,10.43999958
MNE,Montenegro,1994,11.49033095,10175.39715,0.764,,73.764,10.43999958
MNE,Montenegro,1995,11.49033095,10175.39715,0.764,,73.74,10.43999958
MNE,Montenegro,1996,11.49033095,12957.5771,0.764,,73.611,10.43999958
MNE,Montenegro,1997,11.49033095,13790.49027,0.764,,73.504,10.43999958
MNE,Montenegro,1998,11.49033095,14412.14161,0.764,,73.442,10.43999958
MNE,Montenegro,1999,11.49033095,13210.02387,0.764,,73.293,10.43999958
MNE,Montenegro,2000,11.49033095,15130.31483,0.764,,73.552,10.43999958
MNE,Montenegro,2001,11.82827072,15293.39708,0.764,,73.739,10.43999958
MNE,Montenegro,2002,12.17614956,15677.86292,0.764,,74.131,10.43999958
MNE,Montenegro,2003,12.5342598,16107.55895,0.764,,74.226,10.43999958
MNE,Montenegro,2004,12.59327984,16710.85692,0.768,,74.379,10.5449996
MNE,Montenegro,2005,12.90273952,16729.17229,0.773,,74.425,10.64999962
MNE,Montenegro,2006,13.41094017,18269.34346,0.785,,74.671,10.75499964
MNE,Montenegro,2007,13.95468044,19417.35981,0.795,,74.674,10.85999966
MNE,Montenegro,2008,14.48272991,20842.87741,0.806,,75.001,10.96499968
MNE,Montenegro,2009,14.85194969,19353.06842,0.809,,75.397,11.06999969
MNE,Montenegro,2010,15.11147976,19672.15718,0.815,,75.713,11.17499971
MNE,Montenegro,2011,15.30632019,20590.20127,0.822,,75.961,11.27999973
MNE,Montenegro,2012,15.37969971,20180.72296,0.825,,76.237,11.42716544
MNE,Montenegro,2013,15.47437318,20939.79218,0.83,,76.354,11.57433115
MNE,Montenegro,2014,15.56904666,21163.02214,0.833,,76.468,11.72149685
MNE,Montenegro,2015,15.66372013,22062.12893,0.839,,76.594,11.86866256
MNE,Montenegro,2016,15.19717979,22417.90582,0.836,,76.565,12.01582827
MNE,Montenegro,2017,15.36240959,23766.60494,0.843,,76.593,12.16299398
MNE,Montenegro,2018,15.39748955,24756.96292,0.849,,76.921,12.31015968
MNE,Montenegro,2019,15.36868,25755.09952,0.851,,76.639,12.4628467
MNE,Montenegro,2020,15.51142025,21946.76096,0.841,,75.85,12.61742755
MNE,Montenegro,2021,15.58061981,25016.02242,0.84,,73.789,12.77392572
MNE,Montenegro,2022,15.49246979,26668.08654,0.853,,75.921,12.77392572
MNE,Montenegro,2023,15.53652954,28026.3304,0.862,48.0,77.087,12.77392572
MNG,Mongolia,1990,10.12985992,5952.16501,0.593,,58.817,8.488107412
MNG,Mongolia,1991,9.677269936,5699.127044,0.591,,59.818,8.514598255
MNG,Mongolia,1992,8.751159668,5185.924182,0.581,,60.44,8.541089097
MNG,Mongolia,1993,7.619840145,4762.113608,0.567,,60.829,8.567579939
MNG,Mongolia,1994,7.526760101,4954.131219,0.568,,60.855,8.594070782
MNG,Mongolia,1995,7.490560055,5339.894907,0.572,,60.891,8.620561624
MNG,Mongolia,1996,7.820310116,5390.94847,0.578,,61.0,8.704449292
MNG,Mongolia,1997,8.067250252,5540.047954,0.585,,61.438,8.788336959
MNG,Mongolia,1998,8.431200027,5733.771944,0.594,,62.121,8.872224627
MNG,Mongolia,1999,8.68225956,5833.435031,0.602,,62.835,8.956112294
MNG,Mongolia,2000,9.16119957,5842.57231,0.611,,63.458,9.039999962
MNG,Mongolia,2001,9.925230026,5905.473592,0.622,,63.806,9.139999962
MNG,Mongolia,2002,10.35706997,6191.25139,0.631,,63.992,9.239999962
MNG,Mongolia,2003,11.13086987,6519.387243,0.643,,64.135,9.339999962
MNG,Mongolia,2004,11.79345989,7395.674609,0.658,,64.343,9.439999962
MNG,Mongolia,2005,12.69904041,7607.239855,0.671,,64.811,9.539999962
MNG,Mongolia,2006,12.9962101,8254.500708,0.683,,65.569,9.639999962
MNG,Mongolia,2007,13.37289333,8923.192894,0.696,,66.471,9.739999962
MNG,Mongolia,2008,13.74957657,9543.203266,0.707,,67.086,9.839999962
MNG,Mongolia,2009,14.1262598,9198.447313,0.711,,67.173,9.939999962
MNG,Mongolia,2010,14.44752979,9172.088458,0.714,,67.1,10.03999996
MNG,Mongolia,2011,14.67477036,10556.11753,0.725,,67.167,10.1480062
MNG,Mongolia,2012,14.85447979,11693.87993,0.735,,67.611,10.25601244
MNG,Mongolia,2013,14.72316504,13140.9961,0.744,,68.21,10.36401868
MNG,Mongolia,2014,14.59185028,13519.08107,0.748,,68.737,10.47202492
MNG,Mongolia,2015,14.67547035,13566.25225,0.753,,69.239,10.58003116
MNG,Mongolia,2016,14.99635983,13448.9696,0.759,,69.736,10.6880374
MNG,Mongolia,2017,14.80545998,12876.63142,0.759,,70.171,10.79604363
MNG,Mongolia,2018,14.68861008,14385.63584,0.767,,70.574,10.90404987
MNG,Mongolia,2019,14.51021957,14506.60923,0.758,,70.663,10.16202497
MNG,Mongolia,2020,14.21936448,13853.01869,0.741,,70.029,9.420000076
MNG,Mongolia,2021,13.92850939,12768.34,0.727,,68.565,9.420000076
MNG,Mongolia,2022,13.6376543,13682.72439,0.742,,71.505,9.420000076
MNG,Mongolia,2023,13.6376543,14787.08237,0.747,104.0,71.734,9.420000076
MOZ,Mozambique,1990,3.871253902,513.7723598,0.246,,44.337,1.599835197
MOZ,Mozambique,1991,3.898401763,539.1100797,0.25,,44.705,1.588270123
MOZ,Mozambique,1992,3.925740004,479.8863803,0.245,,45.095,1.576705049
MOZ,Mozambique,1993,3.953269958,519.6374591,0.252,,45.675,1.565139976
MOZ,Mozambique,1994,4.043809891,526.3500822,0.255,,46.086,1.553574902
MOZ,Mozambique,1995,4.153170109,519.6862351,0.257,,46.546,1.542009828
MOZ,Mozambique,1996,4.507280111,564.5897285,0.269,,47.121,1.584415098
MOZ,Mozambique,1997,4.861390114,617.5897075,0.281,,47.8,1.626820369
MOZ,Mozambique,1998,5.215500116,661.3612534,0.292,,48.212,1.669225639
MOZ,Mozambique,1999,5.569610119,724.3451834,0.304,,48.837,1.711630909
MOZ,Mozambique,2000,6.018149853,703.2134241,0.311,,49.476,1.754036179
MOZ,Mozambique,2001,6.493030071,769.5328798,0.326,,50.259,1.831136671
MOZ,Mozambique,2002,6.955689907,770.5358936,0.335,,50.879,1.908237162
MOZ,Mozambique,2003,7.360409975,871.072855,0.35,,51.383,1.985337654
MOZ,Mozambique,2004,7.765130043,921.8447419,0.36,,51.855,2.062438145
MOZ,Mozambique,2005,8.379469872,936.150437,0.371,,52.322,2.139538637
MOZ,Mozambique,2006,8.693770409,975.5694796,0.379,,52.748,2.189653956
MOZ,Mozambique,2007,9.341190338,1035.715252,0.392,,53.255,2.239769275
MOZ,Mozambique,2008,9.815670013,1082.451325,0.403,,53.799,2.289884595
MOZ,Mozambique,2009,9.987150192,1149.258701,0.411,,54.4,2.339999914
MOZ,Mozambique,2010,10.19349003,1182.786142,0.419,,55.04,2.4799999
MOZ,Mozambique,2011,9.928839684,1248.433239,0.424,,55.733,2.619999886
MOZ,Mozambique,2012,9.804129601,1324.918605,0.431,,56.46,2.762499928
MOZ,Mozambique,2013,10.39083958,1370.842557,0.443,,57.189,2.904999971
MOZ,Mozambique,2014,10.34068966,1420.629597,0.45,,57.965,3.047500014
MOZ,Mozambique,2015,10.35270023,1468.571926,0.457,,58.711,3.190000057
MOZ,Mozambique,2016,10.35868502,1489.091278,0.46,,59.455,3.125
MOZ,Mozambique,2017,10.3646698,1466.024223,0.461,,60.148,3.059999943
MOZ,Mozambique,2018,10.48351964,1488.110134,0.469,,60.79,3.326666594
MOZ,Mozambique,2019,10.60373232,1482.565613,0.475,,61.306,3.593333244
MOZ,Mozambique,2020,10.72532345,1419.162081,0.477,,61.39,3.859999895
MOZ,Mozambique,2021,10.84830885,1410.180735,0.478,,60.268,4.22524488
MOZ,Mozambique,2022,10.84830885,1336.43212,0.49,,63.011,4.590489864
MOZ,Mozambique,2023,10.84830885,1355.767076,0.493,182.0,63.611,4.590489864
MRT,Mauritania,1990,3.684839964,5197.81783,0.396,,58.087,2.266610354
MRT,Mauritania,1991,3.783710003,5190.71201,0.401,,58.291,2.343858061
MRT,Mauritania,1992,4.091469765,5098.432576,0.409,,58.568,2.421105768
MRT,Mauritania,1993,4.563419819,5153.182936,0.421,,58.733,2.498353475
MRT,Mauritania,1994,5.220449924,4817.304801,0.432,,58.763,2.575601182
MRT,Mauritania,1995,5.381599903,5146.982442,0.439,,58.861,2.652848889
MRT,Mauritania,1996,5.645699978,5557.609175,0.448,,58.915,2.726030928
MRT,Mauritania,1997,5.710609913,5200.56788,0.45,,59.417,2.799212966
MRT,Mauritania,1998,6.089719772,5229.575823,0.46,,59.89,2.872395004
MRT,Mauritania,1999,6.27229023,5286.543132,0.467,,60.443,2.945577043
MRT,Mauritania,2000,6.303480148,4908.392012,0.468,,61.044,3.018759081
MRT,Mauritania,2001,6.334670067,4644.375054,0.47,,61.662,3.096006788
MRT,Mauritania,2002,6.359389782,4814.512118,0.475,,62.249,3.173254495
MRT,Mauritania,2003,6.434689999,5029.344608,0.482,,62.805,3.250502202
MRT,Mauritania,2004,6.906650066,5150.967319,0.494,,63.369,3.327749909
MRT,Mauritania,2005,6.956550121,5445.785458,0.5,,63.92,3.404997617
MRT,Mauritania,2006,7.18103981,6054.93988,0.512,,64.493,3.490376661
MRT,Mauritania,2007,7.077354908,5828.394556,0.512,,64.885,3.575755706
MRT,Mauritania,2008,6.973670006,5720.05033,0.512,,65.233,3.661134751
MRT,Mauritania,2009,7.516419888,5656.910398,0.522,,65.485,3.746513795
MRT,Mauritania,2010,7.665470123,5504.644998,0.525,,65.661,3.83189284
MRT,Mauritania,2011,7.815979958,5482.518873,0.53,,65.754,3.957928573
MRT,Mauritania,2012,8.192480087,5521.939262,0.538,,65.808,4.083964305
MRT,Mauritania,2013,8.485039711,5597.17775,0.544,,65.89,4.210000038
MRT,Mauritania,2014,8.559849739,5643.229969,0.547,,66.207,4.213114977
MRT,Mauritania,2015,8.634659767,5854.390616,0.551,,66.498,4.216229916
MRT,Mauritania,2016,8.175000191,5826.159796,0.548,,66.823,4.323796601
MRT,Mauritania,2017,8.076979637,6057.295491,0.551,,67.088,4.431363287
MRT,Mauritania,2018,8.510789871,6237.843638,0.561,,67.419,4.538929973
MRT,Mauritania,2019,8.722080231,6213.407941,0.566,,67.64,4.646496659
MRT,Mauritania,2020,8.051850319,6021.526339,0.554,,66.794,4.754063344
MRT,Mauritania,2021,7.949540636,5893.292532,0.553,,66.762,4.852025862
MRT,Mauritania,2022,7.949540636,6186.125184,0.562,,68.281,4.852025862
MRT,Mauritania,2023,7.949540636,6267.470808,0.563,163.0,68.484,4.852025862
MUS,Mauritius,1990,9.971670151,9047.537779,0.627,,69.771,5.860000134
MUS,Mauritius,1991,10.10330677,9393.242123,0.632,,70.051,5.904000139
MUS,Mauritius,1992,10.23494339,9859.208531,0.637,,70.213,5.948000145
MUS,Mauritius,1993,10.36658001,10197.23947,0.641,,70.365,5.992000151
MUS,Mauritius,1994,10.49821663,10414.21756,0.645,,70.42,6.036000156
MUS,Mauritius,1995,10.62985325,10773.49598,0.65,,70.6,6.080000162
MUS,Mauritius,1996,10.76148987,11146.63427,0.653,,70.524,6.124000168
MUS,Mauritius,1997,10.96531963,11742.88367,0.659,,70.684,6.168000174
MUS,Mauritius,1998,11.3348999,12316.79159,0.667,,70.894,6.212000179
MUS,Mauritius,1999,11.70448017,12536.16574,0.675,,71.39,6.256000185
MUS,Mauritius,2000,11.92842007,13421.89643,0.683,,71.76,6.300000191
MUS,Mauritius,2001,12.61357975,13904.60166,0.697,,71.985,6.501818397
MUS,Mauritius,2002,12.68655014,14038.21322,0.701,,72.055,6.703636603
MUS,Mauritius,2003,12.90540981,14609.42155,0.709,,72.307,6.905454809
MUS,Mauritius,2004,13.00905037,15220.12553,0.716,,72.546,7.107273015
MUS,Mauritius,2005,13.34138966,15392.27597,0.723,,72.644,7.309091221
MUS,Mauritius,2006,13.36184025,16235.66226,0.729,,72.781,7.510909427
MUS,Mauritius,2007,13.36754036,17463.75893,0.736,,72.886,7.712727633
MUS,Mauritius,2008,13.4484396,18096.90031,0.742,,73.124,7.914545839
MUS,Mauritius,2009,13.6677103,18293.13754,0.748,,73.26,8.116364046
MUS,Mauritius,2010,13.76875019,18863.2104,0.755,,73.647,8.318182252
MUS,Mauritius,2011,13.91994953,19215.81234,0.762,,74.068,8.520000458
MUS,Mauritius,2012,14.59700012,20956.32274,0.778,,74.33,8.748793246
MUS,Mauritius,2013,14.48069,21450.8813,0.781,,74.43,8.977586034
MUS,Mauritius,2014,14.87034035,22257.44889,0.79,,74.614,9.206378822
MUS,Mauritius,2015,14.52624035,23152.34713,0.792,,74.673,9.43517161
MUS,Mauritius,2016,14.50298023,23643.26166,0.795,,74.85,9.546530931
MUS,Mauritius,2017,14.46068954,24725.53305,0.799,,75.024,9.657890253
MUS,Mauritius,2018,14.45730019,26297.58266,0.801,,74.491,9.769249574
MUS,Mauritius,2019,14.57091045,27055.74232,0.803,,74.181,9.880608896
MUS,Mauritius,2020,14.22208023,23052.90722,0.795,,74.657,9.991968217
MUS,Mauritius,2021,14.16282114,23969.8383,0.789,,72.903,10.10332754
MUS,Mauritius,2022,14.16282114,24758.86831,0.794,,73.544,10.10332754
MUS,Mauritius,2023,14.16282114,27279.96011,0.806,73.0,74.926,10.10332754
MWI,Malawi,1990,5.295790195,1054.230802,0.306,,43.575,2.278483217
MWI,Malawi,1991,5.38188982,1112.232663,0.31,,43.54,2.32684286
MWI,Malawi,1992,6.293459892,1001.752475,0.318,,43.636,2.375202504
MWI,Malawi,1993,6.444399834,1083.648532,0.324,,43.648,2.423562148
MWI,Malawi,1994,6.838300228,984.7229667,0.325,,43.8,2.471921792
MWI,Malawi,1995,10.48311996,1151.613142,0.37,,43.804,2.520281436
MWI,Malawi,1996,10.50319004,1212.174232,0.375,,44.005,2.58352097
MWI,Malawi,1997,10.73113664,1233.951884,0.379,,44.2,2.646760504
MWI,Malawi,1998,10.95908324,1255.764433,0.384,,44.3,2.710000038
MWI,Malawi,1999,11.18702984,1265.492374,0.392,,45.06,2.861965909
MWI,Malawi,2000,10.67986965,1256.198111,0.394,,46.17,3.013931779
MWI,Malawi,2001,11.06842041,1165.732836,0.4,,47.205,3.16589765
MWI,Malawi,2002,11.12308025,1156.810164,0.407,,48.176,3.31786352
MWI,Malawi,2003,10.79578495,1192.114983,0.414,,49.601,3.469829391
MWI,Malawi,2004,10.46848965,1223.989407,0.421,,51.073,3.621795262
MWI,Malawi,2005,10.32409,1229.879876,0.427,,52.469,3.773761132
MWI,Malawi,2006,10.40538025,1252.085863,0.436,,53.652,3.925727003
MWI,Malawi,2007,10.2425499,1333.934997,0.444,,54.687,4.077692873
MWI,Malawi,2008,10.40590668,1395.11779,0.455,,55.715,4.229658744
MWI,Malawi,2009,10.56926346,1468.022277,0.465,,56.714,4.381624614
MWI,Malawi,2010,10.73262024,1524.218849,0.475,,57.787,4.533590485
MWI,Malawi,2011,10.78287029,1554.242049,0.483,,58.859,4.685556356
MWI,Malawi,2012,10.69484243,1539.540657,0.488,,59.87,4.837522226
MWI,Malawi,2013,10.60681458,1577.919347,0.494,,60.816,4.989488097
MWI,Malawi,2014,10.51878672,1620.84308,0.5,,61.651,5.141453967
MWI,Malawi,2015,10.43075886,1620.882029,0.504,,62.324,5.293419838
MWI,Malawi,2016,10.342731,1616.858284,0.506,,63.163,5.283483887
MWI,Malawi,2017,10.25470314,1636.812879,0.508,,63.914,5.273547935
MWI,Malawi,2018,10.16667528,1663.4192,0.51,,64.464,5.263611984
MWI,Malawi,2019,10.07864742,1707.612407,0.513,,64.995,5.253676033
MWI,Malawi,2020,9.990619564,1675.994259,0.512,,65.216,5.243740082
MWI,Malawi,2021,9.902591705,1677.718302,0.509,,64.782,5.243740082
MWI,Malawi,2022,9.902591705,1650.42933,0.513,,66.037,5.243740082
MWI,Malawi,2023,9.902591705,1633.692615,0.517,172.0,67.353,5.243740082
MYS,Malaysia,1990,10.47682953,11522.7812,0.653,,70.952,6.147382829
MYS,Malaysia,1991,10.62166023,12172.25062,0.661,,71.219,6.341312517
MYS,Malaysia,1992,10.79524994,12869.3166,0.67,,71.483,6.535242205
MYS,Malaysia,1993,10.74794006,13860.13705,0.677,,71.721,6.729171893
MYS,Malaysia,1994,10.79310036,14754.4739,0.684,,71.865,6.923101581
MYS,Malaysia,1995,10.84197998,15823.05139,0.691,,71.979,7.117031269
MYS,Malaysia,1996,11.29596011,16974.58041,0.701,,72.119,7.230000019
MYS,Malaysia,1997,11.74994024,17638.43108,0.713,,72.296,7.527500033
MYS,Malaysia,1998,12.20392036,15935.19132,0.718,,72.385,7.825000048
MYS,Malaysia,1999,12.15513039,16246.49039,0.723,,72.428,8.122500062
MYS,Malaysia,2000,12.39342976,17059.20927,0.733,,72.732,8.420000076
MYS,Malaysia,2001,12.32275009,16894.06253,0.731,,73.08,8.254000092
MYS,Malaysia,2002,12.24785995,17515.72826,0.732,,73.469,8.088000107
MYS,Malaysia,2003,12.62555027,18320.53092,0.737,,73.727,7.922000122
MYS,Malaysia,2004,12.70936012,19163.53637,0.739,,74.027,7.756000137
MYS,Malaysia,2005,12.34197998,19887.30993,0.736,,74.37,7.590000153
MYS,Malaysia,2006,11.94384003,20859.21295,0.742,,74.697,8.082500219
MYS,Malaysia,2007,12.17440033,21874.19876,0.754,,74.961,8.575000286
MYS,Malaysia,2008,12.36715031,22251.55324,0.765,,75.151,9.067500353
MYS,Malaysia,2009,12.55362034,21703.46986,0.773,,75.269,9.56000042
MYS,Malaysia,2010,12.78493023,22605.69688,0.779,,75.376,9.699999809
MYS,Malaysia,2011,12.64017963,23585.37218,0.782,,75.488,9.811666489
MYS,Malaysia,2012,12.86585999,24125.37355,0.787,,75.552,9.923333168
MYS,Malaysia,2013,13.00280952,24921.13949,0.791,,75.464,10.03499985
MYS,Malaysia,2014,13.12631989,25975.74669,0.795,,75.345,10.14666653
MYS,Malaysia,2015,13.28528023,26990.64742,0.8,,75.288,10.25833321
MYS,Malaysia,2016,13.46302986,27874.58117,0.805,,75.371,10.36999989
MYS,Malaysia,2017,13.27797031,29080.52955,0.807,,75.542,10.46333313
MYS,Malaysia,2018,13.14906979,29894.81191,0.809,,75.734,10.55666637
MYS,Malaysia,2019,13.0999403,31008.55597,0.812,,75.9,10.64999962
MYS,Malaysia,2020,12.95814991,29117.14812,0.81,,76.057,10.79666646
MYS,Malaysia,2021,12.93247032,29627.2397,0.802,,73.917,10.94333331
MYS,Malaysia,2022,12.51976871,31629.45608,0.81,,75.444,11.09000015
MYS,Malaysia,2023,12.67639256,32553.09108,0.819,67.0,76.657,11.09000015
NAM,Namibia,1990,11.65740713,7420.123395,0.597,,61.359,5.701014186
NAM,Namibia,1991,12.05757999,7883.936345,0.602,,60.833,5.710000038
NAM,Namibia,1992,12.47148991,7998.800819,0.603,,60.16,5.719000053
NAM,Namibia,1993,12.88539982,7603.228913,0.601,,59.26,5.728000069
NAM,Namibia,1994,13.29930973,7485.933162,0.6,,58.441,5.737000084
NAM,Namibia,1995,13.08613968,7709.62457,0.595,,57.518,5.746000099
NAM,Namibia,1996,12.81157494,7589.696912,0.587,,56.639,5.755000114
NAM,Namibia,1997,12.53701019,7682.446315,0.58,,55.844,5.76400013
NAM,Namibia,1998,12.44921017,7789.935552,0.574,,54.767,5.773000145
NAM,Namibia,1999,12.01422024,7664.812473,0.565,,53.983,5.78200016
NAM,Namibia,2000,12.02659512,7914.440755,0.561,,52.946,5.791000175
NAM,Namibia,2001,12.03896999,7786.079576,0.555,,51.98,5.800000191
NAM,Namibia,2002,11.75957012,8150.440524,0.555,,51.988,5.880241414
NAM,Namibia,2003,11.81025982,8626.823137,0.558,,51.918,5.960482637
NAM,Namibia,2004,11.70338488,9269.703618,0.563,,52.175,6.04072386
NAM,Namibia,2005,11.59650993,9148.58629,0.564,,52.557,6.120965082
NAM,Namibia,2006,11.37924957,9744.973126,0.569,,53.183,6.176516698
NAM,Namibia,2007,11.43864167,9937.016144,0.576,,54.026,6.232068314
NAM,Namibia,2008,11.46318987,10069.43571,0.581,,54.74,6.28761993
NAM,Namibia,2009,11.48773807,9930.604965,0.585,,55.347,6.343171546
NAM,Namibia,2010,11.51228626,10159.76121,0.591,,56.093,6.398723162
NAM,Namibia,2011,11.53683446,10627.31409,0.598,,56.647,6.515998795
NAM,Namibia,2012,11.56138265,10999.1488,0.607,,57.733,6.633274429
NAM,Namibia,2013,11.58593085,11848.62524,0.616,,58.468,6.750550062
NAM,Namibia,2014,11.6106363,12315.57228,0.624,,59.311,6.867825696
NAM,Namibia,2015,11.63539444,12668.90764,0.63,,60.008,6.985101329
NAM,Namibia,2016,11.66020537,12215.98399,0.634,,60.81,7.036538011
NAM,Namibia,2017,11.68506921,11892.70968,0.638,,61.661,7.087974692
NAM,Namibia,2018,11.70998606,11574.14456,0.642,,62.579,7.139411373
NAM,Namibia,2019,11.73495605,11436.22938,0.647,,63.546,7.190848055
NAM,Namibia,2020,11.75997928,10563.17713,0.647,,64.071,7.242284736
NAM,Namibia,2021,11.78505588,10377.85224,0.631,,60.85,7.273146745
NAM,Namibia,2022,11.78505588,10742.56352,0.649,,64.19,7.273146745
NAM,Namibia,2023,11.78505588,10916.60872,0.665,136.0,67.385,7.273146745
NER,Niger,1990,1.964450002,1230.513183,0.215,,41.732,0.728185322
NER,Niger,1991,1.994314969,1218.570314,0.219,,42.289,0.768288282
NER,Niger,1992,2.024179935,1174.46618,0.222,,43.064,0.808391241
NER,Niger,1993,2.110269937,1158.173212,0.228,,43.838,0.848494201
NER,Niger,1994,2.196359938,1138.577676,0.233,,44.586,0.888597161
NER,Niger,1995,2.282449939,1129.149231,0.238,,45.504,0.928700121
NER,Niger,1996,2.36853994,1161.421629,0.245,,46.313,0.975135127
NER,Niger,1997,2.454629941,1126.943591,0.25,,47.097,1.021570133
NER,Niger,1998,2.540719943,1233.852718,0.258,,47.807,1.068005139
NER,Niger,1999,2.626809944,1206.442131,0.263,,48.48,1.114440145
NER,Niger,2000,2.712899945,1135.317821,0.266,,49.172,1.160875151
NER,Niger,2001,2.798989946,1180.538581,0.272,,49.872,1.203088793
NER,Niger,2002,2.885079947,1195.696943,0.278,,50.645,1.245302434
NER,Niger,2003,2.971169949,1194.756341,0.284,,51.545,1.287516076
NER,Niger,2004,3.304039955,1149.348448,0.292,,52.402,1.329729718
NER,Niger,2005,3.529139996,1192.57921,0.302,,53.32,1.37194336
NER,Niger,2006,3.674469948,1210.650057,0.309,,54.223,1.403603591
NER,Niger,2007,3.802350044,1159.114314,0.313,,55.063,1.435263823
NER,Niger,2008,4.03937006,1228.88122,0.323,,55.852,1.466924054
NER,Niger,2009,4.281970024,1193.770037,0.329,,56.487,1.498584286
NER,Niger,2010,4.609570026,1249.32723,0.339,,57.08,1.530244517
NER,Niger,2011,4.890210152,1237.660712,0.346,,57.6,1.585122251
NER,Niger,2012,5.121349812,1345.67701,0.356,,57.987,1.639999986
NER,Niger,2013,5.468043168,1352.772757,0.362,,58.364,1.574318329
NER,Niger,2014,5.814736525,1409.291078,0.369,,58.693,1.508636673
NER,Niger,2015,6.161429882,1405.992738,0.374,,58.85,1.442955017
NER,Niger,2016,6.485660076,1432.585335,0.38,,59.228,1.377273361
NER,Niger,2017,6.700009823,1450.8181,0.384,,59.524,1.311591705
NER,Niger,2018,7.07037944,1509.669233,0.391,,59.765,1.245910048
NER,Niger,2019,7.461222707,1550.194408,0.4,,60.031,1.293631241
NER,Niger,2020,7.873671385,1500.511021,0.404,,59.89,1.341352433
NER,Niger,2021,8.308919801,1566.662039,0.413,,59.542,1.412289341
NER,Niger,2022,8.308919801,1517.979423,0.414,,60.398,1.412289341
NER,Niger,2023,8.308919801,1590.18796,0.419,188.0,61.183,1.412289341
NGA,Nigeria,1990,5.83456407,3621.796844,0.379,,45.733,2.751935383
NGA,Nigeria,1991,6.015241351,3579.831366,0.383,,45.483,2.92814402
NGA,Nigeria,1992,6.201513613,3484.385889,0.388,,45.587,3.104352656
NGA,Nigeria,1993,6.393554115,3370.403895,0.393,,45.783,3.280561292
NGA,Nigeria,1994,6.59154148,3341.800271,0.397,,45.748,3.456769929
NGA,Nigeria,1995,6.795659864,3282.587935,0.402,,45.87,3.632978565
NGA,Nigeria,1996,7.006099123,3332.064139,0.408,,45.833,3.809187201
NGA,Nigeria,1997,7.223054995,3341.798161,0.413,,45.96,3.985395838
NGA,Nigeria,1998,7.446729277,3339.630897,0.419,,46.148,4.161604474
NGA,Nigeria,1999,7.677330017,3239.152703,0.425,,46.609,4.33781311
NGA,Nigeria,2000,8.045780182,3294.846825,0.435,,47.143,4.514021747
NGA,Nigeria,2001,7.727389812,3420.931305,0.438,,47.549,4.690230383
NGA,Nigeria,2002,8.028120041,3906.947247,0.451,,48.02,4.866439019
NGA,Nigeria,2003,8.471205235,4102.668394,0.464,,48.618,5.042647656
NGA,Nigeria,2004,8.914290428,4410.84659,0.477,,49.148,5.265448095
NGA,Nigeria,2005,8.961859703,4559.310444,0.484,,49.538,5.488248534
NGA,Nigeria,2006,8.805881691,4815.042134,0.489,,49.876,5.711048974
NGA,Nigeria,2007,8.649903679,4717.847165,0.492,,50.381,5.933849413
NGA,Nigeria,2008,8.493925667,4889.291892,0.497,,50.748,6.156649852
NGA,Nigeria,2009,8.337947655,5067.161165,0.499,,51.08,6.194740673
NGA,Nigeria,2010,8.181969643,5479.053858,0.502,,51.315,6.232831494
NGA,Nigeria,2011,8.470709801,5594.101679,0.508,,51.49,6.270922315
NGA,Nigeria,2012,8.680361611,5709.850449,0.512,,51.688,6.309013136
NGA,Nigeria,2013,8.890013422,5849.69181,0.517,,51.827,6.347103957
NGA,Nigeria,2014,9.099665233,6143.713084,0.524,,51.94,6.563105983
NGA,Nigeria,2015,9.309317044,6228.151495,0.53,,51.939,6.779108009
NGA,Nigeria,2016,9.518968854,5767.201072,0.532,,52.189,6.995110035
NGA,Nigeria,2017,9.728620665,5627.809051,0.534,,52.397,6.957065105
NGA,Nigeria,2018,9.938272476,5573.700884,0.537,,52.669,6.919020176
NGA,Nigeria,2019,10.13020498,5620.702203,0.544,,53.009,7.191969872
NGA,Nigeria,2020,10.32213749,5480.202972,0.547,,53.072,7.388969898
NGA,Nigeria,2021,10.51407,5514.173588,0.554,,53.455,7.585969925
NGA,Nigeria,2022,10.51407,5537.746297,0.557,,54.079,7.585969925
NGA,Nigeria,2023,10.51407,5569.374975,0.56,164.0,54.462,7.585969925
NIC,Nicaragua,1990,7.302750111,3589.529397,0.515,,62.473,5.515347586
NIC,Nicaragua,1991,7.832270145,3504.632481,0.526,,63.31,5.642106186
NIC,Nicaragua,1992,8.017729759,3507.586638,0.531,,63.672,5.768864786
NIC,Nicaragua,1993,8.188419978,3356.759841,0.534,,64.093,5.895623386
NIC,Nicaragua,1994,8.359110196,3355.530045,0.54,,64.549,6.022381985
NIC,Nicaragua,1995,8.529800415,3627.194245,0.549,,64.869,6.149140585
NIC,Nicaragua,1996,8.830456053,3860.448718,0.559,,65.215,6.289384142
NIC,Nicaragua,1997,9.13111169,4017.799986,0.568,,65.523,6.429627699
NIC,Nicaragua,1998,9.431767327,4197.700141,0.569,,64.111,6.569871257
NIC,Nicaragua,1999,9.732422965,4428.458185,0.585,,65.892,6.710114814
NIC,Nicaragua,2000,10.0330786,4553.290771,0.593,,66.36,6.850358371
NIC,Nicaragua,2001,10.33373424,4597.972093,0.601,,67.028,6.952844047
NIC,Nicaragua,2002,10.63438988,4604.645248,0.609,,67.95,7.055329724
NIC,Nicaragua,2003,10.67609605,4678.261801,0.615,,68.749,7.1578154
NIC,Nicaragua,2004,10.71780223,4893.750079,0.623,,69.51,7.260301077
NIC,Nicaragua,2005,10.75950841,5091.496484,0.63,,70.374,7.362786753
NIC,Nicaragua,2006,10.80121458,5191.851694,0.636,,70.958,7.508424293
NIC,Nicaragua,2007,10.84292076,5410.293021,0.642,,71.197,7.654061834
NIC,Nicaragua,2008,10.88462693,5518.494826,0.646,,71.404,7.799699374
NIC,Nicaragua,2009,10.92633311,5231.064744,0.646,,71.499,7.945336914
NIC,Nicaragua,2010,10.96803929,5395.928304,0.651,,71.761,8.090974454
NIC,Nicaragua,2011,11.00974546,5655.825841,0.657,,72.033,8.274369875
NIC,Nicaragua,2012,11.05145164,5860.627607,0.664,,72.435,8.457765296
NIC,Nicaragua,2013,11.09315781,6004.116873,0.668,,72.551,8.641160717
NIC,Nicaragua,2014,11.13486399,6269.265099,0.674,,72.792,8.824556138
NIC,Nicaragua,2015,11.17657017,6459.930036,0.679,,72.899,9.007951559
NIC,Nicaragua,2016,11.21827634,6582.445138,0.684,,73.18,9.164377065
NIC,Nicaragua,2017,11.25998252,6760.906855,0.688,,73.389,9.320802571
NIC,Nicaragua,2018,11.30168869,6464.329845,0.69,,73.879,9.477228077
NIC,Nicaragua,2019,11.34339487,6282.097387,0.69,,73.764,9.633653583
NIC,Nicaragua,2020,11.38510105,5887.993464,0.676,,70.766,9.790079089
NIC,Nicaragua,2021,11.42680722,6438.487665,0.682,,70.478,9.933019638
NIC,Nicaragua,2022,11.4685134,6542.13789,0.701,,74.463,9.933019638
NIC,Nicaragua,2023,11.51021957,6881.479609,0.706,123.0,74.947,9.933019638
NLD,Netherlands,1990,14.7744503,42019.85862,0.855,,77.012,11.10278685
NLD,Netherlands,1991,15.01319981,42898.66415,0.86,,77.162,11.16506554
NLD,Netherlands,1992,14.94740009,42934.92962,0.861,,77.365,11.22734423
NLD,Netherlands,1993,15.20777035,43355.47452,0.863,,77.041,11.28962291
NLD,Netherlands,1994,17.33371925,44704.93341,0.889,,77.518,11.3519016
NLD,Netherlands,1995,16.81469917,46332.55733,0.886,,77.551,11.41418029
NLD,Netherlands,1996,16.95819092,47978.60282,0.89,,77.556,11.48934423
NLD,Netherlands,1997,16.57000923,49964.49315,0.891,,77.931,11.56450816
NLD,Netherlands,1998,16.47043037,51483.55441,0.893,,78.004,11.63967209
NLD,Netherlands,1999,16.31699944,54121.37457,0.894,,77.968,11.71483603
NLD,Netherlands,2000,16.53998947,55972.51463,0.9,,78.13,11.78999996
NLD,Netherlands,2001,16.60247993,56104.30338,0.902,,78.338,11.78999996
NLD,Netherlands,2002,16.26139069,55748.8561,0.898,,78.412,11.78999996
NLD,Netherlands,2003,16.36185074,56306.50175,0.901,,78.665,11.78999996
NLD,Netherlands,2004,16.29899979,56969.44406,0.904,,79.239,11.78999996
NLD,Netherlands,2005,16.43285942,58023.09532,0.907,,79.488,11.78999996
NLD,Netherlands,2006,16.55203056,60613.87507,0.914,,79.847,11.88999987
NLD,Netherlands,2007,16.68618011,62363.55607,0.92,,80.255,11.98999977
NLD,Netherlands,2008,16.80303001,61132.39533,0.92,,80.387,11.90999985
NLD,Netherlands,2009,16.84559059,59254.27155,0.92,,80.671,11.93999958
NLD,Netherlands,2010,17.01534081,61020.6809,0.925,,80.829,11.97999954
NLD,Netherlands,2011,17.88151932,61601.37546,0.935,,81.11,11.96000004
NLD,Netherlands,2012,17.9406395,60338.92871,0.935,,81.059,12.02000046
NLD,Netherlands,2013,18.05022621,60358.80432,0.937,,81.301,12.06999969
NLD,Netherlands,2014,18.15981293,60609.04581,0.939,,81.65,12.09000015
NLD,Netherlands,2015,18.26939964,61962.23176,0.94,,81.49,12.14000034
NLD,Netherlands,2016,18.13762093,62135.08818,0.941,,81.555,12.18000031
NLD,Netherlands,2017,18.40394974,64383.80009,0.945,,81.737,12.25
NLD,Netherlands,2018,18.33420944,65928.93705,0.947,,81.781,12.31999969
NLD,Netherlands,2019,18.37399483,65792.10752,0.95,,82.053,12.44999981
NLD,Netherlands,2020,18.41378021,62085.31322,0.945,,81.393,12.57999992
NLD,Netherlands,2021,18.58485031,68775.37835,0.951,,81.356,12.66994689
NLD,Netherlands,2022,18.58485031,68566.17312,0.953,,81.912,12.66994689
NLD,Netherlands,2023,18.58485031,68344.30826,0.955,8.0,82.158,12.66994689
NOR,Norway,1990,14.01183033,45193.5466,0.856,,76.586,11.71000004
NOR,Norway,1991,14.33248043,45950.21041,0.863,,77.038,11.74714286
NOR,Norway,1992,14.64008999,46772.93827,0.868,,77.246,11.78428568
NOR,Norway,1993,15.17529964,47829.04114,0.875,,77.221,11.8214285
NOR,Norway,1994,16.23529053,49559.48432,0.89,,77.773,11.85857133
NOR,Norway,1995,15.66366005,51630.33622,0.887,,77.797,11.89571415
NOR,Norway,1996,15.81328964,55224.14518,0.894,,78.233,11.93285697
NOR,Norway,1997,16.06620026,58182.29789,0.9,,78.238,11.96999979
NOR,Norway,1998,16.86597061,57239.64716,0.908,,78.408,12.00714261
NOR,Norway,1999,17.09806061,60530.51142,0.913,,78.386,12.04428543
NOR,Norway,2000,17.42749023,68717.51294,0.924,,78.692,12.08142826
NOR,Norway,2001,17.03140068,69720.99456,0.923,,78.896,12.11857108
NOR,Norway,2002,17.09057045,68218.59615,0.923,,78.96,12.1557139
NOR,Norway,2003,17.42193985,68728.6987,0.93,,79.529,12.19285672
NOR,Norway,2004,17.55905914,73199.80624,0.937,,79.965,12.22999954
NOR,Norway,2005,17.43656921,79942.31192,0.939,,80.169,12.27999973
NOR,Norway,2006,17.53119087,84296.00817,0.942,,80.44,12.36999989
NOR,Norway,2007,17.54254913,84818.63324,0.943,,80.502,12.40999985
NOR,Norway,2008,17.37862015,88712.28472,0.943,,80.677,12.47999954
NOR,Norway,2009,17.35601044,80067.72237,0.944,,80.865,12.5
NOR,Norway,2010,17.52806091,81976.89052,0.947,,81.039,12.55000019
NOR,Norway,2011,17.52289963,84641.77177,0.949,,81.245,12.60999966
NOR,Norway,2012,17.45492935,86392.10063,0.95,,81.446,12.64333312
NOR,Norway,2013,17.65600967,86258.06815,0.953,,81.668,12.67666658
NOR,Norway,2014,17.68444061,86757.77703,0.956,,82.087,12.71000004
NOR,Norway,2015,17.78302002,84167.23004,0.959,,82.273,12.77000046
NOR,Norway,2016,17.95096016,81603.00032,0.962,,82.415,12.81999969
NOR,Norway,2017,18.05971909,83842.28368,0.965,,82.624,12.94999981
NOR,Norway,2018,18.14512062,87121.82464,0.966,,82.76,12.9749999
NOR,Norway,2019,18.23535919,83921.76323,0.967,,82.955,13.0
NOR,Norway,2020,18.3110199,78355.78043,0.969,,83.195,13.0588479
NOR,Norway,2021,18.63846016,90750.95096,0.969,,83.166,13.11796218
NOR,Norway,2022,18.79285049,113454.0095,0.967,,82.631,13.11796218
NOR,Norway,2023,18.79285049,112710.0211,0.97,2.0,83.308,13.11796218
NPL,Nepal,1990,7.272699833,1761.884562,0.404,,54.771,2.46742671
NPL,Nepal,1991,7.440219879,1824.622424,0.412,,55.65,2.521172638
NPL,Nepal,1992,7.672130108,1847.337943,0.42,,56.686,2.574918567
NPL,Nepal,1993,7.676449776,1867.978979,0.425,,57.597,2.628664495
NPL,Nepal,1994,7.713659763,1972.548504,0.433,,58.631,2.682410423
NPL,Nepal,1995,7.769179821,1997.59327,0.438,,59.323,2.736156352
NPL,Nepal,1996,8.120109558,2042.876103,0.447,,60.044,2.767915309
NPL,Nepal,1997,8.235124588,2110.863464,0.453,,60.823,2.799674267
NPL,Nepal,1998,8.350139618,2137.832459,0.459,,61.532,2.831433225
NPL,Nepal,1999,8.465154648,2217.832479,0.464,,62.035,2.863192182
NPL,Nepal,2000,8.580169678,2319.285531,0.471,,62.642,2.89495114
NPL,Nepal,2001,8.190719604,2421.555724,0.472,,63.288,3.0
NPL,Nepal,2002,8.713439941,2376.250689,0.479,,63.507,3.051999998
NPL,Nepal,2003,8.860610008,2436.18024,0.486,,64.229,3.103999996
NPL,Nepal,2004,9.077980042,2514.449086,0.493,,64.744,3.155999994
NPL,Nepal,2005,9.295350075,2589.000164,0.5,,65.275,3.207999992
NPL,Nepal,2006,9.870400429,2664.657164,0.512,,65.891,3.25999999
NPL,Nepal,2007,9.96543026,2742.245562,0.516,,66.169,3.311999989
NPL,Nepal,2008,10.39307976,2889.766455,0.526,,66.442,3.363999987
NPL,Nepal,2009,11.09342957,3010.698327,0.538,,66.6,3.415999985
NPL,Nepal,2010,11.88823986,3128.088376,0.551,,66.772,3.467999983
NPL,Nepal,2011,12.36256981,3214.469913,0.559,,67.123,3.519999981
NPL,Nepal,2012,12.50422478,3363.765452,0.565,,67.364,3.56276598
NPL,Nepal,2013,12.64587975,3474.564017,0.57,,67.598,3.605531979
NPL,Nepal,2014,12.56865025,3701.313402,0.574,,67.812,3.648297977
NPL,Nepal,2015,12.6352396,3825.117284,0.575,,67.374,3.691063976
NPL,Nepal,2016,12.70316029,3802.475928,0.58,,68.444,3.733829975
NPL,Nepal,2017,12.69890022,4087.44999,0.588,,68.74,3.933636665
NPL,Nepal,2018,12.81940031,4333.614868,0.596,,69.036,4.133443356
NPL,Nepal,2019,12.9399004,4588.130854,0.604,,69.299,4.333250046
NPL,Nepal,2020,12.64451981,4405.203587,0.599,,69.106,4.418489933
NPL,Nepal,2021,12.43477249,4485.33701,0.596,,68.385,4.50372982
NPL,Nepal,2022,12.46367645,4660.851964,0.605,,70.087,4.50372982
NPL,Nepal,2023,13.75430393,4725.930613,0.622,145.0,70.354,4.50372982
NRU,Nauru,1990,10.22042762,5765.219627,0.589,,59.102,7.020330555
NRU,Nauru,1991,10.22042762,5765.219627,0.589,,59.312,7.020330555
NRU,Nauru,1992,10.22042762,5765.219627,0.589,,59.518,7.020330555
NRU,Nauru,1993,10.22042762,5765.219627,0.589,,59.761,7.020330555
NRU,Nauru,1994,10.22042762,5765.219627,0.589,,59.954,7.020330555
NRU,Nauru,1995,10.22042762,5765.219627,0.589,,60.063,7.020330555
NRU,Nauru,1996,10.22042762,5765.219627,0.589,,60.07,7.020330555
NRU,Nauru,1997,10.22042762,5765.219627,0.589,,59.985,7.020330555
NRU,Nauru,1998,10.22042762,5765.219627,0.589,,59.86,7.020330555
NRU,Nauru,1999,10.22042762,5765.219627,0.589,,59.701,7.020330555
NRU,Nauru,2000,10.22042762,5765.219627,0.589,,59.574,7.020330555
NRU,Nauru,2001,10.33751529,5765.219627,0.589,,59.482,7.113513954
NRU,Nauru,2002,10.45594435,5765.219627,0.589,,59.427,7.20793421
NRU,Nauru,2003,10.57573016,5765.219627,0.589,,59.359,7.303607741
NRU,Nauru,2004,10.69688826,5765.219627,0.589,,59.346,7.400551181
NRU,Nauru,2005,10.81943438,5765.219627,0.589,,59.361,7.498781386
NRU,Nauru,2006,10.94338442,3449.528513,0.565,,59.409,7.598315437
NRU,Nauru,2007,11.06875446,4410.185414,0.581,,59.49,7.69917064
NRU,Nauru,2008,11.19556077,8140.967016,0.614,,59.675,7.80136453
NRU,Nauru,2009,11.32381981,6572.319862,0.607,,59.852,7.904914877
NRU,Nauru,2010,11.45354821,7216.97329,0.616,,60.074,8.009839685
NRU,Nauru,2011,11.58476281,7955.579636,0.624,,60.287,8.116157198
NRU,Nauru,2012,11.71748063,8994.214231,0.633,,60.533,8.223885902
NRU,Nauru,2013,11.8517189,9558.666749,0.64,,60.701,8.333044529
NRU,Nauru,2014,11.98749504,12466.48007,0.655,,60.834,8.443652058
NRU,Nauru,2015,12.12327118,13052.5998,0.66,,60.897,8.554259586
NRU,Nauru,2016,12.25904732,15069.79464,0.67,,60.996,8.664867115
NRU,Nauru,2017,12.39482346,13984.16718,0.67,,61.101,8.775474644
NRU,Nauru,2018,12.53059959,12546.97932,0.668,,61.238,8.886082172
NRU,Nauru,2019,12.63461227,14240.45549,0.678,,61.393,9.073600674
NRU,Nauru,2020,12.73862495,15077.2853,0.684,,61.527,9.261119175
NRU,Nauru,2021,12.84263763,17048.66463,0.692,,61.331,9.448637676
NRU,Nauru,2022,12.84263763,18885.78602,0.7,,61.93,9.448637676
NRU,Nauru,2023,12.84263763,19642.3777,0.703,124.0,62.109,9.448637676
NZL,New Zealand,1990,14.59095001,26495.74512,0.811,,75.425,10.13968275
NZL,New Zealand,1991,14.64754963,24021.94138,0.813,,76.079,10.39999962
NZL,New Zealand,1992,15.08668041,24193.34921,0.822,,76.191,10.66699963
NZL,New Zealand,1993,16.02350998,25391.77816,0.838,,76.499,10.93399963
NZL,New Zealand,1994,16.65543938,26628.73325,0.852,,76.918,11.20099964
NZL,New Zealand,1995,16.94636917,27385.62399,0.858,,76.785,11.46799965
NZL,New Zealand,1996,16.97283936,27564.0533,0.862,,76.807,11.73499966
NZL,New Zealand,1997,17.21195157,28246.82148,0.871,,77.344,12.00199966
NZL,New Zealand,1998,17.45106379,28657.99319,0.881,,78.167,12.26899967
NZL,New Zealand,1999,17.69017601,29374.3898,0.886,,77.911,12.53599968
NZL,New Zealand,2000,17.92928823,30279.43217,0.896,,78.668,12.80299969
NZL,New Zealand,2001,18.16840045,31826.20152,0.902,,78.662,13.06999969
NZL,New Zealand,2002,18.40751266,32607.68428,0.905,,78.866,13.11999969
NZL,New Zealand,2003,18.64662488,34116.76968,0.91,,79.141,13.16999969
NZL,New Zealand,2004,18.8857371,34814.91712,0.912,,79.355,13.21999969
NZL,New Zealand,2005,19.12484932,35168.22481,0.917,,80.031,13.26999969
NZL,New Zealand,2006,19.1883812,35379.00027,0.918,,80.015,13.31999969
NZL,New Zealand,2007,19.25191307,37102.93144,0.921,,80.122,13.33399982
NZL,New Zealand,2008,19.31544495,35979.22746,0.92,,80.246,13.34799995
NZL,New Zealand,2009,19.37897682,36931.79664,0.923,,80.545,13.36200008
NZL,New Zealand,2010,19.4425087,37338.26894,0.926,,81.052,13.37600021
NZL,New Zealand,2011,19.50604057,38378.14053,0.927,,80.842,13.39000034
NZL,New Zealand,2012,19.33862019,38783.75403,0.929,,81.167,13.38000011
NZL,New Zealand,2013,19.1711998,40609.34159,0.933,,81.612,13.32999992
NZL,New Zealand,2014,19.07279968,41325.29403,0.932,,81.411,13.27999973
NZL,New Zealand,2015,18.9496994,42220.81473,0.934,,81.587,13.22999954
NZL,New Zealand,2016,17.9842205,43205.92578,0.938,,82.003,13.32999992
NZL,New Zealand,2017,18.46677971,44388.02116,0.936,,81.605,13.23249984
NZL,New Zealand,2018,18.3230896,45071.63423,0.938,,81.884,13.13499975
NZL,New Zealand,2019,19.4722805,46255.20497,0.938,,81.832,13.03749967
NZL,New Zealand,2020,19.1901207,45567.98605,0.94,,82.663,12.93999958
NZL,New Zealand,2021,19.68234062,46918.90857,0.939,,82.3,12.88299807
NZL,New Zealand,2022,19.30005074,47291.33306,0.933,,81.006,12.88299807
NZL,New Zealand,2023,19.30005074,47259.60137,0.938,17.0,82.088,12.88299807
OMN,Oman,1990,7.651329994,29936.9754,0.707,,69.012,5.421167138
OMN,Oman,1991,8.033869743,30259.97687,0.707,,69.584,5.421167138
OMN,Oman,1992,8.417209625,30973.09527,0.707,,70.114,5.421167138
OMN,Oman,1993,8.903459549,31877.72276,0.707,,70.608,5.421167138
OMN,Oman,1994,9.119059563,32610.88002,0.707,,71.072,5.421167138
OMN,Oman,1995,9.283040047,34845.62894,0.707,,71.56,5.421167138
OMN,Oman,1996,9.410770416,36060.60055,0.707,,72.023,5.421167138
OMN,Oman,1997,9.541600227,38939.82218,0.707,,72.463,5.421167138
OMN,Oman,1998,9.735070229,39858.44099,0.707,,72.882,5.421167138
OMN,Oman,1999,10.10132618,39186.00596,0.707,,73.276,5.421167138
OMN,Oman,2000,10.46758213,41099.23659,0.707,,73.643,5.421167138
OMN,Oman,2001,10.83383808,42417.37858,0.719,,73.979,5.690508082
OMN,Oman,2002,11.20009403,41279.90658,0.729,,74.276,5.973230748
OMN,Oman,2003,11.56634998,40297.81212,0.739,,74.521,6.269999981
OMN,Oman,2004,11.34685993,40420.11,0.743,,74.82,6.613999939
OMN,Oman,2005,11.91827011,40126.81157,0.756,,75.07,6.957999897
OMN,Oman,2006,12.10503006,41876.67519,0.766,,75.354,7.301999855
OMN,Oman,2007,12.15857029,42882.96368,0.774,,75.596,7.645999813
OMN,Oman,2008,12.12456989,44125.79875,0.782,,76.124,7.989999771
OMN,Oman,2009,13.19449043,45687.27314,0.799,,76.631,7.954999924
OMN,Oman,2010,13.71625042,43122.29686,0.804,,77.184,7.920000076
OMN,Oman,2011,14.97237015,40089.97817,0.822,,77.74,8.276000023
OMN,Oman,2012,14.58850527,39601.37553,0.824,,78.187,8.631999969
OMN,Oman,2013,14.20464039,39402.33442,0.827,,78.633,8.987999916
OMN,Oman,2014,14.18029499,37594.4832,0.831,,79.03,9.343999863
OMN,Oman,2015,14.15594959,38750.33606,0.838,,79.346,9.699999809
OMN,Oman,2016,14.1891098,38911.25636,0.845,,79.581,10.12999992
OMN,Oman,2017,14.03896999,37396.47255,0.848,,79.748,10.56000004
OMN,Oman,2018,14.0753603,36611.97766,0.854,,79.864,10.99000015
OMN,Oman,2019,13.95668983,35760.99,0.857,,79.946,11.42000027
OMN,Oman,2020,13.24143028,35039.78507,0.843,,77.763,11.85000038
OMN,Oman,2021,12.96403027,36292.71866,0.834,,75.969,11.87000036
OMN,Oman,2022,13.20167494,36652.31847,0.846,,77.911,11.89000034
OMN,Oman,2023,13.43931961,36096.04123,0.858,50.0,80.031,11.89000034
PAK,Pakistan,1990,4.238239765,3137.537472,0.396,,59.728,2.316496308
PAK,Pakistan,1991,4.280649002,3188.341631,0.4,,59.864,2.416065008
PAK,Pakistan,1992,4.323058238,3343.043655,0.405,,59.983,2.515633709
PAK,Pakistan,1993,4.365467475,3305.279622,0.408,,60.083,2.61520241
PAK,Pakistan,1994,4.407876712,3324.291169,0.412,,60.197,2.714771111
PAK,Pakistan,1995,4.450285948,3391.345372,0.415,,60.273,2.814339812
PAK,Pakistan,1996,4.492695185,3442.708408,0.42,,60.466,2.915940527
PAK,Pakistan,1997,4.535104421,3361.768023,0.422,,60.623,3.017541243
PAK,Pakistan,1998,4.577513658,3334.809314,0.426,,61.134,3.119141958
PAK,Pakistan,1999,4.619922895,3395.267171,0.431,,61.54,3.220742673
PAK,Pakistan,2000,4.662332131,3467.718132,0.436,,61.903,3.322343388
PAK,Pakistan,2001,4.704741368,3478.176774,0.443,,62.241,3.574313162
PAK,Pakistan,2002,4.747150605,3474.511173,0.45,,62.556,3.826282936
PAK,Pakistan,2003,4.789559841,3599.030337,0.458,,62.834,4.07825271
PAK,Pakistan,2004,5.15583992,3807.67998,0.472,,63.097,4.330222484
PAK,Pakistan,2005,5.463049889,3998.709941,0.48,,62.416,4.582192257
PAK,Pakistan,2006,5.626229763,4153.821261,0.489,,63.624,4.570000172
PAK,Pakistan,2007,6.005660057,4233.662973,0.495,,63.807,4.550000191
PAK,Pakistan,2008,6.004640102,4232.545717,0.496,,64.002,4.53000021
PAK,Pakistan,2009,6.06787014,4265.55767,0.497,,64.206,4.519999981
PAK,Pakistan,2010,6.052280188,4262.245435,0.5,,64.378,4.650000095
PAK,Pakistan,2011,6.036690235,4300.528341,0.504,,64.659,4.789999962
PAK,Pakistan,2012,6.139200211,4353.056214,0.508,,64.883,4.880000114
PAK,Pakistan,2013,6.192039967,4468.532718,0.512,,65.129,4.960000038
PAK,Pakistan,2014,6.466800213,4585.480401,0.522,,65.374,5.159999847
PAK,Pakistan,2015,6.739069939,4713.527393,0.527,,65.641,5.146666527
PAK,Pakistan,2016,7.082240105,4953.573222,0.535,,65.943,5.133333206
PAK,Pakistan,2017,7.014989853,5116.221719,0.537,,66.223,5.119999886
PAK,Pakistan,2018,7.303080082,5345.547682,0.538,,66.481,4.770319939
PAK,Pakistan,2019,7.635359764,5379.131929,0.54,,66.729,4.539999962
PAK,Pakistan,2020,7.89510849,5214.820827,0.536,,65.701,4.427089449
PAK,Pakistan,2021,7.89510849,5484.459418,0.537,,65.773,4.316987038
PAK,Pakistan,2022,7.89510849,5631.496898,0.544,,67.417,4.316987038
PAK,Pakistan,2023,7.89510849,5501.132932,0.544,168.0,67.649,4.316987038
PAN,Panama,1990,10.88070965,10356.56158,0.672,,71.266,7.409999847
PAN,Panama,1991,10.82633972,10788.92099,0.674,,71.331,7.456999874
PAN,Panama,1992,10.9026804,11590.58473,0.68,,71.461,7.503999901
PAN,Panama,1993,11.05078983,12236.50375,0.686,,71.805,7.550999928
PAN,Panama,1994,10.98091984,12477.00825,0.688,,71.943,7.597999954
PAN,Panama,1995,11.18601036,12205.80524,0.69,,71.994,7.644999981
PAN,Panama,1996,11.37605953,12415.61672,0.694,,72.199,7.692000008
PAN,Panama,1997,11.6153663,12812.88814,0.701,,72.541,7.739000034
PAN,Panama,1998,11.85467307,13444.60855,0.707,,72.785,7.786000061
PAN,Panama,1999,12.09397984,13524.86958,0.712,,73.124,7.833000088
PAN,Panama,2000,12.33343983,13836.47813,0.718,,73.443,7.880000114
PAN,Panama,2001,12.53549004,13575.07939,0.723,,73.82,8.020000076
PAN,Panama,2002,12.72622967,14069.52076,0.73,,74.195,8.160000038
PAN,Panama,2003,12.824265,13947.84836,0.735,,74.567,8.3
PAN,Panama,2004,12.92230034,14483.19085,0.741,,74.845,8.439999962
PAN,Panama,2005,12.93978977,15177.91371,0.746,,75.16,8.579999924
PAN,Panama,2006,12.98233032,16217.34021,0.753,,75.429,8.719999886
PAN,Panama,2007,13.07046032,18232.62591,0.763,,75.675,8.859999847
PAN,Panama,2008,12.89612007,19687.90086,0.767,,75.937,8.999999809
PAN,Panama,2009,12.86911964,19750.62986,0.77,,76.228,9.139999771
PAN,Panama,2010,12.93607998,20089.05127,0.775,,76.417,9.279999733
PAN,Panama,2011,12.7667799,22615.77844,0.781,,76.659,9.419999758
PAN,Panama,2012,13.68774986,24481.7206,0.798,,76.877,9.559999784
PAN,Panama,2013,13.2513051,25925.9731,0.799,,77.129,9.699999809
PAN,Panama,2014,12.81486034,26202.10238,0.798,,77.365,9.839999835
PAN,Panama,2015,12.81215954,27316.32408,0.803,,77.583,9.97999986
PAN,Panama,2016,13.01272964,28721.03072,0.81,,77.772,10.11999989
PAN,Panama,2017,13.07196394,30270.94013,0.815,,77.901,10.25999991
PAN,Panama,2018,13.13146788,30690.19494,0.82,,78.266,10.39999994
PAN,Panama,2019,13.19124268,30953.28794,0.824,,78.514,10.53999996
PAN,Panama,2020,13.25128957,25875.59602,0.808,,76.33,10.68586611
PAN,Panama,2021,13.3116098,29210.97147,0.819,,77.004,10.83375095
PAN,Panama,2022,13.3116098,32462.42676,0.835,,79.324,10.83375095
PAN,Panama,2023,13.3116098,34384.56813,0.839,59.0,79.594,10.83375095
PER,Peru,1990,11.68725967,5950.831997,0.625,,63.979,7.775329917
PER,Peru,1991,11.63395023,6178.089267,0.628,,64.248,7.833122587
PER,Peru,1992,11.39299011,5996.235274,0.629,,65.031,7.89134482
PER,Peru,1993,11.35470963,6162.248151,0.633,,65.732,7.949999809
PER,Peru,1994,11.47558975,6750.786798,0.644,,66.544,8.00909077
PER,Peru,1995,11.8151598,7085.960385,0.654,,67.22,8.068181731
PER,Peru,1996,11.79951,7240.24245,0.658,,67.85,8.127272693
PER,Peru,1997,11.74619007,7591.875085,0.663,,68.324,8.186363654
PER,Peru,1998,12.36009502,7502.59158,0.671,,68.724,8.245454615
PER,Peru,1999,12.97399998,7487.91773,0.68,,69.302,8.304545576
PER,Peru,2000,12.81503963,7538.732869,0.682,,69.821,8.363636537
PER,Peru,2001,13.30440998,7527.856213,0.69,,70.315,8.422727498
PER,Peru,2002,12.82085037,7806.641734,0.69,,70.815,8.481818459
PER,Peru,2003,12.32927036,7973.17912,0.689,,71.278,8.54090942
PER,Peru,2004,12.58325958,8136.912412,0.694,,71.447,8.600000381
PER,Peru,2005,12.61705971,8469.522615,0.691,,71.988,7.920000076
PER,Peru,2006,12.82301044,8818.089633,0.697,,72.337,7.929999828
PER,Peru,2007,13.01933336,9521.388908,0.708,,72.746,8.18999958
PER,Peru,2008,13.21565628,10428.61511,0.714,,72.743,8.18999958
PER,Peru,2009,13.4119792,10539.84363,0.717,,72.631,8.220000267
PER,Peru,2010,13.60830212,11157.58829,0.731,,72.886,8.869999886
PER,Peru,2011,13.80462503,11728.01506,0.738,,73.327,8.890000343
PER,Peru,2012,14.00094795,12496.90996,0.748,,73.979,9.079999924
PER,Peru,2013,14.19727087,13281.94186,0.757,,74.591,9.140000343
PER,Peru,2014,14.39359379,13554.46126,0.763,,75.26,9.149999619
PER,Peru,2015,14.58991671,14004.5059,0.768,,75.732,9.090000153
PER,Peru,2016,14.78623962,14253.7288,0.775,,75.951,9.313333511
PER,Peru,2017,14.49571037,14313.73383,0.775,,75.958,9.53666687
PER,Peru,2018,14.59804249,14554.54098,0.78,,76.018,9.760000229
PER,Peru,2019,14.70109703,14806.91096,0.784,,76.275,9.889816364
PER,Peru,2020,14.80487907,13126.45897,0.769,,73.832,10.02135916
PER,Peru,2021,14.90939376,13866.84247,0.764,,71.596,10.15465159
PER,Peru,2022,14.90939376,14288.32493,0.79,,76.834,10.15465159
PER,Peru,2023,14.90939376,14338.70977,0.794,79.0,77.74,10.15465159
PHL,Philippines,1990,10.73402023,4277.526951,0.593,,64.382,7.179999828
PHL,Philippines,1991,10.75755978,4270.331659,0.594,,64.622,7.218999863
PHL,Philippines,1992,10.79934025,4319.860133,0.599,,65.353,7.257999897
PHL,Philippines,1993,10.83234692,4377.874032,0.602,,65.661,7.296999931
PHL,Philippines,1994,10.86535358,4488.907981,0.606,,66.0,7.335999966
PHL,Philippines,1995,10.89836025,4613.473736,0.609,,66.311,7.375
PHL,Philippines,1996,11.29183006,4927.951946,0.619,,66.691,7.414000034
PHL,Philippines,1997,11.34047508,5065.006175,0.623,,66.994,7.453000069
PHL,Philippines,1998,11.3891201,5038.523474,0.624,,67.212,7.492000103
PHL,Philippines,1999,11.54117012,5055.443237,0.628,,67.503,7.531000137
PHL,Philippines,2000,11.53904009,5324.807683,0.632,,67.789,7.570000172
PHL,Philippines,2001,11.53691006,5375.275133,0.636,,67.829,7.837500215
PHL,Philippines,2002,11.74230957,5461.393005,0.643,,67.886,8.105000257
PHL,Philippines,2003,11.73099041,5620.346532,0.648,,68.049,8.3725003
PHL,Philippines,2004,11.72441006,5864.690501,0.655,,68.301,8.640000343
PHL,Philippines,2005,11.58979034,6054.700209,0.656,,68.423,8.657500267
PHL,Philippines,2006,11.39826012,6223.128318,0.654,,68.172,8.675000191
PHL,Philippines,2007,11.47802019,6494.012286,0.659,,68.549,8.692500114
PHL,Philippines,2008,11.55778027,6670.16221,0.662,,68.643,8.710000038
PHL,Philippines,2009,11.31982994,6787.388066,0.662,,68.631,8.809999943
PHL,Philippines,2010,11.54787788,7136.744366,0.669,,68.883,8.909999847
PHL,Philippines,2011,11.77592583,7244.956741,0.674,,69.096,8.989999771
PHL,Philippines,2012,12.00397377,7622.450524,0.681,,69.237,9.069999695
PHL,Philippines,2013,12.23202171,8051.880836,0.687,,69.283,9.149999619
PHL,Philippines,2014,12.46006966,8412.417648,0.689,,69.311,8.90749979
PHL,Philippines,2015,12.61225033,8779.327936,0.69,,69.45,8.664999962
PHL,Philippines,2016,12.58333969,9213.155486,0.69,,69.49,8.422500134
PHL,Philippines,2017,12.81820011,9671.37681,0.694,,69.966,8.180000305
PHL,Philippines,2018,12.84095001,10070.39487,0.7,,69.761,8.575000286
PHL,Philippines,2019,13.03676033,10437.61364,0.708,,69.68,8.970000267
PHL,Philippines,2020,12.78335953,9092.283344,0.699,,70.097,8.890000343
PHL,Philippines,2021,12.81904666,9110.06227,0.69,,66.675,9.433619976
PHL,Philippines,2022,12.81904666,9865.370726,0.714,,69.472,9.977239609
PHL,Philippines,2023,12.81904666,10731.20422,0.72,117.0,69.833,9.977239609
PLW,Palau,1990,12.78453101,13350.25496,0.736,,62.79,12.06445361
PLW,Palau,1991,12.87390997,14483.91284,0.736,,62.849,12.06445361
PLW,Palau,1992,12.9639138,13232.07405,0.736,,62.926,12.06445361
PLW,Palau,1993,13.05454686,11777.39228,0.736,,62.98,12.06445361
PLW,Palau,1994,13.14581355,12277.26693,0.736,,63.104,12.06445361
PLW,Palau,1995,13.2377183,13538.83632,0.736,,63.255,12.06445361
PLW,Palau,1996,13.33026558,13935.86105,0.736,,63.455,12.06445361
PLW,Palau,1997,13.42345987,13663.83013,0.736,,63.707,12.06445361
PLW,Palau,1998,13.51730569,13213.54102,0.736,,63.951,12.06445361
PLW,Palau,1999,13.61180761,12984.86674,0.736,,64.23,12.06445361
PLW,Palau,2000,13.70697021,13636.0913,0.736,,64.499,12.06445361
PLW,Palau,2001,13.80279811,14426.67123,0.741,,64.8,12.12257254
PLW,Palau,2002,13.89929596,14904.91516,0.746,,65.076,12.18069147
PLW,Palau,2003,13.99646845,14809.97028,0.749,,65.446,12.2388104
PLW,Palau,2004,14.09432028,15529.4037,0.755,,65.816,12.29692933
PLW,Palau,2005,14.19285622,16149.99531,0.761,,66.219,12.35504826
PLW,Palau,2006,14.29208103,16420.57707,0.765,,66.633,12.41316719
PLW,Palau,2007,14.39199955,16951.98727,0.771,,67.113,12.47128612
PLW,Palau,2008,14.49261661,16383.98745,0.773,,67.562,12.52940505
PLW,Palau,2009,14.59393711,16070.33924,0.776,,67.99,12.58752398
PLW,Palau,2010,14.69596595,15845.8534,0.779,,68.347,12.64564291
PLW,Palau,2011,14.7987081,16388.34957,0.784,,68.638,12.70376184
PLW,Palau,2012,14.90216853,16723.16644,0.787,,68.863,12.76188076
PLW,Palau,2013,15.00635228,17107.15772,0.791,,68.981,12.81999969
PLW,Palau,2014,15.11126439,17782.81392,0.795,,69.062,12.87892245
PLW,Palau,2015,15.21617651,20053.75307,0.802,,69.07,12.93811603
PLW,Palau,2016,15.32108862,20376.2787,0.804,,69.046,12.99758167
PLW,Palau,2017,15.42600074,19793.4953,0.804,,69.019,13.05732062
PLW,Palau,2018,15.53091285,19443.0376,0.805,,68.989,13.11733414
PLW,Palau,2019,15.46821326,19869.44273,0.806,,68.982,13.17762349
PLW,Palau,2020,15.1180159,18927.85101,0.799,,68.689,13.23818994
PLW,Palau,2021,14.76781854,16445.82435,0.789,,68.563,13.29903477
PLW,Palau,2022,14.41762118,15710.71658,0.786,,68.922,13.29903477
PLW,Palau,2023,14.06742382,16034.51036,0.786,84.0,69.269,13.29903477
PNG,Papua New Guinea,1990,4.600746032,3051.064532,0.403,,59.778,2.394565745
PNG,Papua New Guinea,1991,4.735701708,3236.805809,0.411,,59.94,2.518422593
PNG,Papua New Guinea,1992,4.874616097,3555.324348,0.421,,60.26,2.642279442
PNG,Papua New Guinea,1993,5.017605322,4050.748011,0.432,,60.466,2.766136291
PNG,Papua New Guinea,1994,5.164788912,4137.105157,0.439,,60.726,2.88999314
PNG,Papua New Guinea,1995,5.316289902,3857.316935,0.442,,60.929,3.013849989
PNG,Papua New Guinea,1996,5.46355327,4008.490121,0.448,,61.071,3.084035537
PNG,Papua New Guinea,1997,5.610816638,3716.442518,0.449,,61.27,3.154221084
PNG,Papua New Guinea,1998,5.758080006,3452.215156,0.446,,60.435,3.224406632
PNG,Papua New Guinea,1999,5.950537146,3395.641327,0.454,,61.505,3.29459218
PNG,Papua New Guinea,2000,6.142994287,3198.578238,0.456,,61.609,3.364777727
PNG,Papua New Guinea,2001,6.335451427,3088.072893,0.458,,61.647,3.424641871
PNG,Papua New Guinea,2002,6.527908568,2981.603886,0.461,,61.643,3.484506015
PNG,Papua New Guinea,2003,6.720365708,2946.916043,0.464,,61.741,3.544370158
PNG,Papua New Guinea,2004,6.912822849,2929.852322,0.468,,61.795,3.604234302
PNG,Papua New Guinea,2005,7.10527999,3017.149192,0.473,,61.868,3.664098445
PNG,Papua New Guinea,2006,7.29773713,3081.098911,0.479,,62.018,3.746669678
PNG,Papua New Guinea,2007,7.490194271,3219.731838,0.485,,62.211,3.829240911
PNG,Papua New Guinea,2008,7.682651411,3112.629771,0.489,,62.511,3.911812143
PNG,Papua New Guinea,2009,7.875108552,3224.511543,0.495,,62.772,3.994383376
PNG,Papua New Guinea,2010,8.067565692,3446.032175,0.503,,63.056,4.076954608
PNG,Papua New Guinea,2011,8.260022833,3384.506588,0.508,,63.382,4.2070043
PNG,Papua New Guinea,2012,8.452479973,3445.081357,0.514,,63.639,4.337053991
PNG,Papua New Guinea,2013,8.776717378,3481.818732,0.522,,63.927,4.467103682
PNG,Papua New Guinea,2014,9.100954782,3851.320397,0.534,,64.198,4.597153373
PNG,Papua New Guinea,2015,9.425192187,4001.600123,0.543,,64.473,4.727203065
PNG,Papua New Guinea,2016,9.749429591,4118.340529,0.55,,64.7,4.768488681
PNG,Papua New Guinea,2017,10.073667,4163.03738,0.555,,64.923,4.809774297
PNG,Papua New Guinea,2018,10.3979044,4055.992368,0.559,,65.114,4.851059914
PNG,Papua New Guinea,2019,10.75645427,4143.0122,0.566,,65.331,4.89234553
PNG,Papua New Guinea,2020,11.12736798,3926.54737,0.567,,65.075,4.933631146
PNG,Papua New Guinea,2021,11.51107187,3817.672754,0.567,,64.358,4.962531078
PNG,Papua New Guinea,2022,11.51107187,3938.388287,0.572,,65.274,4.962531078
PNG,Papua New Guinea,2023,11.51107187,3970.647707,0.576,160.0,66.134,4.962531078
POL,Poland,1990,12.11456966,12757.18484,0.722,,70.606,9.667546013
POL,Poland,1991,12.14548016,11628.61793,0.72,,70.653,9.855286304
POL,Poland,1992,12.16026974,11771.23087,0.724,,70.9,10.04302659
POL,Poland,1993,12.82264996,12276.89107,0.737,,71.344,10.23076689
POL,Poland,1994,13.08220005,13325.37539,0.747,,71.683,10.41850718
POL,Poland,1995,13.10087967,14160.78386,0.754,,71.959,10.60624747
POL,Poland,1996,13.3831501,15128.02094,0.763,,72.253,10.7335656
POL,Poland,1997,13.91362,16088.58996,0.775,,72.591,10.86088372
POL,Poland,1998,14.35941029,16834.46505,0.784,,72.847,10.98820185
POL,Poland,1999,14.73620033,17634.03656,0.793,,73.224,11.11551998
POL,Poland,2000,14.89494991,18664.82661,0.801,,73.645,11.24283811
POL,Poland,2001,15.26095009,18923.50385,0.809,,74.177,11.34641896
POL,Poland,2002,15.62158966,19314.82131,0.816,,74.518,11.44999981
POL,Poland,2003,15.80753994,19881.61669,0.822,,74.772,11.56999985
POL,Poland,2004,15.17918968,20430.88275,0.82,,74.943,11.6899999
POL,Poland,2005,15.37594032,21405.37954,0.826,,75.127,11.80999994
POL,Poland,2006,15.38029957,22594.37552,0.831,,75.25,11.92999999
POL,Poland,2007,15.38272953,23996.47875,0.836,,75.414,12.05000003
POL,Poland,2008,15.38138008,25342.43837,0.841,,75.583,12.17000008
POL,Poland,2009,15.41930008,25768.39413,0.846,,75.906,12.34000015
POL,Poland,2010,15.76898956,26546.56844,0.852,,76.282,12.31000042
POL,Poland,2011,15.66082001,27813.14935,0.858,,76.568,12.55000019
POL,Poland,2012,15.70232964,28176.81479,0.863,,76.775,12.77999973
POL,Poland,2013,16.59316063,28478.10978,0.873,,77.076,12.77999973
POL,Poland,2014,16.20609093,29528.37437,0.873,,77.312,12.84000015
POL,Poland,2015,16.41242027,30851.12878,0.879,,77.589,12.92000008
POL,Poland,2016,16.62725067,31728.01276,0.884,,77.639,13.0
POL,Poland,2017,16.05427933,33228.15599,0.882,,77.716,13.03999996
POL,Poland,2018,15.92910004,35219.37507,0.884,,77.623,13.07999992
POL,Poland,2019,15.87380981,36800.33904,0.887,,77.921,13.11999989
POL,Poland,2020,15.84399033,36244.8415,0.88,,76.595,13.15999985
POL,Poland,2021,16.43210983,38629.22116,0.884,,75.639,13.20854242
POL,Poland,2022,16.67827988,42129.48006,0.902,,77.923,13.20854242
POL,Poland,2023,16.67827988,42217.63778,0.906,35.0,78.633,13.20854242
PRK,Korea (Democratic People's Rep. of),1990,12.71219109,10961.53224,0.698,,70.484,7.9619113775
PRK,Korea (Democratic People's Rep. of),1991,12.71219109,10961.53224,0.698,,70.717,7.9619113775
PRK,Korea (Democratic People's Rep. of),1992,12.71219109,10961.53224,0.698,,71.009,7.9619113775
PRK,Korea (Democratic People's Rep. of),1993,12.71219109,10961.53224,0.698,,70.794,7.9619113775
PRK,Korea (Democratic People's Rep. of),1994,12.71219109,10961.53224,0.698,,70.472,7.9619113775
PRK,Korea (Democratic People's Rep. of),1995,12.71219109,10961.53224,0.698,,60.766,7.9619113775
PRK,Korea (Democratic People's Rep. of),1996,12.71219109,10961.53224,0.698,,60.82,7.9619113775
PRK,Korea (Democratic People's Rep. of),1997,12.71219109,10961.53224,0.698,,60.869,7.9619113775
PRK,Korea (Democratic People's Rep. of),1998,12.71219109,10961.53224,0.698,,60.887,7.9619113775
PRK,Korea (Democratic People's Rep. of),1999,12.71219109,10961.53224,0.698,,60.91,7.9619113775
PRK,Korea (Democratic People's Rep. of),2000,12.71219109,10961.53224,0.698,,60.911,7.9619113775
PRK,Korea (Democratic People's Rep. of),2001,12.71219109,10961.53224,0.698,,60.893,7.9619113775
PRK,Korea (Democratic People's Rep. of),2002,12.71219109,10961.53224,0.698,,60.877,7.9619113775
PRK,Korea (Democratic People's Rep. of),2003,12.71219109,10961.53224,0.698,,69.399,7.9619113775
PRK,Korea (Democratic People's Rep. of),2004,12.71219109,10961.53224,0.698,,69.294,7.9619113775
PRK,Korea (Democratic People's Rep. of),2005,12.71219109,10961.53224,0.698,,69.168,7.9619113775
PRK,Korea (Democratic People's Rep. of),2006,12.56652351,10961.53224,0.698,,69.061,7.9619113775
PRK,Korea (Democratic People's Rep. of),2007,12.42252512,10961.53224,0.698,,69.021,7.9619113775
PRK,Korea (Democratic People's Rep. of),2008,12.28017679,10961.53224,0.698,,69.303,7.9619113775
PRK,Korea (Democratic People's Rep. of),2009,12.13945961,10961.53224,0.698,,69.702,7.9619113775
PRK,Korea (Democratic People's Rep. of),2010,12.00350634,10961.53224,0.698,,70.246,7.9619113775
PRK,Korea (Democratic People's Rep. of),2011,11.86755308,10961.53224,0.698,,70.772,7.9619113775
PRK,Korea (Democratic People's Rep. of),2012,11.73159981,10961.53224,0.698,,71.317,7.9619113775
PRK,Korea (Democratic People's Rep. of),2013,11.59564654,10961.53224,0.698,,71.867,7.9619113775
PRK,Korea (Democratic People's Rep. of),2014,11.45969327,10961.53224,0.698,,72.451,7.9619113775
PRK,Korea (Democratic People's Rep. of),2015,11.32374001,10961.53224,0.698,,72.825,7.9619113775
PRK,Korea (Democratic People's Rep. of),2016,11.53869661,10961.53224,0.698,,72.971,7.9619113775
PRK,Korea (Democratic People's Rep. of),2017,11.75365321,10961.53224,0.698,,73.034,7.9619113775
PRK,Korea (Democratic People's Rep. of),2018,11.96860981,10961.53224,0.698,,73.02,7.9619113775
PRK,Korea (Democratic People's Rep. of),2019,12.04595671,10961.53224,0.698,,72.928,7.9619113775
PRK,Korea (Democratic People's Rep. of),2020,12.12380346,10961.53224,0.698,,72.783,7.9619113775
PRK,Korea (Democratic People's Rep. of),2021,12.20215329,10961.53224,0.698,,73.437,7.9619113775
PRK,Korea (Democratic People's Rep. of),2022,12.20215329,10961.53224,0.698,,73.641,7.9619113775
PRK,Korea (Democratic People's Rep. of),2023,12.20215329,10961.53224,0.698,,73.642,7.9619113775
PRT,Portugal,1990,11.83831978,25878.82153,0.707,,74.304,5.271124767
PRT,Portugal,1991,12.34136963,27124.5717,0.718,,74.241,5.440000057
PRT,Portugal,1992,13.21854973,27572.48248,0.735,,74.871,5.614285742
PRT,Portugal,1993,14.48209953,26999.03697,0.751,,74.761,5.788571426
PRT,Portugal,1994,15.04316044,27072.83434,0.765,,75.73,5.96285711
PRT,Portugal,1995,15.41711998,28275.84255,0.773,,75.55,6.137142794
PRT,Portugal,1996,15.93179035,28911.55108,0.781,,75.476,6.311428479
PRT,Portugal,1997,16.0445199,29916.11685,0.789,,75.922,6.485714163
PRT,Portugal,1998,16.15724945,31529.21531,0.795,,76.116,6.659999847
PRT,Portugal,1999,15.66067028,32775.12336,0.793,,76.322,6.710000038
PRT,Portugal,2000,15.6854403,32971.67017,0.797,,76.83,6.789999962
PRT,Portugal,2001,15.71021032,33479.31588,0.801,,77.152,6.880000114
PRT,Portugal,2002,15.73498034,33906.52059,0.804,,77.37,6.960000038
PRT,Portugal,2003,15.75975037,33738.93115,0.808,,77.583,7.150000095
PRT,Portugal,2004,15.23719978,34155.75328,0.809,,78.427,7.389999866
PRT,Portugal,2005,15.21778965,34243.62751,0.81,,78.317,7.489999771
PRT,Portugal,2006,15.14795017,34244.74169,0.815,,79.089,7.619999886
PRT,Portugal,2007,15.44752026,35117.17141,0.821,,79.309,7.670000076
PRT,Portugal,2008,15.73754978,34669.2323,0.826,,79.603,7.78000021
PRT,Portugal,2009,15.90995026,34250.22156,0.831,,79.829,7.929999828
PRT,Portugal,2010,16.11100006,34659.76133,0.836,,80.115,8.06000042
PRT,Portugal,2011,16.32862091,34366.31952,0.843,,80.582,8.279999733
PRT,Portugal,2012,16.3426156,32918.49065,0.844,,80.555,8.5
PRT,Portugal,2013,16.3566103,33367.92448,0.849,,80.903,8.659999847
PRT,Portugal,2014,16.37060499,33739.75911,0.854,,81.314,8.869999886
PRT,Portugal,2015,16.38459969,34713.91464,0.857,,81.321,8.989999771
PRT,Portugal,2016,16.26753998,35845.46625,0.859,,81.364,9.109999657
PRT,Portugal,2017,16.36219978,37108.74847,0.864,,81.66,9.220000267
PRT,Portugal,2018,16.48127937,38103.62892,0.866,,81.591,9.140000343
PRT,Portugal,2019,16.60087013,39189.68687,0.872,,81.959,9.329999924
PRT,Portugal,2020,16.66860962,36539.06731,0.87,,81.366,9.579999924
PRT,Portugal,2021,16.82140923,38395.10428,0.876,,81.398,9.703254412
PRT,Portugal,2022,17.48682022,39867.76499,0.883,,81.194,9.703254412
PRT,Portugal,2023,17.48682022,41063.92568,0.89,40.0,82.36,9.703254412
PRY,Paraguay,1990,9.1561203,9612.72354,0.607,,67.341,5.744568091
PRY,Paraguay,1991,9.445473671,9513.858375,0.613,,67.676,5.846381705
PRY,Paraguay,1992,9.734827042,9328.589025,0.619,,67.961,5.949999809
PRY,Paraguay,1993,10.02418041,9484.369481,0.626,,68.234,6.055454384
PRY,Paraguay,1994,10.21538544,9556.090391,0.631,,68.504,6.160908959
PRY,Paraguay,1995,10.40659046,9753.684063,0.637,,68.778,6.266363534
PRY,Paraguay,1996,10.73869038,10264.65881,0.646,,69.05,6.371818109
PRY,Paraguay,1997,11.14942678,10116.85105,0.653,,69.284,6.477272684
PRY,Paraguay,1998,11.56016318,9891.931636,0.659,,69.507,6.582727259
PRY,Paraguay,1999,11.97089958,9534.603964,0.664,,69.774,6.688181834
PRY,Paraguay,2000,12.14581013,8737.484016,0.664,,70.026,6.793636409
PRY,Paraguay,2001,12.57310009,8634.171711,0.671,,70.281,6.899090984
PRY,Paraguay,2002,13.07223988,8706.983538,0.679,,70.539,7.004545559
PRY,Paraguay,2003,12.49347973,8261.835501,0.673,,70.795,7.110000134
PRY,Paraguay,2004,12.73396015,8700.956463,0.681,,71.054,7.230000019
PRY,Paraguay,2005,12.60157967,8884.524706,0.683,,71.317,7.349999905
PRY,Paraguay,2006,12.56324482,9571.216961,0.684,,71.584,7.070000172
PRY,Paraguay,2007,12.52490997,10469.1027,0.69,,71.817,7.150000095
PRY,Paraguay,2008,12.80463982,11136.06917,0.7,,72.047,7.389999866
PRY,Paraguay,2009,13.19958973,10936.93582,0.7,,72.282,7.03000021
PRY,Paraguay,2010,13.17776012,12014.05989,0.709,,72.551,7.28000021
PRY,Paraguay,2011,13.20860111,12496.97248,0.715,,72.787,7.53000021
PRY,Paraguay,2012,13.2394421,12236.07507,0.719,,73.105,7.78000021
PRY,Paraguay,2013,13.27028309,13089.22262,0.73,,73.292,8.289999962
PRY,Paraguay,2014,13.30112408,13634.9601,0.733,,73.415,8.25
PRY,Paraguay,2015,13.33196507,13840.78112,0.737,,73.454,8.520000458
PRY,Paraguay,2016,13.36280605,14259.89575,0.737,,73.487,8.350000381
PRY,Paraguay,2017,13.39364704,14767.2361,0.74,,73.45,8.470000267
PRY,Paraguay,2018,13.42448803,15036.33642,0.744,,73.627,8.590000153
PRY,Paraguay,2019,13.45532902,14839.89505,0.747,,73.668,8.81000042
PRY,Paraguay,2020,13.48617001,14462.45522,0.742,,72.72,8.859999657
PRY,Paraguay,2021,13.61733015,14828.19388,0.723,,68.108,8.930653385
PRY,Paraguay,2022,13.98706964,14733.24161,0.747,,72.319,8.930653385
PRY,Paraguay,2023,13.98706964,15252.22016,0.756,99.0,73.844,8.930653385
PSE,"Palestine, State of",1990,7.92247848,4428.598845,0.654,,67.803,7.53000021
PSE,"Palestine, State of",1991,8.202121271,4041.093186,0.654,,68.222,7.53000021
PSE,"Palestine, State of",1992,8.491634722,4835.580764,0.654,,68.478,7.53000021
PSE,"Palestine, State of",1993,8.791367242,5113.601878,0.654,,68.759,7.53000021
PSE,"Palestine, State of",1994,9.101679536,4727.156823,0.654,,69.328,7.53000021
PSE,"Palestine, State of",1995,9.422945044,4887.850608,0.654,,69.583,7.53000021
PSE,"Palestine, State of",1996,9.755550385,4684.739242,0.654,,69.982,7.53000021
PSE,"Palestine, State of",1997,10.14822006,5171.949073,0.654,,70.328,7.53000021
PSE,"Palestine, State of",1998,10.57936525,5910.610044,0.654,,70.564,7.53000021
PSE,"Palestine, State of",1999,11.01051044,6228.986137,0.654,,70.789,7.53000021
PSE,"Palestine, State of",2000,11.10002041,5268.454187,0.654,,70.298,7.53000021
PSE,"Palestine, State of",2001,11.59805965,4529.906325,0.654,,69.75,7.53000021
PSE,"Palestine, State of",2002,11.89653969,3801.139132,0.654,,70.88,7.53000021
PSE,"Palestine, State of",2003,12.30753994,4181.096324,0.654,,70.967,7.53000021
PSE,"Palestine, State of",2004,12.72622967,4883.161316,0.654,,71.094,7.53000021
PSE,"Palestine, State of",2005,12.67113972,5361.453077,0.663,,72.004,7.63499999
PSE,"Palestine, State of",2006,12.83586025,5245.101165,0.664,,71.831,7.739999771
PSE,"Palestine, State of",2007,13.36962032,5362.206059,0.674,,72.064,7.909999847
PSE,"Palestine, State of",2008,13.43274975,5678.501346,0.679,,72.204,8.010000229
PSE,"Palestine, State of",2009,13.38267994,5888.486683,0.685,,72.306,8.31000042
PSE,"Palestine, State of",2010,13.49948025,5921.094893,0.691,,73.302,8.359999657
PSE,"Palestine, State of",2011,13.44649029,6350.938982,0.698,,73.557,8.579999924
PSE,"Palestine, State of",2012,13.39980984,6600.11373,0.704,,73.722,8.850000381
PSE,"Palestine, State of",2013,13.18264008,6837.519765,0.706,,74.14,8.869999886
PSE,"Palestine, State of",2014,13.20176983,6751.984899,0.7,,72.781,8.909999847
PSE,"Palestine, State of",2015,13.23941994,6939.080244,0.712,,74.577,9.079999924
PSE,"Palestine, State of",2016,13.19017982,7312.665045,0.717,,74.917,9.159999847
PSE,"Palestine, State of",2017,13.31686974,7349.581292,0.721,,75.216,9.279999733
PSE,"Palestine, State of",2018,13.31881046,7492.467579,0.725,,75.38,9.520000458
PSE,"Palestine, State of",2019,13.29564953,7425.198522,0.729,,75.811,9.730000019
PSE,"Palestine, State of",2020,13.24273968,6305.650757,0.718,,74.998,9.93999958
PSE,"Palestine, State of",2021,13.17508984,6797.465912,0.718,,73.89,10.03499985
PSE,"Palestine, State of",2022,13.15474033,7064.528837,0.733,,76.662,10.13000011
PSE,"Palestine, State of",2023,12.99800968,6547.098635,0.674,133.0,65.17,10.13000011
QAT,Qatar,1990,12.08216,79350.18009,0.767,,73.405,6.412119619
QAT,Qatar,1991,11.86357021,75442.10834,0.768,,73.654,6.545606124
QAT,Qatar,1992,11.79516983,81349.30963,0.77,,73.876,6.679092629
QAT,Qatar,1993,12.20510006,77804.70808,0.778,,74.071,6.812579134
QAT,Qatar,1994,12.48740005,76552.29853,0.784,,74.245,6.946065639
QAT,Qatar,1995,12.51344967,76123.22202,0.788,,74.404,7.079552144
QAT,Qatar,1996,12.61415958,74476.27078,0.791,,74.558,7.193969149
QAT,Qatar,1997,12.62568474,93248.77223,0.794,,74.713,7.308386153
QAT,Qatar,1998,12.63720989,98122.59147,0.796,,74.872,7.422803157
QAT,Qatar,1999,12.43021965,96818.46615,0.796,,75.048,7.537220162
QAT,Qatar,2000,12.12788963,98270.22453,0.795,,75.25,7.651637166
QAT,Qatar,2001,11.82555962,95154.14695,0.795,,75.486,7.813727922
QAT,Qatar,2002,11.73925018,96587.7136,0.798,,75.766,7.975818678
QAT,Qatar,2003,11.90894985,98550.38268,0.804,,76.097,8.137909435
QAT,Qatar,2004,11.77958012,107039.6405,0.807,,76.484,8.300000191
QAT,Qatar,2005,11.83990002,101105.3519,0.815,,76.909,8.693333308
QAT,Qatar,2006,11.73237991,117481.7017,0.822,,77.323,9.086666425
QAT,Qatar,2007,11.87314034,111655.5797,0.831,,77.741,9.479999542
QAT,Qatar,2008,12.22560978,110630.1673,0.839,,78.262,9.590000153
QAT,Qatar,2009,12.40295982,106983.5251,0.838,,78.837,9.159999847
QAT,Qatar,2010,12.54948997,114960.1948,0.834,,79.444,8.550000191
QAT,Qatar,2011,12.32771015,125961.605,0.835,,79.994,8.649999619
QAT,Qatar,2012,12.48701954,127199.6512,0.846,,80.499,9.119999886
QAT,Qatar,2013,12.5227499,127692.4169,0.859,,80.974,9.800000191
QAT,Qatar,2014,12.35890961,124159.5716,0.857,,81.395,9.720000267
QAT,Qatar,2015,12.4894104,121734.7411,0.86,,81.785,9.695000172
QAT,Qatar,2016,12.45662975,118925.9671,0.861,,82.147,9.670000076
QAT,Qatar,2017,13.00067997,113032.8904,0.87,,82.458,9.729999542
QAT,Qatar,2018,13.13239002,110168.1742,0.876,,82.714,9.937999725
QAT,Qatar,2019,13.19771957,108957.2177,0.88,,82.945,10.14599991
QAT,Qatar,2020,13.26426983,105292.2087,0.872,,80.409,10.35400009
QAT,Qatar,2021,12.20365047,107191.6195,0.866,,81.083,10.56200027
QAT,Qatar,2022,13.14116001,106501.6449,0.883,,81.857,10.77000046
QAT,Qatar,2023,13.14116001,105353.268,0.886,43.0,82.368,10.77000046
ROU,Romania,1990,12.47976971,16418.19741,0.719,,69.841,8.495332311
ROU,Romania,1991,11.46459007,14468.64788,0.705,,70.046,8.592114654
ROU,Romania,1992,10.93377972,13276.23618,0.694,,69.506,8.68999958
ROU,Romania,1993,10.64280987,13474.25014,0.692,,69.512,8.788999653
ROU,Romania,1994,10.62135983,14035.68554,0.695,,69.326,8.887999725
ROU,Romania,1995,10.81352043,14912.49064,0.701,,69.323,8.986999798
ROU,Romania,1996,11.30706978,15515.58524,0.707,,68.821,9.08599987
ROU,Romania,1997,11.46730995,14794.13176,0.709,,69.086,9.184999943
ROU,Romania,1998,11.69460011,14481.24903,0.715,,69.892,9.284000015
ROU,Romania,1999,12.15116024,14444.86664,0.724,,70.581,9.383000088
ROU,Romania,2000,12.20909977,14900.06165,0.73,,71.159,9.48200016
ROU,Romania,2001,12.38451958,15907.91659,0.737,,71.122,9.581000233
ROU,Romania,2002,12.8593502,17052.73019,0.745,,70.835,9.680000305
ROU,Romania,2003,12.96337986,17349.15636,0.749,,70.819,9.862000275
ROU,Romania,2004,13.08275032,18901.79663,0.757,,71.096,10.04400024
ROU,Romania,2005,13.0271101,20147.32374,0.765,,71.581,10.22600021
ROU,Romania,2006,13.79403973,21781.59473,0.781,,72.169,10.40800018
ROU,Romania,2007,13.92825985,23683.70558,0.792,,72.792,10.59000015
ROU,Romania,2008,15.41860008,26626.33329,0.815,,73.216,10.67000008
ROU,Romania,2009,16.64273071,25630.97416,0.826,,73.457,10.69999981
ROU,Romania,2010,16.19702911,24807.59745,0.822,,73.579,10.72999954
ROU,Romania,2011,15.56466007,26038.80945,0.823,,74.288,10.85999966
ROU,Romania,2012,14.68935966,26528.765,0.817,,74.314,10.96000004
ROU,Romania,2013,14.65869967,26753.355,0.821,,74.918,11.02000046
ROU,Romania,2014,14.62803968,28273.38875,0.82,,74.765,10.85999966
ROU,Romania,2015,14.59737968,29109.94323,0.823,,74.737,10.97999954
ROU,Romania,2016,14.26296043,30011.70686,0.823,,75.021,11.07999992
ROU,Romania,2017,14.23019028,32628.2774,0.828,,75.024,11.14999962
ROU,Romania,2018,14.35554981,34637.29307,0.833,,75.103,11.21499968
ROU,Romania,2019,14.42632961,36327.77264,0.838,,75.329,11.27999973
ROU,Romania,2020,14.45413971,35140.93373,0.832,,74.046,11.39000034
ROU,Romania,2021,14.50753021,37208.24766,0.829,,72.74,11.46000004
ROU,Romania,2022,14.05288029,38442.75611,0.84,,75.261,11.55000019
ROU,Romania,2023,14.05288029,39374.25372,0.845,55.0,75.938,11.55000019
RUS,Russian Federation,1990,12.65668964,30906.91162,0.762,,69.279,9.653424899
RUS,Russian Federation,1991,12.43470001,29269.48411,0.758,,68.997,9.841942961
RUS,Russian Federation,1992,12.17432022,24607.39805,0.744,,67.843,10.03046102
RUS,Russian Federation,1993,11.85124969,22695.45328,0.725,,65.039,10.21897909
RUS,Russian Federation,1994,11.58718967,19937.86493,0.712,,63.822,10.40749715
RUS,Russian Federation,1995,11.57287979,19080.76785,0.713,,63.995,10.59601521
RUS,Russian Federation,1996,11.68416023,18356.03514,0.723,,65.449,10.88854324
RUS,Russian Federation,1997,11.81155968,18503.39109,0.734,,66.594,11.18107126
RUS,Russian Federation,1998,12.01319027,17141.22848,0.738,,66.916,11.47359929
RUS,Russian Federation,1999,12.2757597,18357.92423,0.74,,65.595,11.76612732
RUS,Russian Federation,2000,12.79107237,20565.06513,0.75,,64.998,12.05865535
RUS,Russian Federation,2001,13.30638504,21969.50536,0.758,,65.015,12.11932783
RUS,Russian Federation,2002,13.82169771,22916.8643,0.764,,64.73,12.18000031
RUS,Russian Federation,2003,14.33701038,24331.58531,0.772,,64.715,12.20000029
RUS,Russian Federation,2004,14.23517513,26385.7815,0.777,,65.149,12.22000027
RUS,Russian Federation,2005,14.13333988,28071.20311,0.78,,65.219,12.24000025
RUS,Russian Federation,2006,14.16090965,30280.7005,0.791,,66.546,12.26000023
RUS,Russian Federation,2007,14.30515957,33153.30422,0.802,,67.469,12.28000021
RUS,Russian Federation,2008,14.34453011,34838.09466,0.807,,67.862,12.30000019
RUS,Russian Federation,2009,14.05552959,31995.7457,0.805,,68.657,12.32000017
RUS,Russian Federation,2010,14.37661982,33441.72063,0.808,,68.153,12.34000015
RUS,Russian Federation,2011,14.69771004,34822.89058,0.822,,69.725,12.34636376
RUS,Russian Federation,2012,14.66079998,36106.51953,0.825,,70.117,12.35272737
RUS,Russian Federation,2013,14.7792902,36631.17969,0.83,,70.64,12.35909098
RUS,Russian Federation,2014,14.83740044,36220.19922,0.831,,70.798,12.36545459
RUS,Russian Federation,2015,14.91147041,35395.76172,0.833,,71.345,12.3718182
RUS,Russian Federation,2016,14.86800957,34380.65625,0.835,,71.91,12.3781818
RUS,Russian Federation,2017,14.55185032,34974.58984,0.838,,72.845,12.38454541
RUS,Russian Federation,2018,15.12335014,36011.16797,0.845,,72.936,12.39090902
RUS,Russian Federation,2019,15.15861034,36509.61328,0.847,,73.066,12.39727263
RUS,Russian Federation,2020,13.24584007,35887.17969,0.818,,71.171,12.40363624
RUS,Russian Federation,2021,13.20059013,38029.85547,0.813,,69.807,12.40999985
RUS,Russian Federation,2022,13.18515015,37462.90234,0.826,,72.517,12.40999985
RUS,Russian Federation,2023,13.18515015,39221.68359,0.832,64.0,73.154,12.40999985
RWA,Rwanda,1990,5.644849777,1126.070793,0.294,,47.763,1.904477602
RWA,Rwanda,1991,5.644849777,1072.080729,0.294,,46.243,1.949925363
RWA,Rwanda,1992,5.644849777,1110.423169,0.294,,44.397,1.995373124
RWA,Rwanda,1993,5.644849777,986.2152538,0.294,,42.937,2.040820885
RWA,Rwanda,1994,5.644849777,577.289332,0.294,,12.158,2.086268646
RWA,Rwanda,1995,5.644849777,931.2506167,0.294,,41.518,2.131716407
RWA,Rwanda,1996,5.644849777,878.8757323,0.297,,42.486,2.19664178
RWA,Rwanda,1997,5.644849777,876.9395098,0.295,,41.978,2.261567153
RWA,Rwanda,1998,5.644849777,924.1940903,0.304,,43.099,2.326492526
RWA,Rwanda,1999,5.644849777,955.9488815,0.317,,45.749,2.391417898
RWA,Rwanda,2000,6.472990036,1020.810249,0.34,,47.798,2.456343271
RWA,Rwanda,2001,8.06289959,1087.940652,0.37,,49.49,2.573208942
RWA,Rwanda,2002,8.104120255,1211.781347,0.385,,51.262,2.690074613
RWA,Rwanda,2003,8.314789772,1205.109842,0.398,,53.529,2.806940284
RWA,Rwanda,2004,8.930410385,1261.941055,0.417,,55.52,2.923805955
RWA,Rwanda,2005,9.417039871,1350.722092,0.433,,56.968,3.040671626
RWA,Rwanda,2006,10.20623016,1436.608621,0.452,,58.342,3.185671626
RWA,Rwanda,2007,10.71080017,1512.151372,0.467,,59.504,3.330671625
RWA,Rwanda,2008,10.81871033,1632.328681,0.479,,60.641,3.475671624
RWA,Rwanda,2009,11.39603996,1690.045417,0.493,,61.813,3.620671623
RWA,Rwanda,2010,11.67043018,1764.192941,0.504,,62.804,3.765671623
RWA,Rwanda,2011,11.8947897,1856.229529,0.512,,63.476,3.767835802
RWA,Rwanda,2012,12.10725975,1957.881005,0.521,,64.189,3.769999981
RWA,Rwanda,2013,9.685420036,1995.222129,0.499,,64.651,3.914999962
RWA,Rwanda,2014,11.57287025,2055.55568,0.525,,65.088,4.059999943
RWA,Rwanda,2015,11.08055973,2193.082988,0.525,,65.419,4.095149994
RWA,Rwanda,2016,11.58388996,2248.724926,0.534,,65.733,4.173433304
RWA,Rwanda,2017,11.70065022,2269.245196,0.539,,66.14,4.251716614
RWA,Rwanda,2018,11.40342045,2393.14281,0.54,,66.354,4.329999924
RWA,Rwanda,2019,11.51772976,2563.906807,0.55,,66.691,4.604155064
RWA,Rwanda,2020,11.76366997,2444.649595,0.555,,66.953,4.878310204
RWA,Rwanda,2021,12.00961018,2654.115973,0.562,,66.85,4.879155159
RWA,Rwanda,2022,12.25555038,2804.166731,0.57,,67.528,4.880000114
RWA,Rwanda,2023,12.59045029,2970.559461,0.578,159.0,67.785,4.880000114
SAU,Saudi Arabia,1990,9.059376352,42824.56168,0.67,,68.874,5.575075365
SAU,Saudi Arabia,1991,9.284585236,47330.82784,0.681,,69.341,5.675527173
SAU,Saudi Arabia,1992,9.515392633,47432.19766,0.688,,69.799,5.775978982
SAU,Saudi Arabia,1993,9.751937719,45303.89545,0.693,,70.208,5.87643079
SAU,Saudi Arabia,1994,9.994363127,44264.62699,0.699,,70.587,5.976882598
SAU,Saudi Arabia,1995,10.24281504,43134.20702,0.705,,70.944,6.077334407
SAU,Saudi Arabia,1996,10.49744327,43082.54905,0.711,,71.288,6.195867541
SAU,Saudi Arabia,1997,10.75840135,42404.37943,0.718,,71.624,6.314400675
SAU,Saudi Arabia,1998,11.02584664,42492.78832,0.725,,71.957,6.432933809
SAU,Saudi Arabia,1999,11.29994041,39848.29235,0.729,,72.29,6.551466942
SAU,Saudi Arabia,2000,11.58084793,41039.54032,0.737,,72.607,6.670000076
SAU,Saudi Arabia,2001,11.86873859,39554.06396,0.744,,72.951,6.882500052
SAU,Saudi Arabia,2002,12.16378599,37525.73129,0.75,,73.296,7.095000029
SAU,Saudi Arabia,2003,12.46616802,40793.36168,0.762,,73.657,7.307500005
SAU,Saudi Arabia,2004,12.77606704,43088.87556,0.773,,74.027,7.519999981
SAU,Saudi Arabia,2005,13.09366989,44118.5763,0.782,,74.4,7.757777744
SAU,Saudi Arabia,2006,12.90024471,43588.58642,0.785,,74.762,7.995555507
SAU,Saudi Arabia,2007,12.70681953,42683.23049,0.786,,75.066,8.23333327
SAU,Saudi Arabia,2008,12.76223993,43636.31287,0.792,,75.301,8.471111033
SAU,Saudi Arabia,2009,12.81766033,41167.61804,0.794,,75.447,8.708888796
SAU,Saudi Arabia,2010,13.01385283,41877.69693,0.801,,75.616,8.946666559
SAU,Saudi Arabia,2011,13.21004534,45342.34116,0.811,,75.808,9.184444322
SAU,Saudi Arabia,2012,13.40623784,46754.97612,0.819,,76.09,9.422222084
SAU,Saudi Arabia,2013,13.60243034,46933.63899,0.827,,76.517,9.659999847
SAU,Saudi Arabia,2014,14.39805984,47747.18753,0.841,,77.116,9.799999952
SAU,Saudi Arabia,2015,14.76905489,48948.93027,0.851,,77.776,9.940000057
SAU,Saudi Arabia,2016,15.14004993,48876.7826,0.86,,78.354,10.08000016
SAU,Saudi Arabia,2017,15.72507,48201.49905,0.869,,78.721,10.22000027
SAU,Saudi Arabia,2018,15.85610008,48571.63874,0.875,,78.75,10.58333365
SAU,Saudi Arabia,2019,15.98313046,47995.70027,0.878,,78.313,10.94666704
SAU,Saudi Arabia,2020,15.75979996,46058.49885,0.875,,77.596,11.31000042
SAU,Saudi Arabia,2021,15.76926041,48458.90031,0.878,,77.089,11.60642778
SAU,Saudi Arabia,2022,16.94943047,51430.70374,0.893,,77.31,11.60642778
SAU,Saudi Arabia,2023,16.94943047,50298.91363,0.9,37.0,78.732,11.60642778
SDN,Sudan,1990,3.575123192,2678.793243,0.456,,55.497,1.5
SDN,Sudan,1991,3.716464477,2678.793243,0.456,,55.553,1.594
SDN,Sudan,1992,3.863393641,2678.793243,0.456,,55.952,1.688
SDN,Sudan,1993,4.0161316,2678.793243,0.456,,56.102,1.782
SDN,Sudan,1994,4.174908003,2678.793243,0.456,,57.022,1.876
SDN,Sudan,1995,4.339961577,2678.793243,0.456,,57.447,1.97
SDN,Sudan,1996,4.511540488,2678.793243,0.456,,57.638,2.064
SDN,Sudan,1997,4.689902714,2678.793243,0.456,,58.058,2.158
SDN,Sudan,1998,4.875316429,2678.793243,0.456,,58.308,2.252
SDN,Sudan,1999,5.068060413,2678.793243,0.456,,58.607,2.346
SDN,Sudan,2000,5.268424466,2678.793243,0.456,,58.946,2.44
SDN,Sudan,2001,5.476709843,2678.793243,0.456,,59.264,2.538
SDN,Sudan,2002,5.597040176,2678.793243,0.456,,59.308,2.636
SDN,Sudan,2003,5.778049946,2678.793243,0.456,,58.319,2.734
SDN,Sudan,2004,6.159719944,2678.793243,0.456,,56.773,2.832
SDN,Sudan,2005,6.340129852,2678.793243,0.456,,57.226,2.93
SDN,Sudan,2006,6.644569874,2678.793243,0.456,,60.4,2.97
SDN,Sudan,2007,6.608520031,2678.793243,0.456,,61.442,3.01
SDN,Sudan,2008,7.160170078,2678.793243,0.456,,61.261,3.05
SDN,Sudan,2009,7.38876009,2902.607237,0.469,,62.676,3.09
SDN,Sudan,2010,7.41782999,3495.702495,0.479,,62.979,3.13
SDN,Sudan,2011,7.157400131,3305.46535,0.476,,63.181,3.228
SDN,Sudan,2012,7.529759884,3176.408964,0.482,,63.427,3.326
SDN,Sudan,2013,7.8261199,3216.363641,0.488,,63.443,3.424
SDN,Sudan,2014,7.872330189,3510.77539,0.496,,63.99,3.522
SDN,Sudan,2015,7.932330132,3386.38405,0.498,,64.375,3.62
SDN,Sudan,2016,8.043066338,3422.613181,0.502,,64.677,3.67
SDN,Sudan,2017,8.155348435,3362.174471,0.506,,65.146,3.72
SDN,Sudan,2018,8.269198002,3806.750732,0.515,,65.501,3.77
SDN,Sudan,2019,8.384636922,3642.282959,0.517,,65.803,3.82
SDN,Sudan,2020,8.501687381,3382.595459,0.513,,65.124,3.87
SDN,Sudan,2021,8.620371878,3286.10791,0.512,,64.46,3.962
SDN,Sudan,2022,8.620371878,3234.253662,0.516,,65.695,3.962
SDN,Sudan,2023,8.620371878,2810.312012,0.511,176.0,66.331,3.962
SEN,Senegal,1990,4.31622616,2924.659799,0.377,,56.674,1.99764146
SEN,Senegal,1991,4.406959376,2916.5484,0.379,,57.037,1.972216932
SEN,Senegal,1992,4.499599934,2899.862815,0.381,,57.287,1.946792405
SEN,Senegal,1993,4.594187927,2835.335562,0.382,,57.348,1.921367877
SEN,Senegal,1994,4.688775921,2760.917977,0.382,,57.479,1.895943349
SEN,Senegal,1995,4.783363914,2845.45158,0.384,,57.336,1.870518822
SEN,Senegal,1996,4.877951908,2868.642549,0.385,,57.129,1.839646181
SEN,Senegal,1997,4.972539902,2884.494906,0.386,,57.107,1.80877354
SEN,Senegal,1998,5.093080044,2995.101235,0.389,,57.076,1.777900899
SEN,Senegal,1999,5.213620186,3092.535846,0.392,,57.315,1.747028259
SEN,Senegal,2000,5.490004158,3136.47063,0.398,,57.615,1.716155618
SEN,Senegal,2001,5.76638813,3202.342501,0.404,,58.158,1.648962223
SEN,Senegal,2002,6.042772102,3121.237096,0.409,,58.912,1.581768829
SEN,Senegal,2003,6.319156075,3226.590419,0.416,,59.474,1.514575434
SEN,Senegal,2004,6.595540047,3299.640304,0.423,,60.308,1.44738204
SEN,Senegal,2005,6.874909878,3357.604941,0.43,,60.98,1.380188645
SEN,Senegal,2006,7.001580238,3356.224777,0.438,,61.801,1.539999962
SEN,Senegal,2007,7.388890028,3361.810094,0.45,,62.653,1.70999999
SEN,Senegal,2008,7.776199818,3403.876201,0.462,,63.201,1.880000019
SEN,Senegal,2009,7.958699942,3379.072942,0.47,,63.751,2.050000048
SEN,Senegal,2010,8.141200066,3404.265255,0.477,,64.221,2.220000076
SEN,Senegal,2011,8.799389839,3336.210982,0.491,,64.799,2.390000105
SEN,Senegal,2012,9.017259598,3373.480607,0.499,,65.229,2.585000038
SEN,Senegal,2013,9.055959702,3360.58602,0.504,,65.638,2.779999971
SEN,Senegal,2014,9.293149948,3463.438637,0.508,,66.001,2.65593493
SEN,Senegal,2015,9.290579796,3559.891802,0.509,,66.451,2.531869888
SEN,Senegal,2016,9.196184874,3681.935246,0.516,,66.724,2.891940117
SEN,Senegal,2017,9.101789951,3841.22863,0.517,,67.059,2.829999924
SEN,Senegal,2018,9.007395029,3980.056505,0.522,,67.379,2.998349905
SEN,Senegal,2019,8.913000107,4052.25046,0.52,,67.668,2.84145999
SEN,Senegal,2020,9.053489685,4037.019884,0.522,,67.496,2.887631869
SEN,Senegal,2021,9.067919731,4150.17929,0.522,,66.868,2.934554012
SEN,Senegal,2022,9.144550323,4172.138896,0.526,,67.788,2.934554012
SEN,Senegal,2023,9.142709732,4202.030729,0.53,169.0,68.683,2.934554012
SGP,Singapore,1990,16.40782026,45791.85378,0.819,,74.598,7.539999962
SGP,Singapore,1991,16.44637685,47106.60828,0.826,,75.058,7.768000031
SGP,Singapore,1992,16.48502404,49609.00017,0.833,,75.326,7.996000099
SGP,Singapore,1993,16.52376205,52603.66363,0.84,,75.533,8.224000168
SGP,Singapore,1994,16.56259109,58030.73207,0.848,,75.627,8.452000237
SGP,Singapore,1995,16.60151137,60512.81289,0.854,,75.725,8.680000305
SGP,Singapore,1996,16.64052312,61812.75522,0.859,,76.05,8.83900032
SGP,Singapore,1997,16.67962653,66367.29025,0.866,,76.389,8.998000336
SGP,Singapore,1998,16.71882183,62869.54393,0.869,,76.851,9.157000351
SGP,Singapore,1999,16.75810924,65152.58659,0.875,,77.271,9.316000366
SGP,Singapore,2000,16.79748897,68627.7931,0.882,,77.752,9.475000381
SGP,Singapore,2001,16.83696124,66519.72984,0.885,,78.267,9.634000397
SGP,Singapore,2002,16.87652626,67704.56476,0.891,,78.736,9.793000412
SGP,Singapore,2003,16.91618425,70448.50423,0.897,,79.178,9.952000427
SGP,Singapore,2004,16.95593544,74134.62729,0.905,,79.658,10.11100044
SGP,Singapore,2005,16.99578004,78136.61902,0.911,,80.271,10.27000046
SGP,Singapore,2006,17.03571827,85069.50568,0.911,,80.64,10.10999966
SGP,Singapore,2007,17.07575035,88996.03068,0.914,,80.885,10.21000004
SGP,Singapore,2008,17.6108799,85756.61564,0.924,,81.099,10.48999977
SGP,Singapore,2009,17.79972076,81768.72117,0.928,,81.428,10.5
SGP,Singapore,2010,17.63391359,95610.25827,0.932,,81.647,10.93999958
SGP,Singapore,2011,17.46810641,97121.08675,0.933,,81.942,11.0
SGP,Singapore,2012,17.30229923,98260.74567,0.933,,82.209,11.02000046
SGP,Singapore,2013,17.13649205,100235.182,0.934,,82.468,11.14999962
SGP,Singapore,2014,16.97068487,104872.3135,0.934,,82.615,11.22000027
SGP,Singapore,2015,16.80487769,102979.4802,0.935,,82.748,11.36999989
SGP,Singapore,2016,16.63907051,106529.8271,0.934,,82.897,11.38000011
SGP,Singapore,2017,16.67643929,109795.0054,0.935,,83.095,11.34000015
SGP,Singapore,2018,16.74200058,106603.852,0.939,,83.378,11.56000042
SGP,Singapore,2019,16.74119949,108155.711,0.942,,83.662,11.68000031
SGP,Singapore,2020,16.78735924,102455.7883,0.944,,83.661,11.76000023
SGP,Singapore,2021,16.90273094,112141.2343,0.948,,83.485,12.07999992
SGP,Singapore,2022,16.74227905,108655.3781,0.942,,82.921,11.98999977
SGP,Singapore,2023,16.74227905,111239.2291,0.946,13.0,83.736,11.98999977
SLB,Solomon Islands,1990,10.81152111,2321.413866,0.554,,66.194,5.053478849
SLB,Solomon Islands,1991,10.82983404,2364.391282,0.554,,66.357,5.053478849
SLB,Solomon Islands,1992,10.84817799,2594.86002,0.554,,66.471,5.053478849
SLB,Solomon Islands,1993,10.86655301,2693.757298,0.554,,66.558,5.053478849
SLB,Solomon Islands,1994,10.88495916,2845.767523,0.554,,66.661,5.053478849
SLB,Solomon Islands,1995,10.90339648,3008.881141,0.554,,66.717,5.053478849
SLB,Solomon Islands,1996,10.92186503,2987.07758,0.554,,66.739,5.053478849
SLB,Solomon Islands,1997,10.94036487,2867.060785,0.554,,66.768,5.053478849
SLB,Solomon Islands,1998,10.95889604,2830.426904,0.554,,66.89,5.053478849
SLB,Solomon Islands,1999,10.9774586,2684.604331,0.554,,67.001,5.053478849
SLB,Solomon Islands,2000,10.9960526,2311.495003,0.547,,67.116,5.092110034
SLB,Solomon Islands,2001,11.0146781,2099.776914,0.542,,67.237,5.131036535
SLB,Solomon Islands,2002,11.03333514,1948.181842,0.539,,67.35,5.170260608
SLB,Solomon Islands,2003,11.05202379,2057.260008,0.543,,67.479,5.209784529
SLB,Solomon Islands,2004,11.07074409,2195.607277,0.548,,67.628,5.249610589
SLB,Solomon Islands,2005,11.0894961,2301.420348,0.553,,67.79,5.289741098
SLB,Solomon Islands,2006,11.10827988,2274.143167,0.553,,67.968,5.330178384
SLB,Solomon Islands,2007,11.12709547,2227.712907,0.552,,67.845,5.370924792
SLB,Solomon Islands,2008,11.14594293,2256.482459,0.556,,68.336,5.411982685
SLB,Solomon Islands,2009,11.16482232,2281.955886,0.557,,68.397,5.453354443
SLB,Solomon Islands,2010,11.18373368,2501.480344,0.564,,68.669,5.495042467
SLB,Solomon Islands,2011,11.20267708,2575.164616,0.567,,68.824,5.537049174
SLB,Solomon Islands,2012,11.22165256,2642.046541,0.57,,68.961,5.579377
SLB,Solomon Islands,2013,11.24066019,2856.423864,0.576,,69.007,5.6220284
SLB,Solomon Islands,2014,11.25970001,2777.576875,0.575,,68.984,5.6646798
SLB,Solomon Islands,2015,11.27873983,2733.138702,0.576,,69.323,5.7073312
SLB,Solomon Islands,2016,11.29777966,2779.103385,0.578,,69.501,5.7499826
SLB,Solomon Islands,2017,11.31681948,2826.139776,0.581,,69.652,5.792634
SLB,Solomon Islands,2018,11.3358593,2853.953745,0.582,,69.806,5.8216494
SLB,Solomon Islands,2019,11.32825356,2843.860957,0.583,,69.981,5.8506648
SLB,Solomon Islands,2020,11.32064781,2777.356544,0.579,,69.258,5.8796802
SLB,Solomon Islands,2021,11.31304207,2746.190804,0.577,,68.89,5.8796802
SLB,Solomon Islands,2022,11.31304207,2732.140904,0.583,,70.409,5.8796802
SLB,Solomon Islands,2023,11.31304207,2777.266749,0.584,156.0,70.528,5.8796802
SLE,Sierra Leone,1990,4.661960125,1771.376699,0.313,,43.72,1.905222798
SLE,Sierra Leone,1991,4.208509922,1665.010748,0.303,,43.287,1.996866426
SLE,Sierra Leone,1992,4.427687931,1479.390669,0.305,,43.451,2.088510054
SLE,Sierra Leone,1993,4.64686594,1571.14492,0.312,,43.428,2.180153683
SLE,Sierra Leone,1994,4.866043949,1504.500157,0.312,,42.808,2.271797311
SLE,Sierra Leone,1995,5.085221958,1451.060315,0.314,,42.579,2.363440939
SLE,Sierra Leone,1996,5.304399967,1115.679584,0.311,,43.528,2.44543787
SLE,Sierra Leone,1997,5.523577976,920.904359,0.307,,43.649,2.5274348
SLE,Sierra Leone,1998,5.742755985,874.9027504,0.304,,42.714,2.609431731
SLE,Sierra Leone,1999,5.961933994,812.9196658,0.301,,41.962,2.691428661
SLE,Sierra Leone,2000,6.181112003,828.3256875,0.318,,44.834,2.773425592
SLE,Sierra Leone,2001,6.400290012,921.9308153,0.33,,45.448,2.86506922
SLE,Sierra Leone,2002,6.614043395,1102.931046,0.345,,46.174,2.956712848
SLE,Sierra Leone,2003,6.834935596,1162.879295,0.354,,46.784,3.048356477
SLE,Sierra Leone,2004,7.063205033,1195.262396,0.363,,47.485,3.140000105
SLE,Sierra Leone,2005,7.299098089,1215.189958,0.37,,48.306,3.168450099
SLE,Sierra Leone,2006,7.542869371,1079.107353,0.372,,49.547,3.196900093
SLE,Sierra Leone,2007,7.794781994,1404.941478,0.391,,50.024,3.225350087
SLE,Sierra Leone,2008,8.046694616,1493.176358,0.4,,50.693,3.25380008
SLE,Sierra Leone,2009,8.298607239,1502.363925,0.406,,51.312,3.282250074
SLE,Sierra Leone,2010,8.550519861,1430.420805,0.41,,51.927,3.310700068
SLE,Sierra Leone,2011,8.596806296,1515.543448,0.416,,52.594,3.339150062
SLE,Sierra Leone,2012,8.64309273,1472.681954,0.418,,53.159,3.367600056
SLE,Sierra Leone,2013,8.689379165,1922.897166,0.436,,54.051,3.39605005
SLE,Sierra Leone,2014,8.735665599,1931.571989,0.438,,54.281,3.424500044
SLE,Sierra Leone,2015,8.781952034,1521.640535,0.432,,55.454,3.452950037
SLE,Sierra Leone,2016,8.828238468,1575.096085,0.441,,56.937,3.481400031
SLE,Sierra Leone,2017,8.874524903,1581.521292,0.445,,57.761,3.509850025
SLE,Sierra Leone,2018,8.921549732,1609.700767,0.451,,59.059,3.50654006
SLE,Sierra Leone,2019,8.968823739,1648.811048,0.455,,59.593,3.503230095
SLE,Sierra Leone,2020,9.016348244,1566.87715,0.454,,59.694,3.519227327
SLE,Sierra Leone,2021,9.064124575,1605.325349,0.458,,60.26,3.535297609
SLE,Sierra Leone,2022,9.064124575,1657.141116,0.463,,61.275,3.535297609
SLE,Sierra Leone,2023,9.064124575,1713.727772,0.467,185.0,61.786,3.535297609
SLV,El Salvador,1990,8.514767823,5833.57433,0.523,,61.981,3.730029082
SLV,El Salvador,1991,8.662059784,5845.439477,0.529,,62.542,3.848144431
SLV,El Salvador,1992,8.811899662,6195.316888,0.538,,62.944,3.970000029
SLV,El Salvador,1993,8.96173954,6461.954541,0.548,,63.998,4.095714314
SLV,El Salvador,1994,9.286313629,6722.196018,0.558,,64.47,4.221428599
SLV,El Salvador,1995,9.610887718,7009.302741,0.567,,64.903,4.347142884
SLV,El Salvador,1996,9.935461807,6991.768093,0.576,,65.48,4.472857169
SLV,El Salvador,1997,10.2600359,7102.203372,0.586,,66.248,4.598571454
SLV,El Salvador,1998,10.58460999,7245.600403,0.594,,66.655,4.724285739
SLV,El Salvador,1999,10.5519104,7271.460758,0.598,,67.285,4.850000024
SLV,El Salvador,2000,10.89731979,7343.278516,0.607,,67.711,4.975714309
SLV,El Salvador,2001,11.10416985,7368.903083,0.612,,67.965,5.101428594
SLV,El Salvador,2002,11.44435978,7423.802832,0.621,,68.526,5.227142879
SLV,El Salvador,2003,11.84412956,7468.408053,0.628,,68.792,5.352857164
SLV,El Salvador,2004,12.16205025,7515.536556,0.636,,69.295,5.478571449
SLV,El Salvador,2005,12.4198103,7711.073368,0.642,,69.336,5.604285734
SLV,El Salvador,2006,12.39274979,8105.61754,0.647,,69.612,5.730000019
SLV,El Salvador,2007,12.88368988,8248.939279,0.653,,69.82,5.630000114
SLV,El Salvador,2008,12.16687965,8447.936484,0.653,,70.138,6.03000021
SLV,El Salvador,2009,12.09626007,8152.980632,0.653,,70.359,6.130000114
SLV,El Salvador,2010,12.16615963,8321.375707,0.66,,70.909,6.340000153
SLV,El Salvador,2011,12.24773979,8594.947403,0.662,,71.192,6.210000038
SLV,El Salvador,2012,12.29899979,8713.945887,0.666,,71.42,6.369999886
SLV,El Salvador,2013,12.43801975,8830.105105,0.668,,71.225,6.429999828
SLV,El Salvador,2014,12.25903988,8942.650488,0.668,,71.144,6.526666482
SLV,El Salvador,2015,12.01471996,9109.954938,0.667,,70.952,6.623333136
SLV,El Salvador,2016,11.79246998,9258.742755,0.666,,70.908,6.71999979
SLV,El Salvador,2017,11.4868803,9406.135903,0.665,,71.007,6.829999924
SLV,El Salvador,2018,11.47990036,9614.187322,0.67,,71.384,6.970000029
SLV,El Salvador,2019,11.08769989,9908.642966,0.67,,71.725,7.110000134
SLV,El Salvador,2020,11.08368015,9052.749115,0.66,,70.244,7.150000095
SLV,El Salvador,2021,10.98976994,10087.30367,0.663,,69.941,7.200000127
SLV,El Salvador,2022,10.9520998,10309.4214,0.674,,71.969,7.250000159
SLV,El Salvador,2023,11.11291027,10594.84201,0.678,132.0,72.099,7.300000191
SMR,San Marino,1990,15.63998032,58685.12512,0.881,,77.783,8.130029919
SMR,San Marino,1991,15.63998032,58781.65848,0.881,,77.944,8.212905855
SMR,San Marino,1992,15.63998032,58466.23493,0.881,,78.133,8.296626612
SMR,San Marino,1993,15.63998032,62681.4196,0.881,,78.373,8.381200802
SMR,San Marino,1994,15.63998032,66109.67397,0.881,,78.67,8.466637125
SMR,San Marino,1995,15.63998032,71290.56253,0.881,,79.031,8.55294437
SMR,San Marino,1996,15.63998032,73803.60739,0.881,,79.332,8.640131413
SMR,San Marino,1997,15.63998032,76552.69345,0.881,,79.677,8.728207224
SMR,San Marino,1998,15.63998032,80180.77385,0.881,,79.918,8.817180862
SMR,San Marino,1999,15.63998032,84072.75608,0.881,,80.2,8.907061481
SMR,San Marino,2000,15.63998032,83845.99051,0.881,,80.504,8.997858325
SMR,San Marino,2001,15.61394656,86643.97499,0.883,,80.803,9.089580734
SMR,San Marino,2002,15.5879128,87687.27758,0.885,,81.061,9.182238144
SMR,San Marino,2003,15.56187904,90860.85613,0.888,,81.33,9.275840085
SMR,San Marino,2004,15.53584528,93037.59911,0.89,,81.592,9.370396186
SMR,San Marino,2005,15.50981152,92822.99317,0.893,,81.926,9.465916173
SMR,San Marino,2006,15.48377776,95816.78518,0.895,,82.258,9.562409872
SMR,San Marino,2007,15.457744,98641.165,0.898,,82.605,9.65988721
SMR,San Marino,2008,15.43171024,97014.11374,0.9,,82.894,9.758358212
SMR,San Marino,2009,15.42471027,81511.78399,0.903,,83.224,9.857833009
SMR,San Marino,2010,15.4177103,78469.48973,0.905,,83.464,9.958321832
SMR,San Marino,2011,15.28649998,67593.82076,0.902,,83.713,10.05983502
SMR,San Marino,2012,15.14529991,55207.14474,0.893,,83.943,10.16238301
SMR,San Marino,2013,15.08369219,56736.36826,0.896,,84.175,10.26597636
SMR,San Marino,2014,15.02233508,55802.11507,0.897,,84.394,10.37062571
SMR,San Marino,2015,14.96122756,52062.72992,0.896,,84.596,10.47634184
SMR,San Marino,2016,14.9003686,52652.43872,0.898,,84.775,10.58313563
SMR,San Marino,2017,14.83975721,57762.88107,0.903,,84.933,10.69101804
SMR,San Marino,2018,14.77939237,57484.39352,0.904,,85.095,10.80000019
SMR,San Marino,2019,14.71927308,58940.2263,0.908,,85.257,11.01499987
SMR,San Marino,2020,14.65939835,54529.25306,0.895,,82.65,11.22999954
SMR,San Marino,2021,14.59976717,59021.52319,0.903,,83.539,11.2949996
SMR,San Marino,2022,14.59976717,58043.3845,0.91,,85.708,11.35999966
SMR,San Marino,2023,14.59976717,64706.37558,0.915,29.0,85.706,11.35999966
SOM,Somalia,1990,7.486165162,964.130341,0.385,,46.896,1.899999976
SOM,Somalia,1991,7.486165162,1062.605802,0.385,,25.418,1.899999976
SOM,Somalia,1992,7.486165162,1021.662445,0.385,,25.034,1.899999976
SOM,Somalia,1993,7.486165162,1033.455325,0.385,,50.551,1.899999976
SOM,Somalia,1994,7.486165162,803.0261446,0.385,,50.303,1.899999976
SOM,Somalia,1995,7.486165162,806.6907072,0.385,,50.65,1.899999976
SOM,Somalia,1996,7.486165162,845.1514889,0.385,,50.524,1.899999976
SOM,Somalia,1997,7.486165162,826.2542755,0.385,,50.278,1.899999976
SOM,Somalia,1998,7.486165162,845.4718526,0.385,,50.755,1.899999976
SOM,Somalia,1999,7.486165162,871.9218631,0.385,,50.611,1.899999976
SOM,Somalia,2000,7.486165162,898.9140341,0.385,,50.747,1.899999976
SOM,Somalia,2001,7.486165162,926.9001502,0.385,,50.829,1.899999976
SOM,Somalia,2002,7.486165162,961.9950935,0.385,,50.82,1.899999976
SOM,Somalia,2003,7.486165162,999.0878144,0.385,,50.721,1.899999976
SOM,Somalia,2004,7.486165162,1032.795554,0.385,,50.685,1.899999976
SOM,Somalia,2005,7.486165162,1070.054786,0.385,,50.894,1.899999976
SOM,Somalia,2006,7.486165162,1106.623444,0.385,,50.915,1.899999976
SOM,Somalia,2007,7.486165162,1146.014326,0.385,,50.885,1.899999976
SOM,Somalia,2008,7.486165162,1188.634524,0.385,,51.456,1.899999976
SOM,Somalia,2009,7.486165162,1238.29684,0.385,,52.101,1.899999976
SOM,Somalia,2010,7.486165162,1290.590235,0.385,,48.9,1.899999976
SOM,Somalia,2011,7.486165162,1369.143238,0.385,,32.453,1.899999976
SOM,Somalia,2012,7.486165162,1449.593767,0.385,,49.138,1.899999976
SOM,Somalia,2013,7.486165162,1489.852855,0.385,,54.016,1.899999976
SOM,Somalia,2014,7.486165162,1489.08978,0.385,,54.442,1.899999976
SOM,Somalia,2015,7.486165162,1515.00674,0.385,,55.056,1.899999976
SOM,Somalia,2016,7.486165162,1454.953678,0.385,,55.283,1.899999976
SOM,Somalia,2017,7.486165162,1549.786399,0.385,,52.19,1.899999976
SOM,Somalia,2018,7.486165162,1528.686923,0.385,,54.767,1.899999976
SOM,Somalia,2019,7.486165162,1529.045476,0.385,,57.249,1.899999976
SOM,Somalia,2020,7.486165162,1446.458725,0.385,,57.095,1.899999976
SOM,Somalia,2021,7.486165162,1455.725946,0.385,,55.703,1.899999976
SOM,Somalia,2022,7.486165162,1454.687061,0.385,,53.931,1.899999976
SOM,Somalia,2023,7.486165162,1474.738459,0.404,192.0,58.816,1.899999976
SRB,Serbia,1990,12.34569899,8825.429718,0.686,,72.225,6.299135469
SRB,Serbia,1991,12.42590669,8825.429718,0.686,,71.938,6.435418651
SRB,Serbia,1992,12.50663548,8825.429718,0.686,,71.628,6.571701834
SRB,Serbia,1993,12.58788875,8825.429718,0.686,,71.876,6.707985016
SRB,Serbia,1994,12.66966991,8825.429718,0.686,,72.304,6.844268198
SRB,Serbia,1995,12.75198239,8825.429718,0.686,,72.726,6.980551381
SRB,Serbia,1996,12.83482963,9396.955462,0.692,,72.916,7.072463295
SRB,Serbia,1997,12.91821512,10098.20737,0.698,,72.947,7.164375208
SRB,Serbia,1998,13.00214235,10469.8534,0.699,,72.299,7.256287122
SRB,Serbia,1999,13.08661483,9519.48428,0.685,,69.994,7.348199036
SRB,Serbia,2000,13.17163612,10127.35128,0.701,,72.334,7.44011095
SRB,Serbia,2001,13.25720978,10847.72597,0.707,,72.275,7.570055379
SRB,Serbia,2002,13.02528954,11500.34859,0.711,,72.599,7.699999809
SRB,Serbia,2003,13.19624996,12006.58815,0.72,,72.722,8.123333136
SRB,Serbia,2004,13.27563,13093.97709,0.732,,72.867,8.546666463
SRB,Serbia,2005,13.54957962,13663.61883,0.743,,73.115,8.96999979
SRB,Serbia,2006,13.68780994,14310.40624,0.753,,73.395,9.393333117
SRB,Serbia,2007,13.73295021,15253.01848,0.763,,73.724,9.816666444
SRB,Serbia,2008,13.79438019,16247.56559,0.773,,73.904,10.23999977
SRB,Serbia,2009,13.80543041,16078.80353,0.774,,74.106,10.30000019
SRB,Serbia,2010,13.67858028,16161.60007,0.775,,74.376,10.36999989
SRB,Serbia,2011,14.22255039,16328.1058,0.785,,74.719,10.56999969
SRB,Serbia,2012,14.33493996,16397.50425,0.788,,75.089,10.56500006
SRB,Serbia,2013,14.48871994,16835.9376,0.792,,75.346,10.56000042
SRB,Serbia,2014,14.57013988,16659.00852,0.795,,75.478,10.72000027
SRB,Serbia,2015,14.75028992,16900.70506,0.802,,75.653,11.02000046
SRB,Serbia,2016,14.8319397,17394.71179,0.806,,75.737,11.13000011
SRB,Serbia,2017,14.95835972,17674.19731,0.808,,75.792,11.15999985
SRB,Serbia,2018,14.93354988,18842.31868,0.814,,76.036,11.26499987
SRB,Serbia,2019,14.85550976,19693.93405,0.817,,76.058,11.36999989
SRB,Serbia,2020,14.61096001,20132.23125,0.809,,74.507,11.50505687
SRB,Serbia,2021,14.60991001,21703.41622,0.807,,72.853,11.64171812
SRB,Serbia,2022,15.04216003,22577.78338,0.826,,75.478,11.64171812
SRB,Serbia,2023,15.04216003,23114.80953,0.833,62.0,76.769,11.64171812
SSD,South Sudan,1990,4.983324,1344.606229,0.42,,28.628,5.730000019
SSD,South Sudan,1991,4.983324,1344.606229,0.42,,29.185,5.730000019
SSD,South Sudan,1992,4.983324,1344.606229,0.42,,21.938,5.730000019
SSD,South Sudan,1993,4.983324,1344.606229,0.42,,22.263,5.730000019
SSD,South Sudan,1994,4.983324,1344.606229,0.42,,44.858,5.730000019
SSD,South Sudan,1995,4.983324,1344.606229,0.42,,31.51,5.730000019
SSD,South Sudan,1996,4.983324,1344.606229,0.42,,32.124,5.730000019
SSD,South Sudan,1997,4.983324,1344.606229,0.42,,33.068,5.730000019
SSD,South Sudan,1998,4.983324,1344.606229,0.42,,19.048,5.730000019
SSD,South Sudan,1999,4.983324,1344.606229,0.42,,44.537,5.730000019
SSD,South Sudan,2000,4.983324,1344.606229,0.42,,47.591,5.730000019
SSD,South Sudan,2001,4.983324,1344.606229,0.42,,48.55,5.730000019
SSD,South Sudan,2002,4.983324,1344.606229,0.42,,49.394,5.730000019
SSD,South Sudan,2003,4.983324,1344.606229,0.42,,52.324,5.730000019
SSD,South Sudan,2004,4.983324,1344.606229,0.42,,53.052,5.730000019
SSD,South Sudan,2005,4.983324,1344.606229,0.42,,53.965,5.730000019
SSD,South Sudan,2006,4.983324,1344.606229,0.42,,54.653,5.730000019
SSD,South Sudan,2007,4.983324,1344.606229,0.42,,55.425,5.730000019
SSD,South Sudan,2008,4.983324,1344.606229,0.42,,56.28,5.730000019
SSD,South Sudan,2009,4.983324,1369.7683,0.42,,56.848,5.730000019
SSD,South Sudan,2010,4.983324,1315.606067,0.42,,57.485,5.730000019
SSD,South Sudan,2011,5.113613228,1318.710902,0.422,,57.674,5.730000019
SSD,South Sudan,2012,5.243902457,715.4796485,0.389,,58.241,5.730000019
SSD,South Sudan,2013,5.374191685,719.5212735,0.391,,58.285,5.730000019
SSD,South Sudan,2014,5.504480913,712.6837014,0.343,,45.625,5.730000019
SSD,South Sudan,2015,5.634770141,735.3571186,0.317,,39.757,5.730000019
SSD,South Sudan,2016,5.634770141,698.6450071,0.297,,36.72,5.730000019
SSD,South Sudan,2017,5.634770141,739.1060484,0.292,,35.351,5.730000019
SSD,South Sudan,2018,5.634770141,728.8498839,0.371,,51.905,5.730000019
SSD,South Sudan,2019,5.634770141,838.5734482,0.403,,58.129,5.730000019
SSD,South Sudan,2020,5.634770141,791.0577924,0.398,,57.648,5.730000019
SSD,South Sudan,2021,5.634770141,759.8241311,0.393,,57.047,5.730000019
SSD,South Sudan,2022,5.634770141,701.4570353,0.388,,57.203,5.730000019
SSD,South Sudan,2023,5.634770141,688.3472771,0.388,193.0,57.617,5.730000019
STP,Sao Tome and Principe,1990,9.380213026,3246.634761,0.535,,60.707,4.099278683
STP,Sao Tome and Principe,1991,9.380213026,3138.62872,0.535,,60.792,4.149901176
STP,Sao Tome and Principe,1992,9.380213026,3101.033558,0.535,,60.706,4.201148812
STP,Sao Tome and Principe,1993,9.380213026,3062.111288,0.535,,60.618,4.253029312
STP,Sao Tome and Principe,1994,9.380213026,3093.270277,0.535,,60.552,4.30555049
STP,Sao Tome and Principe,1995,9.380213026,3067.134019,0.535,,60.536,4.358720258
STP,Sao Tome and Principe,1996,9.380213026,3123.428461,0.535,,60.576,4.412546627
STP,Sao Tome and Principe,1997,9.380213026,3088.426509,0.535,,60.648,4.467037703
STP,Sao Tome and Principe,1998,9.380213026,3080.323734,0.535,,60.785,4.522201697
STP,Sao Tome and Principe,1999,9.380213026,3201.815828,0.535,,60.976,4.578046918
STP,Sao Tome and Principe,2000,9.380213026,3228.429214,0.535,,61.207,4.634581778
STP,Sao Tome and Principe,2001,9.380213026,3426.955439,0.535,,61.5,4.691814794
STP,Sao Tome and Principe,2002,9.380213026,3420.386805,0.535,,61.826,4.749754587
STP,Sao Tome and Principe,2003,9.380213026,3623.169324,0.535,,62.158,4.808409887
STP,Sao Tome and Principe,2004,9.380213026,3656.946848,0.535,,62.56,4.867789527
STP,Sao Tome and Principe,2005,9.380213026,3845.403535,0.535,,62.434,4.927902454
STP,Sao Tome and Principe,2006,9.60411237,4286.425842,0.546,,63.041,4.988757723
STP,Sao Tome and Principe,2007,9.833356039,4354.292242,0.552,,63.336,5.050364501
STP,Sao Tome and Principe,2008,10.0680716,4461.155307,0.557,,63.448,5.112732068
STP,Sao Tome and Principe,2009,10.30838966,4460.040035,0.561,,63.669,5.175869821
STP,Sao Tome and Principe,2010,10.17840004,4652.001107,0.564,,63.867,5.239787269
STP,Sao Tome and Principe,2011,10.396595,4755.958309,0.569,,64.122,5.304494041
STP,Sao Tome and Principe,2012,10.61478996,4730.188981,0.574,,64.505,5.369999886
STP,Sao Tome and Principe,2013,11.10060501,4996.426938,0.585,,64.93,5.43797275
STP,Sao Tome and Principe,2014,11.58642006,5267.207882,0.596,,65.478,5.505945614
STP,Sao Tome and Principe,2015,12.4100399,5271.187839,0.608,,66.023,5.573918479
STP,Sao Tome and Principe,2016,12.4259358,5431.614931,0.613,,66.563,5.641891343
STP,Sao Tome and Principe,2017,12.44183169,5518.049862,0.617,,67.074,5.709864208
STP,Sao Tome and Principe,2018,12.45772759,5611.809062,0.621,,67.602,5.777837072
STP,Sao Tome and Principe,2019,12.47362348,5625.179042,0.625,,68.043,5.845809937
STP,Sao Tome and Principe,2020,12.6637182,5771.726348,0.628,,67.979,5.916260045
STP,Sao Tome and Principe,2021,12.8567099,5732.939846,0.631,,68.026,5.987559175
STP,Sao Tome and Principe,2022,12.8567099,5673.382688,0.636,,69.237,5.987559175
STP,Sao Tome and Principe,2023,12.8567099,5583.423335,0.637,141.0,69.718,5.987559175
SUR,Suriname,1990,10.76805019,15390.77153,0.679,,62.088,7.739999771
SUR,Suriname,1991,10.80250605,16132.46339,0.679,,62.151,7.739999771
SUR,Suriname,1992,10.83696191,15299.8644,0.679,,62.246,7.739999771
SUR,Suriname,1993,10.87141776,13071.74519,0.679,,62.382,7.739999771
SUR,Suriname,1994,10.90587362,15107.71781,0.679,,62.542,7.739999771
SUR,Suriname,1995,10.94032947,14784.96588,0.679,,62.779,7.739999771
SUR,Suriname,1996,10.97478533,14872.6141,0.679,,63.079,7.739999771
SUR,Suriname,1997,11.00924118,15060.62926,0.679,,63.385,7.739999771
SUR,Suriname,1998,11.04369704,15334.25059,0.679,,63.706,7.739999771
SUR,Suriname,1999,11.07815289,14593.45111,0.679,,64.035,7.739999771
SUR,Suriname,2000,11.11260875,14550.30248,0.679,,64.409,7.739999771
SUR,Suriname,2001,11.14706461,13647.42298,0.679,,64.82,7.739999771
SUR,Suriname,2002,11.18152046,15129.34732,0.679,,65.274,7.739999771
SUR,Suriname,2003,11.16981411,15781.90354,0.679,,65.778,7.739999771
SUR,Suriname,2004,11.15810776,16812.59887,0.679,,66.362,7.739999771
SUR,Suriname,2005,11.14640141,17554.27709,0.685,,66.997,7.780431952
SUR,Suriname,2006,11.13469505,18317.77194,0.69,,67.643,7.820864132
SUR,Suriname,2007,11.1229887,19477.6268,0.697,,68.307,7.861296313
SUR,Suriname,2008,11.11128235,20112.72232,0.701,,68.873,7.901728494
SUR,Suriname,2009,11.099576,20385.82672,0.704,,69.323,7.942160675
SUR,Suriname,2010,11.08786964,20645.79062,0.707,,69.626,7.982592855
SUR,Suriname,2011,11.07616329,20811.62544,0.708,,69.82,8.023025036
SUR,Suriname,2012,11.06445694,21601.97749,0.711,,69.957,8.063457217
SUR,Suriname,2013,11.05275059,22290.62476,0.714,,70.11,8.103889397
SUR,Suriname,2014,11.04104424,22378.27258,0.715,,70.33,8.144321578
SUR,Suriname,2015,11.02933788,23150.32814,0.718,,70.567,8.184753759
SUR,Suriname,2016,11.01763153,20727.42993,0.716,,70.979,8.225185939
SUR,Suriname,2017,11.00592518,19531.2253,0.715,,71.247,8.26561812
SUR,Suriname,2018,10.99421883,20592.25848,0.719,,71.468,8.306050301
SUR,Suriname,2019,10.98251247,20620.83465,0.72,,71.773,8.347083681
SUR,Suriname,2020,10.97080612,16850.16436,0.714,,72.321,8.388319775
SUR,Suriname,2021,10.95909977,16093.57763,0.697,,68.943,8.429759582
SUR,Suriname,2022,10.95909977,17045.33069,0.719,,73.254,8.429759582
SUR,Suriname,2023,10.95909977,17344.38691,0.722,114.0,73.631,8.429759582
SVK,Slovakia,1990,11.45825015,19518.73697,0.698,,70.819,6.862864605
SVK,Slovakia,1991,11.58051417,16557.23585,0.697,,70.921,7.159999847
SVK,Slovakia,1992,11.7040828,15411.02595,0.702,,71.365,7.469999886
SVK,Slovakia,1993,11.82896996,15500.40491,0.71,,71.88,7.779999924
SVK,Slovakia,1994,11.9551897,16418.65203,0.72,,72.329,8.089999962
SVK,Slovakia,1995,12.14776039,17645.07599,0.729,,72.254,8.4
SVK,Slovakia,1996,12.36956024,18338.76092,0.74,,72.739,8.710000038
SVK,Slovakia,1997,12.45487976,19501.08948,0.747,,72.689,9.020000076
SVK,Slovakia,1998,12.99370003,20073.69872,0.758,,72.573,9.330000114
SVK,Slovakia,1999,13.15174007,19810.37584,0.765,,72.963,9.640000153
SVK,Slovakia,2000,13.4864502,20415.60917,0.774,,73.139,9.950000191
SVK,Slovakia,2001,13.4614296,21083.93911,0.781,,73.571,10.26000023
SVK,Slovakia,2002,13.75111961,21979.21792,0.79,,73.765,10.48400021
SVK,Slovakia,2003,14.04012012,22102.01339,0.796,,73.819,10.70800018
SVK,Slovakia,2004,14.29823017,23479.30251,0.806,,74.217,10.93200016
SVK,Slovakia,2005,14.57946014,25374.97499,0.815,,74.156,11.15600014
SVK,Slovakia,2006,14.78446007,27150.40875,0.824,,74.416,11.38000011
SVK,Slovakia,2007,15.03610992,29798.5969,0.834,,74.495,11.60400009
SVK,Slovakia,2008,15.14704037,31358.96733,0.842,,74.864,11.82800007
SVK,Slovakia,2009,15.2132597,29723.99036,0.845,,75.218,12.05200005
SVK,Slovakia,2010,15.26029968,31002.1909,0.851,,75.496,12.27600002
SVK,Slovakia,2011,15.20849037,31004.74337,0.856,,76.018,12.5
SVK,Slovakia,2012,15.15810966,31580.78883,0.856,,76.176,12.38000011
SVK,Slovakia,2013,15.11940002,31864.28737,0.858,,76.514,12.43999958
SVK,Slovakia,2014,14.98192978,32526.34348,0.859,,76.848,12.43999958
SVK,Slovakia,2015,14.8499403,33624.94727,0.861,,76.65,12.64000034
SVK,Slovakia,2016,14.67245007,34031.11893,0.864,,77.216,12.71000004
SVK,Slovakia,2017,14.59996986,35101.73802,0.865,,77.22,12.77000046
SVK,Slovakia,2018,14.54144001,36342.58695,0.868,,77.265,12.86999989
SVK,Slovakia,2019,14.5240097,36805.13301,0.871,,77.686,12.90999985
SVK,Slovakia,2020,14.56892014,35964.55827,0.867,,76.864,13.00624316
SVK,Slovakia,2021,14.72154999,36696.12122,0.859,,74.59,13.10320397
SVK,Slovakia,2022,14.94684982,36462.09724,0.873,,77.036,13.10320397
SVK,Slovakia,2023,14.94684982,36792.98874,0.88,44.0,78.341,13.10320397
SVN,Slovenia,1990,12.0217104,25958.82668,0.734,,73.465,7.191773668
SVN,Slovenia,1991,12.12808037,23637.1049,0.736,,73.475,7.510000229
SVN,Slovenia,1992,12.38166046,22371.43264,0.741,,73.419,7.842307898
SVN,Slovenia,1993,12.29267979,23051.03531,0.746,,73.584,8.174615567
SVN,Slovenia,1994,12.43846989,24299.6074,0.756,,73.906,8.506923235
SVN,Slovenia,1995,12.66938972,25358.8722,0.768,,74.419,8.839230904
SVN,Slovenia,1996,12.86124992,26312.99454,0.778,,74.797,9.171538573
SVN,Slovenia,1997,13.2104702,27651.93786,0.789,,74.989,9.503846242
SVN,Slovenia,1998,13.80179977,28745.41196,0.802,,75.139,9.836153911
SVN,Slovenia,1999,14.70131969,30364.00958,0.82,,75.454,10.16846158
SVN,Slovenia,2000,14.97756004,30802.76187,0.829,,75.83,10.50076925
SVN,Slovenia,2001,15.79201031,32084.95285,0.845,,76.181,10.83307692
SVN,Slovenia,2002,16.24087906,33229.76218,0.855,,76.316,11.16538459
SVN,Slovenia,2003,16.69790077,34241.42047,0.865,,76.317,11.49769225
SVN,Slovenia,2004,16.38866043,35363.89989,0.87,,76.932,11.82999992
SVN,Slovenia,2005,16.74777985,36345.33753,0.876,,77.503,11.68000031
SVN,Slovenia,2006,16.89109039,38056.64238,0.883,,77.82,11.81000042
SVN,Slovenia,2007,16.93288994,40320.34964,0.888,,78.285,11.75
SVN,Slovenia,2008,17.0559597,41196.02724,0.894,,78.595,11.90999985
SVN,Slovenia,2009,16.99419022,38871.58883,0.894,,79.027,12.02999973
SVN,Slovenia,2010,17.08004951,38394.86093,0.896,,79.301,12.06000042
SVN,Slovenia,2011,16.93592072,38288.46284,0.897,,79.588,12.21000004
SVN,Slovenia,2012,16.95046997,36848.80871,0.897,,79.765,12.27999973
SVN,Slovenia,2013,17.68330956,36681.73715,0.907,,80.088,12.38000011
SVN,Slovenia,2014,17.34629059,38094.48837,0.907,,80.252,12.43000031
SVN,Slovenia,2015,17.27178001,38384.64805,0.909,,80.499,12.56999969
SVN,Slovenia,2016,17.45750046,39975.38415,0.914,,80.512,12.67000008
SVN,Slovenia,2017,17.47266006,42032.46376,0.918,,80.616,12.69999981
SVN,Slovenia,2018,17.44425964,43877.29027,0.922,,80.861,12.75
SVN,Slovenia,2019,17.32518959,45191.69477,0.923,,81.007,12.80000019
SVN,Slovenia,2020,17.26226997,43555.1045,0.918,,80.364,12.8753791
SVN,Slovenia,2021,17.40657997,45942.15332,0.924,,80.434,12.95120192
SVN,Slovenia,2022,17.47717094,45469.65548,0.926,,80.793,12.95120192
SVN,Slovenia,2023,17.47717094,46360.80779,0.931,21.0,81.603,12.95120192
SWE,Sweden,1990,12.94981956,41336.95246,0.818,,77.589,9.550000191
SWE,Sweden,1991,13.11555004,40403.58435,0.821,,77.728,9.710000038
SWE,Sweden,1992,13.40452003,39142.71244,0.829,,78.071,10.02000046
SWE,Sweden,1993,15.38564968,37400.77317,0.85,,78.136,10.21000004
SWE,Sweden,1994,15.79784012,39320.39875,0.862,,78.747,10.35999966
SWE,Sweden,1995,16.10770035,41244.06256,0.869,,78.822,10.52999973
SWE,Sweden,1996,16.5232296,41627.22445,0.877,,79.045,10.71333313
SWE,Sweden,1997,17.15633011,42754.71254,0.888,,79.272,10.89666653
SWE,Sweden,1998,18.52182007,44695.7516,0.901,,79.416,11.07999992
SWE,Sweden,1999,18.8115406,46932.64355,0.906,,79.508,11.26333332
SWE,Sweden,2000,18.69342995,48894.8444,0.912,,79.739,11.44666672
SWE,Sweden,2001,18.68438911,49212.95626,0.915,,79.836,11.63000011
SWE,Sweden,2002,18.55690002,49727.46417,0.918,,79.935,11.81333351
SWE,Sweden,2003,18.55674934,51186.98051,0.923,,80.195,11.99666691
SWE,Sweden,2004,16.02107048,52354.69549,0.908,,80.546,12.18000031
SWE,Sweden,2005,16.00225067,53720.85716,0.911,,80.621,12.26000023
SWE,Sweden,2006,15.96051025,56686.58393,0.915,,80.832,12.32999992
SWE,Sweden,2007,15.81301022,58774.11346,0.917,,80.97,12.39999962
SWE,Sweden,2008,15.79736996,58257.25418,0.913,,81.137,12.06999969
SWE,Sweden,2009,15.79718018,54867.79949,0.912,,81.363,12.14000034
SWE,Sweden,2010,15.98805046,57709.76654,0.918,,81.519,12.21000004
SWE,Sweden,2011,15.87300014,58475.54954,0.92,,81.758,12.27999973
SWE,Sweden,2012,15.91219044,57780.03468,0.92,,81.73,12.34000015
SWE,Sweden,2013,18.18398094,57907.25596,0.94,,81.935,12.22999954
SWE,Sweden,2014,18.09351921,58807.67134,0.943,,82.224,12.28999996
SWE,Sweden,2015,18.32088089,60213.74528,0.945,,82.184,12.35000038
SWE,Sweden,2016,18.42341995,60589.38449,0.947,,82.339,12.40999985
SWE,Sweden,2017,18.86420059,61796.46892,0.949,,82.438,12.48999977
SWE,Sweden,2018,18.89518929,62074.86903,0.95,,82.532,12.54999971
SWE,Sweden,2019,18.52235985,63446.80087,0.955,,83.052,12.60999966
SWE,Sweden,2020,18.65209007,62091.82621,0.951,,82.427,12.67499519
SWE,Sweden,2021,19.03676987,66039.56372,0.958,,83.02,12.74032574
SWE,Sweden,2022,18.99147034,67099.33899,0.959,,83.046,12.74032574
SWE,Sweden,2023,18.99147034,66102.08595,0.959,5.0,83.262,12.74032574
SWZ,Eswatini (Kingdom of),1990,9.644469458,5808.114894,0.57,,61.167,6.29047933
SWZ,Eswatini (Kingdom of),1991,9.572581933,5716.568876,0.565,,60.392,6.258665412
SWZ,Eswatini (Kingdom of),1992,9.50123024,5699.137574,0.558,,59.284,6.226851493
SWZ,Eswatini (Kingdom of),1993,9.430410385,5548.605472,0.55,,58.092,6.195037575
SWZ,Eswatini (Kingdom of),1994,9.520150185,5424.244511,0.543,,56.643,6.163223657
SWZ,Eswatini (Kingdom of),1995,9.609889984,6025.510933,0.54,,55.08,6.131409738
SWZ,Eswatini (Kingdom of),1996,9.699629784,6309.567337,0.532,,53.296,6.021507111
SWZ,Eswatini (Kingdom of),1997,9.702963193,6393.902313,0.523,,51.699,5.911604483
SWZ,Eswatini (Kingdom of),1998,9.706296603,6207.043799,0.511,,50.066,5.801701856
SWZ,Eswatini (Kingdom of),1999,9.709630013,6411.40308,0.504,,48.808,5.691799229
SWZ,Eswatini (Kingdom of),2000,9.558130264,6252.723077,0.493,,47.627,5.581896601
SWZ,Eswatini (Kingdom of),2001,9.475719929,6558.878255,0.484,,46.344,5.37076787
SWZ,Eswatini (Kingdom of),2002,9.393309593,6354.02757,0.473,,45.38,5.159639138
SWZ,Eswatini (Kingdom of),2003,9.7072649,6402.012144,0.469,,44.632,4.948510407
SWZ,Eswatini (Kingdom of),2004,10.02122021,6734.353973,0.467,,43.906,4.737381675
SWZ,Eswatini (Kingdom of),2005,10.31523991,7516.025777,0.472,,43.958,4.526252943
SWZ,Eswatini (Kingdom of),2006,10.95755959,7508.384562,0.485,,44.563,4.783656466
SWZ,Eswatini (Kingdom of),2007,11.26955566,7856.134943,0.497,,45.16,5.041059988
SWZ,Eswatini (Kingdom of),2008,11.58155174,7770.676901,0.507,,45.853,5.29846351
SWZ,Eswatini (Kingdom of),2009,11.89354782,7699.950735,0.519,,46.913,5.555867032
SWZ,Eswatini (Kingdom of),2010,12.2055439,7711.573525,0.534,,48.331,5.813270554
SWZ,Eswatini (Kingdom of),2011,12.51753998,7769.564694,0.545,,49.057,6.114056692
SWZ,Eswatini (Kingdom of),2012,12.69502497,8097.134315,0.562,,50.714,6.41484283
SWZ,Eswatini (Kingdom of),2013,12.87250996,8554.221007,0.578,,52.11,6.715628968
SWZ,Eswatini (Kingdom of),2014,13.1477058,8576.052997,0.592,,53.491,7.016415106
SWZ,Eswatini (Kingdom of),2015,13.42878494,8731.244315,0.607,,54.941,7.317201244
SWZ,Eswatini (Kingdom of),2016,13.71587316,8613.618165,0.619,,56.228,7.510976929
SWZ,Eswatini (Kingdom of),2017,14.0090989,8599.294156,0.631,,57.574,7.704752614
SWZ,Eswatini (Kingdom of),2018,14.3085934,8696.537871,0.643,,58.707,7.898528299
SWZ,Eswatini (Kingdom of),2019,14.61449065,8473.949717,0.653,,59.85,8.092303985
SWZ,Eswatini (Kingdom of),2020,14.92692756,8361.686315,0.657,,59.862,8.28607967
SWZ,Eswatini (Kingdom of),2021,15.24604391,9440.039984,0.658,,58.228,8.485639704
SWZ,Eswatini (Kingdom of),2022,15.24604391,11034.70789,0.695,,63.028,8.685199738
SWZ,Eswatini (Kingdom of),2023,15.24604391,9919.08523,0.695,126.0,64.123,8.685199738
SYC,Seychelles,1990,11.19475894,15030.8032,0.758,,70.17,10.27393787
SYC,Seychelles,1991,11.19475894,15342.88381,0.758,,70.263,10.27393787
SYC,Seychelles,1992,11.19475894,16485.27161,0.758,,70.346,10.27393787
SYC,Seychelles,1993,11.19475894,17300.25944,0.758,,70.415,10.27393787
SYC,Seychelles,1994,11.19475894,16670.84794,0.758,,70.504,10.27393787
SYC,Seychelles,1995,11.19475894,16027.25787,0.758,,70.634,10.27393787
SYC,Seychelles,1996,11.19475894,17521.25943,0.758,,70.795,10.27393787
SYC,Seychelles,1997,11.19475894,19580.73999,0.758,,70.759,10.27393787
SYC,Seychelles,1998,11.19475894,19435.83545,0.758,,71.092,10.27393787
SYC,Seychelles,1999,11.19475894,19311.87447,0.758,,71.208,10.27393787
SYC,Seychelles,2000,11.19475894,19729.32945,0.758,,71.313,10.27393787
SYC,Seychelles,2001,11.19475894,19710.11814,0.758,,71.429,10.32185713
SYC,Seychelles,2002,11.19475894,18050.76137,0.758,,71.546,10.36999989
SYC,Seychelles,2003,11.19475894,17831.67397,0.758,,71.684,10.41882048
SYC,Seychelles,2004,11.19475894,18638.66589,0.758,,71.707,10.46764108
SYC,Seychelles,2005,11.19475894,20212.54883,0.758,,71.921,10.51646167
SYC,Seychelles,2006,11.19475894,21648.58248,0.758,,72.047,10.56528227
SYC,Seychelles,2007,11.19475894,21691.26639,0.758,,72.162,10.61410286
SYC,Seychelles,2008,11.19475894,20320.90982,0.758,,72.323,10.66292346
SYC,Seychelles,2009,11.19475894,20066.32212,0.758,,72.414,10.71174405
SYC,Seychelles,2010,11.19475894,20608.45434,0.758,,72.477,10.76056465
SYC,Seychelles,2011,12.07450962,22810.14696,0.772,,72.506,10.80938524
SYC,Seychelles,2012,14.0287199,24954.83175,0.797,,72.491,10.85820584
SYC,Seychelles,2013,14.36818027,23339.89641,0.797,,72.428,10.90702643
SYC,Seychelles,2014,16.03841019,23887.28378,0.814,,72.355,10.95584703
SYC,Seychelles,2015,16.14831924,25598.97436,0.819,,72.285,11.00466762
SYC,Seychelles,2016,17.50135994,28024.55248,0.836,,72.246,11.05348822
SYC,Seychelles,2017,19.69411087,29627.68059,0.844,,72.232,11.10230881
SYC,Seychelles,2018,19.19938087,31385.39788,0.847,,72.176,11.15112941
SYC,Seychelles,2019,18.67684937,33095.3205,0.85,,72.123,11.19995
SYC,Seychelles,2020,17.85103989,29041.74858,0.853,,74.091,11.19995
SYC,Seychelles,2021,18.22489929,28723.19962,0.838,,71.22,11.19995
SYC,Seychelles,2022,18.22489929,27682.19433,0.836,,71.248,11.19995
SYC,Seychelles,2023,18.22489929,29195.03792,0.848,54.0,72.862,11.19995
SYR,Syrian Arab Republic,1990,10.29174995,5045.358961,0.572,,69.83,3.782856583
SYR,Syrian Arab Republic,1991,10.33014965,5263.466669,0.577,,70.075,3.880048364
SYR,Syrian Arab Republic,1992,10.17481041,5817.25838,0.582,,70.243,3.977240145
SYR,Syrian Arab Republic,1993,10.0685997,5952.1899,0.583,,70.309,4.074431926
SYR,Syrian Arab Republic,1994,9.92553997,6455.217031,0.587,,70.296,4.171623707
SYR,Syrian Arab Republic,1995,9.720040321,6718.50624,0.587,,70.209,4.268815489
SYR,Syrian Arab Republic,1996,9.778423173,7027.972499,0.59,,70.156,4.287872701
SYR,Syrian Arab Republic,1997,9.836806025,7352.207336,0.593,,70.158,4.306929913
SYR,Syrian Arab Republic,1998,9.895188877,7488.744099,0.595,,70.237,4.325987125
SYR,Syrian Arab Republic,1999,9.953571728,7058.869412,0.595,,70.507,4.345044337
SYR,Syrian Arab Republic,2000,10.01195458,6535.984242,0.594,,70.856,4.364101549
SYR,Syrian Arab Republic,2001,10.07033743,6959.193243,0.602,,71.296,4.547050784
SYR,Syrian Arab Republic,2002,10.12872028,7322.733521,0.61,,71.742,4.730000019
SYR,Syrian Arab Republic,2003,10.47317982,7226.210564,0.621,,72.188,5.106000042
SYR,Syrian Arab Republic,2004,10.85873032,7567.835218,0.635,,72.494,5.482000065
SYR,Syrian Arab Republic,2005,11.33917046,7434.965751,0.646,,72.797,5.858000088
SYR,Syrian Arab Republic,2006,11.53658962,7958.754195,0.658,,73.04,6.234000111
SYR,Syrian Arab Republic,2007,11.58475018,7995.006525,0.665,,73.256,6.610000134
SYR,Syrian Arab Republic,2008,11.61194992,8029.915923,0.66,,73.368,6.190000057
SYR,Syrian Arab Republic,2009,11.72797966,8395.931001,0.668,,73.496,6.489999771
SYR,Syrian Arab Republic,2010,11.89066982,8223.771113,0.669,,73.542,6.433757398
SYR,Syrian Arab Republic,2011,12.01360035,8288.028628,0.664,,72.259,6.378002421
SYR,Syrian Arab Republic,2012,12.25677013,6323.824237,0.626,,66.206,6.322730617
SYR,Syrian Arab Republic,2013,8.396719933,5048.840907,0.567,,65.146,6.267937799
SYR,Syrian Arab Republic,2014,8.201308333,4696.947722,0.561,,65.492,6.213619816
SYR,Syrian Arab Republic,2015,8.005896733,4700.312222,0.549,,63.265,6.159301833
SYR,Syrian Arab Republic,2016,7.810485134,4522.805413,0.552,,65.19,6.10498385
SYR,Syrian Arab Republic,2017,7.615073534,4554.686373,0.551,,65.651,6.050665866
SYR,Syrian Arab Republic,2018,7.549633865,4601.638836,0.557,,67.371,5.996347883
SYR,Syrian Arab Republic,2019,7.484194196,4542.176748,0.569,,70.97,5.976071943
SYR,Syrian Arab Republic,2020,7.418754527,4440.318654,0.57,,71.944,5.955796003
SYR,Syrian Arab Republic,2021,7.418754527,4425.992519,0.571,,72.418,5.935520062
SYR,Syrian Arab Republic,2022,7.418754527,4303.100558,0.571,,72.79,5.935520062
SYR,Syrian Arab Republic,2023,7.418754527,3917.702385,0.564,162.0,72.12,5.935520062
TCD,Chad,1990,2.534906066,1251.535184,0.303,,45.074,1.280210316
TCD,Chad,1991,2.705789648,1325.44017,0.303,,46.596,1.280210316
TCD,Chad,1992,2.888192867,1377.425582,0.303,,46.777,1.280210316
TCD,Chad,1993,3.082892287,1093.031459,0.303,,47.002,1.280210316
TCD,Chad,1994,3.290716823,1210.670102,0.303,,47.08,1.280210316
TCD,Chad,1995,3.512551267,1177.276687,0.303,,47.453,1.280210316
TCD,Chad,1996,3.749340057,1147.427156,0.303,,47.551,1.280210316
TCD,Chad,1997,4.067180157,1165.550775,0.303,,47.762,1.280210316
TCD,Chad,1998,4.540239811,1219.558151,0.303,,47.802,1.280210316
TCD,Chad,1999,4.717639923,1168.929633,0.303,,47.934,1.280210316
TCD,Chad,2000,4.895040035,1104.501299,0.303,,47.937,1.280210316
TCD,Chad,2001,5.185319901,1191.611101,0.313,,48.306,1.330157742
TCD,Chad,2002,5.484519958,1223.177047,0.32,,48.36,1.380105167
TCD,Chad,2003,5.634170055,1110.668744,0.32,,48.609,1.430052593
TCD,Chad,2004,5.705689907,1612.828936,0.338,,48.687,1.480000019
TCD,Chad,2005,5.545400143,1705.767757,0.339,,48.86,1.536000013
TCD,Chad,2006,5.810443401,1516.841226,0.339,,48.747,1.592000008
TCD,Chad,2007,6.07548666,1681.455418,0.35,,49.21,1.648000002
TCD,Chad,2008,6.340529919,1623.819763,0.354,,49.503,1.703999996
TCD,Chad,2009,6.76913023,1873.226074,0.369,,49.828,1.75999999
TCD,Chad,2010,6.771590233,2075.342435,0.375,,50.107,1.807276988
TCD,Chad,2011,7.39041996,2021.690887,0.384,,50.426,1.854553986
TCD,Chad,2012,7.583830039,2128.478882,0.391,,50.765,1.901830983
TCD,Chad,2013,7.777240117,2120.518238,0.396,,51.051,1.949107981
TCD,Chad,2014,7.970650196,2194.523021,0.401,,51.141,1.996384978
TCD,Chad,2015,7.421199799,2226.968761,0.396,,51.32,2.043661976
TCD,Chad,2016,7.568130703,2044.889101,0.396,,51.603,2.090938973
TCD,Chad,2017,7.717970663,1928.856205,0.397,,51.875,2.138215971
TCD,Chad,2018,7.870777277,1905.664562,0.402,,52.447,2.185492969
TCD,Chad,2019,8.026609279,1902.529287,0.406,,52.993,2.232769966
TCD,Chad,2020,8.185526568,1818.425356,0.408,,53.082,2.283305529
TCD,Chad,2021,8.347590231,1738.274332,0.408,,53.136,2.334984892
TCD,Chad,2022,8.347590231,1728.910163,0.414,,54.528,2.334984892
TCD,Chad,2023,8.347590231,1748.000992,0.416,190.0,55.069,2.334984892
TGO,Togo,1990,7.330160141,2210.76576,0.412,,54.557,2.317076507
TGO,Togo,1991,7.685070038,2136.167964,0.415,,54.255,2.40077024
TGO,Togo,1992,7.212769985,1994.495429,0.406,,54.077,2.484463973
TGO,Togo,1993,7.488199949,1730.827054,0.404,,53.852,2.568157707
TGO,Togo,1994,7.763629913,1923.381881,0.413,,53.707,2.65185144
TGO,Togo,1995,8.474849701,2007.53867,0.425,,53.692,2.735545173
TGO,Togo,1996,8.817979813,2109.141899,0.433,,53.817,2.805289951
TGO,Togo,1997,8.984359741,2335.540761,0.441,,53.845,2.875034729
TGO,Togo,1998,9.15073967,2220.384988,0.442,,53.956,2.944779507
TGO,Togo,1999,9.317119598,2196.376829,0.446,,54.31,3.014524284
TGO,Togo,2000,9.483499527,2125.387679,0.448,,54.577,3.084269062
TGO,Togo,2001,9.763460159,2085.478569,0.452,,54.746,3.123016161
TGO,Togo,2002,9.872050285,2119.174601,0.455,,55.032,3.16176326
TGO,Togo,2003,9.980640411,2205.606483,0.46,,55.299,3.200510359
TGO,Togo,2004,10.07437992,2121.873257,0.461,,55.594,3.239257457
TGO,Togo,2005,10.11639977,1971.507784,0.46,,55.916,3.278004556
TGO,Togo,2006,10.50580025,1966.544223,0.465,,56.142,3.293503396
TGO,Togo,2007,9.94299984,1892.887285,0.458,,56.382,3.309002235
TGO,Togo,2008,10.41026235,1922.04909,0.465,,56.651,3.324501075
TGO,Togo,2009,10.87752485,1969.088544,0.473,,56.927,3.339999914
TGO,Togo,2010,11.34478736,2027.707769,0.483,,57.227,3.49000001
TGO,Togo,2011,11.81204987,2189.11771,0.495,,57.612,3.640000105
TGO,Togo,2012,11.93809986,2177.144149,0.5,,57.94,3.843096773
TGO,Togo,2013,12.06414986,2252.590618,0.507,,58.345,4.046193441
TGO,Togo,2014,12.19019985,2326.997309,0.514,,58.766,4.249290109
TGO,Togo,2015,12.31624985,2431.104266,0.523,,59.22,4.452386777
TGO,Togo,2016,12.44229984,2433.194543,0.528,,59.669,4.655483445
TGO,Togo,2017,12.56834984,2453.335198,0.534,,60.135,4.858580112
TGO,Togo,2018,12.69833781,2513.970798,0.542,,60.601,5.091867333
TGO,Togo,2019,12.82967018,2575.953638,0.549,,61.055,5.336355959
TGO,Togo,2020,12.96236085,2571.6767,0.554,,61.123,5.592583833
TGO,Togo,2021,13.09642387,2652.743598,0.56,,61.328,5.861114619
TGO,Togo,2022,13.09642387,2747.706475,0.567,,62.29,5.861114619
TGO,Togo,2023,13.09642387,2855.963828,0.571,161.0,62.739,5.861114619
THA,Thailand,1990,8.760849953,8478.666966,0.584,,68.924,4.5103041
THA,Thailand,1991,9.050733248,9036.230222,0.593,,69.132,4.628066609
THA,Thailand,1992,9.340616544,9683.918509,0.603,,69.353,4.745829119
THA,Thailand,1993,9.63049984,10379.6032,0.612,,69.568,4.863591628
THA,Thailand,1994,9.848629951,11034.12082,0.62,,69.661,4.981354137
THA,Thailand,1995,10.06676006,11743.09036,0.628,,69.757,5.099116646
THA,Thailand,1996,10.24217987,12163.60971,0.634,,69.94,5.212168655
THA,Thailand,1997,10.46321011,11616.71863,0.639,,70.362,5.325220664
THA,Thailand,1998,10.87125969,10492.31097,0.642,,70.703,5.438272672
THA,Thailand,1999,11.09787655,10927.21007,0.65,,70.979,5.551324681
THA,Thailand,2000,11.32449341,11413.04888,0.657,,71.205,5.66437669
THA,Thailand,2001,11.55111027,11588.47307,0.667,,71.52,6.04828247
THA,Thailand,2002,11.75627041,12093.1643,0.678,,71.775,6.43218825
THA,Thailand,2003,11.94032526,12766.23037,0.69,,72.101,6.816094029
THA,Thailand,2004,12.12438011,13411.98519,0.699,,72.1,7.199999809
THA,Thailand,2005,12.51091003,13833.78228,0.707,,72.894,7.0849998
THA,Thailand,2006,12.52921009,14516.53611,0.71,,73.341,6.96999979
THA,Thailand,2007,12.90353012,15233.15706,0.721,,73.779,7.129999876
THA,Thailand,2008,12.72402,15338.66991,0.723,,74.221,7.289999962
THA,Thailand,2009,12.61021042,15143.04318,0.725,,74.669,7.450000048
THA,Thailand,2010,13.53878021,16057.18955,0.742,,75.012,7.610000134
THA,Thailand,2011,13.67677975,16390.21862,0.747,,75.302,7.710000038
THA,Thailand,2012,13.4924202,17080.31813,0.75,,75.59,7.809999943
THA,Thailand,2013,13.41460037,17105.91345,0.752,,75.96,7.909999847
THA,Thailand,2014,16.06522942,17411.83749,0.784,,76.279,8.046666463
THA,Thailand,2015,16.04120445,17872.37665,0.788,,76.563,8.183333079
THA,Thailand,2016,16.01717949,18492.58271,0.792,,76.769,8.319999695
THA,Thailand,2017,15.8804996,19227.64409,0.794,,76.989,8.34499979
THA,Thailand,2018,15.74381971,19905.1853,0.796,,77.19,8.369999886
THA,Thailand,2019,15.60713983,20530.9818,0.8,,77.197,8.699999809
THA,Thailand,2020,15.47045994,19548.52951,0.798,,77.331,8.813333193
THA,Thailand,2021,15.35883492,19576.49728,0.8,,77.606,8.926666578
THA,Thailand,2022,15.35883492,20180.50927,0.792,,75.291,9.039999962
THA,Thailand,2023,15.35883492,20569.90176,0.798,76.0,76.412,9.039999962
TJK,Tajikistan,1990,11.81420321,2425.461202,0.549,,61.636,9.302970461
TJK,Tajikistan,1991,11.68820953,2425.461202,0.549,,61.679,9.495445712
TJK,Tajikistan,1992,11.56355953,2425.461202,0.549,,57.085,9.687920963
TJK,Tajikistan,1993,10.82005024,2425.461202,0.549,,55.512,9.880396214
TJK,Tajikistan,1994,10.10999012,1513.266304,0.538,,60.093,10.07287147
TJK,Tajikistan,1995,10.06548023,1549.539156,0.547,,61.389,10.26534672
TJK,Tajikistan,1996,9.887817621,1227.80759,0.528,,60.806,10.37227741
TJK,Tajikistan,1997,9.71015501,1284.738034,0.536,,61.928,10.47920811
TJK,Tajikistan,1998,9.532492399,1351.154953,0.541,,62.404,10.5861388
TJK,Tajikistan,1999,9.354829788,1393.510296,0.546,,63.114,10.6930695
TJK,Tajikistan,2000,9.621109962,1462.279907,0.554,,63.542,10.80000019
TJK,Tajikistan,2001,9.737389565,1572.536047,0.563,,64.197,10.83647077
TJK,Tajikistan,2002,9.945440292,1726.691149,0.575,,64.898,10.87294135
TJK,Tajikistan,2003,10.30994034,1861.940671,0.587,,65.874,10.90941194
TJK,Tajikistan,2004,10.42245007,2048.575351,0.598,,66.604,10.94588252
TJK,Tajikistan,2005,10.62835026,2411.935433,0.611,,66.531,10.9823531
TJK,Tajikistan,2006,10.77460003,2641.667805,0.62,,66.997,11.01882368
TJK,Tajikistan,2007,10.75119972,2781.028338,0.625,,67.405,11.05529426
TJK,Tajikistan,2008,10.99670029,2951.552287,0.634,,67.924,11.09176484
TJK,Tajikistan,2009,10.9805603,2897.551086,0.634,,68.248,11.12823542
TJK,Tajikistan,2010,10.96275997,3063.66612,0.639,,68.37,11.16470601
TJK,Tajikistan,2011,10.91279984,3248.374239,0.644,,68.698,11.20117659
TJK,Tajikistan,2012,10.91277981,3413.590148,0.649,,69.13,11.23764717
TJK,Tajikistan,2013,10.93988037,3615.500458,0.655,,69.579,11.27411775
TJK,Tajikistan,2014,10.92858056,3676.139831,0.657,,69.697,11.31058833
TJK,Tajikistan,2015,10.91729242,3712.279528,0.658,,69.665,11.34705891
TJK,Tajikistan,2016,10.90601594,3830.427083,0.661,,69.982,11.38352949
TJK,Tajikistan,2017,10.89475111,4003.938026,0.666,,70.524,11.42000008
TJK,Tajikistan,2018,10.88349791,4222.965095,0.67,,70.737,11.3761613
TJK,Tajikistan,2019,10.87225634,4437.216499,0.673,,70.962,11.33232253
TJK,Tajikistan,2020,10.86102637,4539.690324,0.664,,68.605,11.28848376
TJK,Tajikistan,2021,10.84980801,4904.764118,0.672,,69.594,11.27094825
TJK,Tajikistan,2022,10.84980801,5416.831204,0.687,,71.562,11.27094825
TJK,Tajikistan,2023,10.84980801,5746.568969,0.691,128.0,71.79,11.27094825
TKM,Turkmenistan,1990,8.717363622,10390.00288,0.653,,63.867,10.94999981
TKM,Turkmenistan,1991,8.717363622,9667.19664,0.653,,63.842,10.94999981
TKM,Turkmenistan,1992,8.717363622,8035.16104,0.653,,63.753,10.94999981
TKM,Turkmenistan,1993,8.717363622,7978.270758,0.653,,63.586,10.94999981
TKM,Turkmenistan,1994,8.717363622,6650.010729,0.653,,63.515,10.94999981
TKM,Turkmenistan,1995,8.717363622,5891.329904,0.653,,63.514,10.94999981
TKM,Turkmenistan,1996,8.717363622,6177.209708,0.653,,63.538,10.9437263
TKM,Turkmenistan,1997,8.717363622,5528.247408,0.653,,63.667,10.93745279
TKM,Turkmenistan,1998,8.717363622,5697.541729,0.653,,63.966,10.93117929
TKM,Turkmenistan,1999,8.717363622,6421.256282,0.653,,64.475,10.92490578
TKM,Turkmenistan,2000,8.717363622,6361.803091,0.653,,64.931,10.91863227
TKM,Turkmenistan,2001,8.717363622,6779.338899,0.653,,65.325,10.91235876
TKM,Turkmenistan,2002,8.717363622,6505.134685,0.653,,65.593,10.90608525
TKM,Turkmenistan,2003,8.717363622,6684.642766,0.653,,65.854,10.89981174
TKM,Turkmenistan,2004,8.717363622,6867.499332,0.653,,66.055,10.89353824
TKM,Turkmenistan,2005,8.717363622,7201.928127,0.653,,66.275,10.88726473
TKM,Turkmenistan,2006,8.983853175,7916.517943,0.662,,66.574,10.88099122
TKM,Turkmenistan,2007,9.275793155,8924.537863,0.673,,67.02,10.87471771
TKM,Turkmenistan,2008,9.567733136,9788.930526,0.683,,67.584,10.8684442
TKM,Turkmenistan,2009,9.859673117,10095.50283,0.69,,68.155,10.8621707
TKM,Turkmenistan,2010,10.1516131,11226.78989,0.7,,68.608,10.85589719
TKM,Turkmenistan,2011,10.44355308,12230.44318,0.709,,68.87,10.84962368
TKM,Turkmenistan,2012,10.73549306,12729.44026,0.714,,68.961,10.84335017
TKM,Turkmenistan,2013,11.02743304,12510.56321,0.716,,68.968,10.83707666
TKM,Turkmenistan,2014,11.31937302,12659.26501,0.719,,69.001,10.83080316
TKM,Turkmenistan,2015,11.611313,13185.06349,0.725,,69.061,10.82452965
TKM,Turkmenistan,2016,11.90325298,13199.29796,0.729,,69.142,10.8880372
TKM,Turkmenistan,2017,11.98044198,13522.17694,0.732,,69.19,10.95154476
TKM,Turkmenistan,2018,12.05763098,14031.18484,0.735,,69.272,11.01505232
TKM,Turkmenistan,2019,12.13481998,15014.2824,0.741,,69.405,11.07855988
TKM,Turkmenistan,2020,12.44202042,15704.53059,0.744,,68.846,11.14299353
TKM,Turkmenistan,2021,12.91950035,16332.57792,0.754,,69.353,11.20780193
TKM,Turkmenistan,2022,13.24057961,16885.82983,0.761,,69.913,11.20780193
TKM,Turkmenistan,2023,13.24057961,17715.58167,0.764,95.0,70.073,11.20780193
TLS,Timor-Leste,1990,9.691092949,4172.633338,0.507,,45.185,3.773451021
TLS,Timor-Leste,1991,9.691092949,4172.633338,0.507,,45.076,3.773451021
TLS,Timor-Leste,1992,9.691092949,4172.633338,0.507,,46.19,3.773451021
TLS,Timor-Leste,1993,9.691092949,4172.633338,0.507,,47.008,3.773451021
TLS,Timor-Leste,1994,9.691092949,4172.633338,0.507,,47.861,3.773451021
TLS,Timor-Leste,1995,9.691092949,4172.633338,0.507,,47.543,3.773451021
TLS,Timor-Leste,1996,9.691092949,4172.633338,0.507,,48.26,3.773451021
TLS,Timor-Leste,1997,9.691092949,4172.633338,0.507,,48.968,3.773451021
TLS,Timor-Leste,1998,9.691092949,4172.633338,0.507,,48.583,3.773451021
TLS,Timor-Leste,1999,9.691092949,4172.633338,0.507,,45.246,3.773451021
TLS,Timor-Leste,2000,9.691092949,4172.633338,0.507,,58.097,3.773451021
TLS,Timor-Leste,2001,10.01497431,4615.913654,0.521,,58.772,3.907511123
TLS,Timor-Leste,2002,10.34967995,5060.853554,0.534,,59.477,4.046334004
TLS,Timor-Leste,2003,10.7194628,4188.150798,0.534,,60.13,4.190088871
TLS,Timor-Leste,2004,11.08924566,4561.279892,0.547,,60.743,4.338950944
TLS,Timor-Leste,2005,11.45902852,5395.768931,0.564,,61.272,4.493101668
TLS,Timor-Leste,2006,11.82881137,7459.293983,0.588,,61.881,4.652728934
TLS,Timor-Leste,2007,12.19859423,9859.203924,0.609,,62.396,4.818027308
TLS,Timor-Leste,2008,12.56837709,14258.86947,0.634,,62.858,4.989198268
TLS,Timor-Leste,2009,12.93815994,11068.51638,0.631,,63.265,5.16645045
TLS,Timor-Leste,2010,13.12940025,13120.71542,0.645,,63.66,5.349999905
TLS,Timor-Leste,2011,13.14062055,15706.75348,0.655,,64.022,5.335039934
TLS,Timor-Leste,2012,13.15184085,13556.1145,0.65,,64.384,5.320079962
TLS,Timor-Leste,2013,13.16306114,11852.33383,0.646,,64.719,5.305119991
TLS,Timor-Leste,2014,13.17428144,9526.116324,0.637,,65.027,5.29016002
TLS,Timor-Leste,2015,13.18550173,7679.4876,0.628,,65.326,5.275200049
TLS,Timor-Leste,2016,13.19672203,6057.672821,0.618,,65.61,5.260240078
TLS,Timor-Leste,2017,13.20797104,6058.320846,0.621,,65.898,5.44069493
TLS,Timor-Leste,2018,13.21922963,5942.004711,0.624,,66.204,5.627340364
TLS,Timor-Leste,2019,13.23049782,7819.372651,0.642,,66.496,5.820388753
TLS,Timor-Leste,2020,13.24177562,8442.388379,0.65,,66.919,6.020059751
TLS,Timor-Leste,2021,13.25306303,7592.593762,0.644,,66.199,6.226580551
TLS,Timor-Leste,2022,13.25306303,5459.912422,0.633,,67.368,6.226580551
TLS,Timor-Leste,2023,13.25306303,5434.594692,0.634,142.0,67.689,6.226580551
TON,Tonga,1990,11.42297889,4667.359293,0.641,,67.539,9.120179424
TON,Tonga,1991,11.60998085,4918.741171,0.649,,67.749,9.304780646
TON,Tonga,1992,11.80004417,4894.18906,0.654,,67.927,9.489381868
TON,Tonga,1993,11.99321895,5054.819402,0.66,,68.157,9.67398309
TON,Tonga,1994,12.18955613,5499.554819,0.67,,68.371,9.858584312
TON,Tonga,1995,12.38910749,5506.92341,0.675,,68.592,10.04318553
TON,Tonga,1996,12.59192563,5535.928827,0.678,,68.803,10.02999973
TON,Tonga,1997,12.79806405,5484.019479,0.68,,69.012,10.03399973
TON,Tonga,1998,13.0075771,5666.898705,0.685,,69.224,10.03799973
TON,Tonga,1999,13.22052002,5711.329837,0.688,,69.431,10.04199972
TON,Tonga,2000,13.02054977,5777.414682,0.688,,69.635,10.04599972
TON,Tonga,2001,13.43980026,5775.581031,0.693,,69.8,10.04999971
TON,Tonga,2002,13.78282022,6090.104243,0.7,,70.03,10.05399971
TON,Tonga,2003,14.12584019,5974.062454,0.703,,70.228,10.05799971
TON,Tonga,2004,14.32882601,5860.876464,0.705,,70.433,10.0619997
TON,Tonga,2005,14.53181183,5731.979802,0.706,,70.56,10.0659997
TON,Tonga,2006,14.73479765,5687.841447,0.708,,70.71,10.06999969
TON,Tonga,2007,14.93778347,5509.819302,0.71,,70.887,10.23999977
TON,Tonga,2008,15.14076929,5762.383681,0.717,,71.041,10.40999985
TON,Tonga,2009,15.3437551,5531.386576,0.718,,70.949,10.57999992
TON,Tonga,2010,15.54674092,5572.004116,0.724,,71.319,10.75
TON,Tonga,2011,15.74972674,5922.036435,0.731,,71.437,10.92000008
TON,Tonga,2012,15.95271256,6089.636249,0.735,,71.546,10.91142511
TON,Tonga,2013,16.15569838,6104.584382,0.737,,71.65,10.90285015
TON,Tonga,2014,16.3586842,6149.937857,0.74,,71.721,10.89427519
TON,Tonga,2015,16.56167002,6271.393779,0.743,,71.851,10.88570023
TON,Tonga,2016,16.76465584,6678.412487,0.749,,71.951,10.87712526
TON,Tonga,2017,16.96764166,7158.401325,0.755,,72.066,10.8685503
TON,Tonga,2018,17.17062748,7327.90738,0.759,,72.169,10.85997534
TON,Tonga,2019,17.3736133,7555.810022,0.763,,72.292,10.85140038
TON,Tonga,2020,17.57659912,7571.250445,0.765,,72.379,10.88028609
TON,Tonga,2021,17.78693018,7176.816901,0.763,,72.13,10.91494895
TON,Tonga,2022,17.78693018,6988.693278,0.764,,72.635,10.91494895
TON,Tonga,2023,17.78693018,7438.210092,0.769,92.0,72.895,10.91494895
TTO,Trinidad and Tobago,1990,10.69306493,12865.02454,0.661,,67.591,7.25
TTO,Trinidad and Tobago,1991,10.63512039,13032.77321,0.665,,67.782,7.419444455
TTO,Trinidad and Tobago,1992,10.57748985,12735.58766,0.665,,67.78,7.58888891
TTO,Trinidad and Tobago,1993,10.59889984,12572.50989,0.667,,67.825,7.758333365
TTO,Trinidad and Tobago,1994,10.71014716,12760.02491,0.672,,67.837,7.92777782
TTO,Trinidad and Tobago,1995,10.82139449,13145.25406,0.677,,67.995,8.097222275
TTO,Trinidad and Tobago,1996,10.93264181,14028.78326,0.684,,68.039,8.26666673
TTO,Trinidad and Tobago,1997,11.04388913,15402.91061,0.692,,68.143,8.436111185
TTO,Trinidad and Tobago,1998,11.15513646,16826.16807,0.7,,68.331,8.60555564
TTO,Trinidad and Tobago,1999,11.26638378,18073.07204,0.708,,68.509,8.775000095
TTO,Trinidad and Tobago,2000,11.3776311,18875.39334,0.714,,68.629,8.94444455
TTO,Trinidad and Tobago,2001,11.48887842,19930.77744,0.721,,68.874,9.113889005
TTO,Trinidad and Tobago,2002,11.60012575,21600.34506,0.73,,69.232,9.28333346
TTO,Trinidad and Tobago,2003,11.71137307,24431.05115,0.74,,69.454,9.452777916
TTO,Trinidad and Tobago,2004,11.82262039,27100.81619,0.75,,69.879,9.622222371
TTO,Trinidad and Tobago,2005,11.93712083,28144.49021,0.756,,70.185,9.791666826
TTO,Trinidad and Tobago,2006,12.05273018,31697.0003,0.766,,70.437,9.961111281
TTO,Trinidad and Tobago,2007,12.22807184,33140.35323,0.774,,70.797,10.13055574
TTO,Trinidad and Tobago,2008,12.4034135,34530.69269,0.782,,71.117,10.30000019
TTO,Trinidad and Tobago,2009,12.57875516,32233.34403,0.782,,71.404,10.30000019
TTO,Trinidad and Tobago,2010,12.75409682,33295.1028,0.789,,71.809,10.47000027
TTO,Trinidad and Tobago,2011,12.92943848,30863.15031,0.792,,72.232,10.64000034
TTO,Trinidad and Tobago,2012,13.0546583,31806.01272,0.796,,72.513,10.65388671
TTO,Trinidad and Tobago,2013,13.18109085,33713.4734,0.802,,72.785,10.66777307
TTO,Trinidad and Tobago,2014,13.30874788,34624.03869,0.805,,72.898,10.68165944
TTO,Trinidad and Tobago,2015,13.43764126,36020.8702,0.808,,72.882,10.6955458
TTO,Trinidad and Tobago,2016,13.56778294,32869.11743,0.806,,72.935,10.70943217
TTO,Trinidad and Tobago,2017,13.69918504,31739.23958,0.806,,72.984,10.72331853
TTO,Trinidad and Tobago,2018,13.83185974,29945.64231,0.803,,72.658,10.7372049
TTO,Trinidad and Tobago,2019,13.96581938,29886.45203,0.805,,72.836,10.75109126
TTO,Trinidad and Tobago,2020,14.1010764,26590.38658,0.8,,72.645,10.76497763
TTO,Trinidad and Tobago,2021,14.23764336,27529.03123,0.796,,71.111,10.77886399
TTO,Trinidad and Tobago,2022,14.23764336,26509.44043,0.805,,73.331,10.79275036
TTO,Trinidad and Tobago,2023,14.23764336,27000.14511,0.807,72.0,73.49,10.79275036
TUN,Tunisia,1990,9.835510254,6425.748835,0.569,,69.092,3.46403646
TUN,Tunisia,1991,9.925450325,6489.612101,0.575,,69.398,3.605425704
TUN,Tunisia,1992,10.0225296,6830.732471,0.582,,69.684,3.746814947
TUN,Tunisia,1993,10.24203014,6762.053831,0.587,,69.992,3.88820419
TUN,Tunisia,1994,10.69999027,6884.417414,0.598,,70.363,4.029593433
TUN,Tunisia,1995,10.98894024,6980.45029,0.606,,70.785,4.170982677
TUN,Tunisia,1996,11.2537899,7337.218863,0.616,,71.247,4.326510844
TUN,Tunisia,1997,11.34475994,7693.576624,0.623,,71.67,4.482039012
TUN,Tunisia,1998,11.93177986,7988.517316,0.636,,72.067,4.637567179
TUN,Tunisia,1999,12.28584957,8380.473046,0.646,,72.344,4.793095347
TUN,Tunisia,2000,12.53472996,8649.524447,0.654,,72.604,4.948623515
TUN,Tunisia,2001,12.76819992,8878.838451,0.661,,72.822,5.120310453
TUN,Tunisia,2002,12.9030304,8906.976568,0.667,,73.07,5.291997391
TUN,Tunisia,2003,12.99831009,9262.19256,0.673,,73.304,5.463684329
TUN,Tunisia,2004,13.3390398,9734.254503,0.683,,73.519,5.635371268
TUN,Tunisia,2005,13.62553978,9887.441032,0.69,,73.712,5.807058206
TUN,Tunisia,2006,13.77797985,10361.27132,0.697,,73.888,5.974705452
TUN,Tunisia,2007,13.875,10905.89298,0.703,,74.039,6.142352697
TUN,Tunisia,2008,13.97587013,11234.0238,0.709,,74.192,6.309999943
TUN,Tunisia,2009,13.9574604,11519.63843,0.713,,74.32,6.480000019
TUN,Tunisia,2010,14.04518986,11622.5371,0.717,,74.438,6.650000095
TUN,Tunisia,2011,14.14445972,11250.27586,0.718,,74.471,6.820000172
TUN,Tunisia,2012,14.15775967,11640.93589,0.72,,74.599,6.739999771
TUN,Tunisia,2013,14.17105961,11776.95851,0.722,,74.674,6.854999781
TUN,Tunisia,2014,14.09300041,12109.77425,0.725,,74.784,6.96999979
TUN,Tunisia,2015,14.18632984,12190.57736,0.728,,74.875,7.0849998
TUN,Tunisia,2016,14.40567017,12243.32256,0.733,,75.007,7.199999809
TUN,Tunisia,2017,14.45884188,12363.99088,0.737,,75.177,7.411304951
TUN,Tunisia,2018,14.51220985,12553.60671,0.742,,75.37,7.622610092
TUN,Tunisia,2019,14.5657748,12607.96695,0.74,,75.599,7.289999962
TUN,Tunisia,2020,14.61953746,11330.61729,0.733,,75.004,7.391640027
TUN,Tunisia,2021,14.67349856,11839.54513,0.728,,72.893,7.493280093
TUN,Tunisia,2022,14.67349856,12121.95898,0.745,,76.05,7.594920158
TUN,Tunisia,2023,14.67349856,12011.38785,0.746,105.0,76.508,7.594920158
TUR,Türkiye,1990,8.922039986,12736.77076,0.598,,67.835,4.456984655
TUR,Türkiye,1991,9.085129738,12584.48657,0.602,,68.287,4.512082037
TUR,Türkiye,1992,9.221639633,13145.6779,0.608,,68.603,4.567179419
TUR,Türkiye,1993,9.371190071,13938.31346,0.615,,69.018,4.622276801
TUR,Türkiye,1994,9.482930183,12915.24495,0.616,,69.402,4.677374183
TUR,Türkiye,1995,9.600279808,13712.40978,0.623,,69.734,4.732471565
TUR,Türkiye,1996,9.661584854,14482.60135,0.63,,70.245,4.876118311
TUR,Türkiye,1997,9.7228899,15431.07399,0.638,,70.668,5.019765057
TUR,Türkiye,1998,10.12756014,15771.84763,0.649,,71.144,5.163411803
TUR,Türkiye,1999,10.53223038,14830.05185,0.652,,70.752,5.307058549
TUR,Türkiye,2000,11.13335514,15571.16702,0.669,,71.931,5.450705295
TUR,Türkiye,2001,11.7344799,14217.98034,0.675,,72.271,5.553029005
TUR,Türkiye,2002,12.10737991,14922.05461,0.685,,72.605,5.655352714
TUR,Türkiye,2003,12.22653008,15533.28766,0.691,,72.906,5.757676424
TUR,Türkiye,2004,12.1072998,16878.0582,0.696,,73.223,5.860000134
TUR,Türkiye,2005,12.03092003,18138.17823,0.701,,73.51,5.96999979
TUR,Türkiye,2006,12.45195961,19196.10294,0.711,,73.804,6.059999943
TUR,Türkiye,2007,12.70238972,19894.66125,0.719,,74.129,6.139999866
TUR,Türkiye,2008,12.54028034,19789.44179,0.721,,74.38,6.400000095
TUR,Türkiye,2009,13.05500984,18573.01783,0.728,,74.679,6.570000172
TUR,Türkiye,2010,13.95011044,19980.85583,0.75,,74.964,7.090000153
TUR,Türkiye,2011,14.50026035,21936.36812,0.764,,74.823,7.360000134
TUR,Türkiye,2012,14.67325974,22708.63254,0.772,,75.552,7.489999771
TUR,Türkiye,2013,16.79644966,24210.0225,0.802,,76.171,7.630000114
TUR,Türkiye,2014,17.31707954,24941.41901,0.813,,76.452,7.800000191
TUR,Türkiye,2015,17.78837967,25737.01402,0.821,,76.539,7.960000038
TUR,Türkiye,2016,18.27482986,26029.16467,0.826,,76.595,8.100000381
TUR,Türkiye,2017,18.67255974,27378.71615,0.833,,77.037,8.270000458
TUR,Türkiye,2018,18.97455978,27985.12725,0.838,,77.454,8.450000286
TUR,Türkiye,2019,19.18523026,27864.81803,0.841,,77.737,8.630000114
TUR,Türkiye,2020,19.29534912,28244.92019,0.838,,76.525,8.806320674
TUR,Türkiye,2021,19.68494987,31225.32612,0.841,,75.722,8.98624366
TUR,Türkiye,2022,19.8307991,32923.6859,0.853,,77.591,8.98624366
TUR,Türkiye,2023,19.8307991,34506.98065,0.853,51.0,77.156,8.98624366
TUV,Tuvalu,1990,9.77039945,4001.196906,0.566,,61.643,7.124605877
TUV,Tuvalu,1991,9.843303927,4069.378607,0.57,,61.809,7.239999771
TUV,Tuvalu,1992,9.917103936,4133.374084,0.566,,60.29,7.357262645
TUV,Tuvalu,1993,9.991812025,4280.229203,0.579,,62.11,7.47452552
TUV,Tuvalu,1994,10.06744092,4699.641054,0.586,,62.317,7.591788394
TUV,Tuvalu,1995,10.14400354,4452.339631,0.587,,62.505,7.709051268
TUV,Tuvalu,1996,10.22151298,4175.592577,0.587,,62.709,7.826314143
TUV,Tuvalu,1997,10.29998252,4584.22718,0.595,,62.942,7.943577017
TUV,Tuvalu,1998,10.37942563,5292.637455,0.605,,63.162,8.060839891
TUV,Tuvalu,1999,10.459856,5206.624786,0.608,,63.346,8.178102766
TUV,Tuvalu,2000,10.54128747,5157.165006,0.61,,63.536,8.29536564
TUV,Tuvalu,2001,10.62373411,5166.277552,0.613,,63.709,8.412628514
TUV,Tuvalu,2002,10.7072102,5665.37024,0.621,,63.825,8.529891389
TUV,Tuvalu,2003,10.79173019,5385.979466,0.621,,63.897,8.647154263
TUV,Tuvalu,2004,10.87730878,5197.446931,0.621,,63.989,8.764417137
TUV,Tuvalu,2005,10.96396083,4895.208812,0.621,,64.096,8.881680012
TUV,Tuvalu,2006,11.05170147,4955.608806,0.625,,64.247,8.998942886
TUV,Tuvalu,2007,11.140546,5247.324471,0.63,,64.402,9.11620576
TUV,Tuvalu,2008,11.23050996,5530.124202,0.636,,64.516,9.233468635
TUV,Tuvalu,2009,11.32160912,5116.746355,0.635,,64.693,9.350731509
TUV,Tuvalu,2010,11.41385947,4935.701373,0.636,,64.834,9.467994383
TUV,Tuvalu,2011,11.50727721,5198.316749,0.641,,64.96,9.585257258
TUV,Tuvalu,2012,11.60187881,5015.528159,0.642,,65.079,9.702520132
TUV,Tuvalu,2013,11.69768095,5202.9159,0.647,,65.171,9.819783006
TUV,Tuvalu,2014,11.79470055,5211.986035,0.65,,65.278,9.937045881
TUV,Tuvalu,2015,11.89172015,5766.541206,0.658,,65.365,10.05430876
TUV,Tuvalu,2016,11.98873975,6106.985664,0.664,,65.51,10.17157163
TUV,Tuvalu,2017,12.08575935,6270.376065,0.668,,65.683,10.2888345
TUV,Tuvalu,2018,12.18277895,6335.71442,0.672,,65.871,10.40609738
TUV,Tuvalu,2019,12.24687551,7151.54521,0.681,,66.109,10.52336025
TUV,Tuvalu,2020,12.31097206,6775.934634,0.681,,66.357,10.64471098
TUV,Tuvalu,2021,12.37506862,6815.063663,0.681,,65.824,10.76746107
TUV,Tuvalu,2022,12.37506862,6795.716004,0.686,,66.852,10.76746107
TUV,Tuvalu,2023,12.37506862,7005.520781,0.689,129.0,67.105,10.76746107
TZA,Tanzania (United Republic of),1990,5.407980348,1725.497437,0.381,,51.985,3.331898555
TZA,Tanzania (United Republic of),1991,5.409420013,1723.820923,0.382,,51.837,3.422600238
TZA,Tanzania (United Republic of),1992,5.410860062,1687.757568,0.381,,51.432,3.513301921
TZA,Tanzania (United Republic of),1993,5.497560024,1659.373535,0.382,,51.215,3.604003604
TZA,Tanzania (United Republic of),1994,5.371089935,1626.706299,0.38,,51.077,3.694705287
TZA,Tanzania (United Republic of),1995,5.269070148,1642.75769,0.38,,51.005,3.785406969
TZA,Tanzania (United Republic of),1996,5.242219925,1704.655762,0.383,,51.132,3.874257598
TZA,Tanzania (United Republic of),1997,5.394370079,1720.842041,0.388,,51.246,3.963108226
TZA,Tanzania (United Republic of),1998,5.699363929,1748.534912,0.396,,51.807,4.051958854
TZA,Tanzania (United Republic of),1999,6.004357778,1778.484619,0.404,,52.399,4.140809482
TZA,Tanzania (United Republic of),2000,6.309351628,1814.37207,0.414,,53.244,4.22966011
TZA,Tanzania (United Republic of),2001,6.614345477,1846.038452,0.422,,54.124,4.26483015
TZA,Tanzania (United Republic of),2002,6.919339327,1959.320435,0.433,,54.94,4.300000191
TZA,Tanzania (United Republic of),2003,7.224333176,2024.436401,0.444,,55.929,4.415000153
TZA,Tanzania (United Republic of),2004,7.529327026,2117.403809,0.455,,56.836,4.530000114
TZA,Tanzania (United Republic of),2005,7.834320875,2200.789063,0.465,,57.675,4.645000076
TZA,Tanzania (United Republic of),2006,8.139314725,2319.785156,0.477,,58.512,4.760000038
TZA,Tanzania (United Republic of),2007,8.444308574,2380.104248,0.486,,59.26,4.875
TZA,Tanzania (United Republic of),2008,8.749302424,2451.931396,0.495,,59.896,4.989999962
TZA,Tanzania (United Republic of),2009,9.054296273,2520.546875,0.504,,60.494,5.104999924
TZA,Tanzania (United Republic of),2010,9.359290123,2588.6604,0.513,,61.127,5.219999886
TZA,Tanzania (United Republic of),2011,9.131336848,2707.87207,0.516,,61.618,5.334999847
TZA,Tanzania (United Republic of),2012,8.903383573,2761.314697,0.519,,62.286,5.449999809
TZA,Tanzania (United Republic of),2013,8.675430298,2857.656738,0.521,,62.788,5.464523156
TZA,Tanzania (United Republic of),2014,8.297380209,2970.01709,0.521,,63.364,5.479046504
TZA,Tanzania (United Republic of),2015,7.91933012,3034.086914,0.52,,63.928,5.493569851
TZA,Tanzania (United Republic of),2016,7.666830063,3118.503906,0.52,,64.404,5.525429885
TZA,Tanzania (United Republic of),2017,7.961319923,3225.914307,0.528,,64.963,5.557289918
TZA,Tanzania (United Republic of),2018,8.330985069,3318.586182,0.537,,65.488,5.589149952
TZA,Tanzania (United Republic of),2019,8.700650215,3390.398926,0.546,,66.007,5.708199978
TZA,Tanzania (United Republic of),2020,9.075323105,3343.504639,0.554,,66.771,5.827250004
TZA,Tanzania (United Republic of),2021,8.585740089,3393.24292,0.548,,66.131,5.94630003
TZA,Tanzania (United Republic of),2022,8.585740089,3444.732422,0.554,,66.879,6.065350056
TZA,Tanzania (United Republic of),2023,8.585740089,3514.632861,0.555,165.0,66.995,6.065350056
UGA,Uganda,1990,5.745009899,1060.146234,0.342,,47.561,3.174521866
UGA,Uganda,1991,5.766660213,1084.100532,0.345,,47.549,3.25
UGA,Uganda,1992,5.242869854,1070.176969,0.339,,47.671,3.327272719
UGA,Uganda,1993,5.566840172,1136.062803,0.347,,47.681,3.404545437
UGA,Uganda,1994,5.590559959,1168.584125,0.35,,47.675,3.481818156
UGA,Uganda,1995,5.621990204,1274.31713,0.356,,47.706,3.559090874
UGA,Uganda,1996,6.179591285,1356.896407,0.367,,47.759,3.636363593
UGA,Uganda,1997,6.737192366,1392.429444,0.376,,48.026,3.713636312
UGA,Uganda,1998,7.294793447,1420.059263,0.386,,48.263,3.79090903
UGA,Uganda,1999,7.852394528,1483.97501,0.398,,48.977,3.868181749
UGA,Uganda,2000,8.409995609,1461.471759,0.407,,49.64,3.945454467
UGA,Uganda,2001,8.96759669,1471.801887,0.418,,50.576,4.022727186
UGA,Uganda,2002,9.525197771,1566.431385,0.432,,51.443,4.099999905
UGA,Uganda,2003,10.08279885,1618.140755,0.446,,52.414,4.274999936
UGA,Uganda,2004,10.64039993,1667.395904,0.461,,53.699,4.449999968
UGA,Uganda,2005,10.60913023,1718.253342,0.47,,54.926,4.625
UGA,Uganda,2006,10.57786053,1857.083284,0.481,,56.118,4.800000032
UGA,Uganda,2007,10.64166284,1965.676981,0.492,,57.248,4.975000064
UGA,Uganda,2008,10.70546516,2077.807244,0.502,,58.253,5.150000095
UGA,Uganda,2009,10.76926747,2159.018059,0.509,,59.157,5.1450001
UGA,Uganda,2010,10.83306978,2213.835294,0.514,,59.959,5.140000105
UGA,Uganda,2011,10.8968721,2355.249069,0.522,,60.791,5.13500011
UGA,Uganda,2012,10.96181977,2362.193572,0.526,,61.579,5.130000114
UGA,Uganda,2013,11.02715455,2375.415453,0.532,,62.353,5.319962621
UGA,Uganda,2014,11.09287873,2419.514803,0.539,,63.057,5.509925127
UGA,Uganda,2015,11.15899464,2477.762376,0.547,,63.831,5.699887633
UGA,Uganda,2016,11.22550462,2514.391646,0.553,,64.494,5.88985014
UGA,Uganda,2017,11.29241102,2489.071819,0.557,,65.174,5.974164
UGA,Uganda,2018,11.35971618,2544.29198,0.563,,65.775,6.059684822
UGA,Uganda,2019,11.42742251,2623.14271,0.569,,66.354,6.146429885
UGA,Uganda,2020,11.49553237,2627.007181,0.571,,66.41,6.234416713
UGA,Uganda,2021,11.56404819,2629.453979,0.573,,66.45,6.323663082
UGA,Uganda,2022,11.56404819,2669.577833,0.578,,67.675,6.323663082
UGA,Uganda,2023,11.56404819,2736.410021,0.582,157.0,68.252,6.323663082
UKR,Ukraine,1990,12.5736599,23600.67273,0.75,,70.354,9.279101352
UKR,Ukraine,1991,12.49063015,21400.92773,0.743,,69.688,9.461840766
UKR,Ukraine,1992,12.18871021,18843.6543,0.733,,68.947,9.644580179
UKR,Ukraine,1993,11.90876961,15861.01074,0.721,,68.287,9.827319593
UKR,Ukraine,1994,11.75526047,12440.9043,0.706,,67.534,10.01005901
UKR,Ukraine,1995,11.9802084,10990.09375,0.702,,67.114,10.19279842
UKR,Ukraine,1996,12.20515633,9972.547852,0.701,,67.097,10.32274645
UKR,Ukraine,1997,12.43010426,9759.459961,0.706,,67.658,10.45269448
UKR,Ukraine,1998,12.65505219,9594.727539,0.71,,67.993,10.5826425
UKR,Ukraine,1999,12.88000011,9602.017578,0.714,,68.004,10.71259053
UKR,Ukraine,2000,12.79876041,9964.09082,0.716,,67.786,10.84253856
UKR,Ukraine,2001,13.54780006,11090.08301,0.728,,67.675,10.93999958
UKR,Ukraine,2002,13.91644001,11799.375,0.736,,67.699,11.0374606
UKR,Ukraine,2003,14.2719202,13041.4043,0.745,,67.638,11.13492162
UKR,Ukraine,2004,14.25391006,14717.33008,0.751,,67.472,11.23238264
UKR,Ukraine,2005,14.51976013,15236.54785,0.757,,67.517,11.32984366
UKR,Ukraine,2006,14.72169971,16382.37207,0.762,,67.49,11.36639155
UKR,Ukraine,2007,14.90732956,17918.8457,0.77,,67.715,11.40293943
UKR,Ukraine,2008,15.03969955,18264.9043,0.776,,68.262,11.43948731
UKR,Ukraine,2009,15.07240009,15575.78418,0.773,,69.159,11.47603519
UKR,Ukraine,2010,15.05955982,16552.59375,0.782,,70.188,11.51258308
UKR,Ukraine,2011,15.03600025,17289.00781,0.786,,70.711,11.44354819
UKR,Ukraine,2012,15.05902958,18017.66016,0.789,,71.09,11.3745133
UKR,Ukraine,2013,14.9281702,17997.12109,0.789,,71.474,11.30547841
UKR,Ukraine,2014,14.92978001,17172.70313,0.788,,71.803,11.23644352
UKR,Ukraine,2015,13.77066994,16378.79688,0.778,,72.686,11.16740863
UKR,Ukraine,2016,13.63589954,16347.82227,0.78,,73.389,11.15928688
UKR,Ukraine,2017,13.67564964,16885.67383,0.785,,73.993,11.15116513
UKR,Ukraine,2018,13.64286995,17479.1543,0.784,,73.569,11.14304337
UKR,Ukraine,2019,13.71247959,18193.11133,0.789,,73.92,11.13492162
UKR,Ukraine,2020,13.58794975,17821.05664,0.783,,73.283,11.12679987
UKR,Ukraine,2021,13.32800961,17516.58203,0.772,,71.631,11.12273899
UKR,Ukraine,2022,13.32800961,16043.86621,0.772,,72.658,11.12273899
UKR,Ukraine,2023,13.32800961,16933.14453,0.779,87.0,73.422,11.12273899
URY,Uruguay,1990,12.9682703,13637.14408,0.713,,72.994,7.154903077
URY,Uruguay,1991,13.05552959,14202.81185,0.717,,73.198,7.1930358
URY,Uruguay,1992,12.86606026,15314.56729,0.719,,73.185,7.231168523
URY,Uruguay,1993,12.98691773,15654.4944,0.722,,73.147,7.269301247
URY,Uruguay,1994,13.10777521,16658.54852,0.727,,73.162,7.30743397
URY,Uruguay,1995,13.22863269,16365.77829,0.729,,73.493,7.345566693
URY,Uruguay,1996,13.34949017,17212.29288,0.736,,73.812,7.46999979
URY,Uruguay,1997,13.72067022,18694.31435,0.747,,73.92,7.681428364
URY,Uruguay,1998,14.09185028,19427.08798,0.757,,74.029,7.892856938
URY,Uruguay,1999,14.13204002,19154.08482,0.76,,74.293,8.104285513
URY,Uruguay,2000,14.16732025,18691.34814,0.764,,74.693,8.315714087
URY,Uruguay,2001,14.68060017,17919.09749,0.771,,74.987,8.527142661
URY,Uruguay,2002,15.13469982,16645.43957,0.775,,74.979,8.738571235
URY,Uruguay,2003,15.54574966,16034.20723,0.78,,75.086,8.949999809
URY,Uruguay,2004,15.48838997,16780.26007,0.779,,75.319,8.633333206
URY,Uruguay,2005,15.11001015,18275.03171,0.778,,75.829,8.316666603
URY,Uruguay,2006,15.16135025,19118.90993,0.777,,75.888,8.0
URY,Uruguay,2007,14.78962994,20334.44479,0.78,,76.15,8.184999943
URY,Uruguay,2008,14.53896999,21590.62124,0.783,,76.275,8.369999886
URY,Uruguay,2009,14.59895039,22389.76071,0.787,,76.67,8.369999886
URY,Uruguay,2010,15.15231991,23964.67327,0.796,,76.691,8.329999924
URY,Uruguay,2011,15.37341976,25214.3031,0.801,,76.614,8.399999619
URY,Uruguay,2012,15.4978199,25030.74561,0.804,,76.691,8.479999542
URY,Uruguay,2013,15.84080982,26669.89693,0.812,,76.953,8.520000458
URY,Uruguay,2014,15.88829994,27145.06555,0.816,,77.194,8.609999657
URY,Uruguay,2015,15.8863802,27679.03912,0.818,,77.285,8.670000076
URY,Uruguay,2016,16.1406002,27898.02771,0.821,,77.351,8.699999809
URY,Uruguay,2017,16.33597946,28056.60133,0.827,,77.618,8.829999924
URY,Uruguay,2018,16.26915932,28021.35017,0.826,,77.527,8.909999847
URY,Uruguay,2019,16.45783043,28494.22443,0.83,,77.503,8.979999542
URY,Uruguay,2020,16.5159893,26234.93195,0.837,,78.381,9.499999682
URY,Uruguay,2021,17.35183907,26279.04062,0.837,,75.434,10.01999982
URY,Uruguay,2022,17.4839592,27826.69481,0.852,,76.468,10.53999996
URY,Uruguay,2023,17.4839592,28649.82199,0.862,48.0,78.138,10.53999996
USA,United States,1990,15.60052013,43041.15348,0.878,,75.374,12.97999954
USA,United States,1991,15.53299046,42524.11067,0.878,,75.524,13.02749968
USA,United States,1992,15.72849035,43265.89858,0.882,,75.779,13.07499981
USA,United States,1993,15.92399025,43694.24429,0.884,,75.568,13.12249994
USA,United States,1994,15.95798969,45015.83726,0.887,,75.738,13.17000008
USA,United States,1995,15.94429016,46000.95675,0.888,,75.852,13.13500004
USA,United States,1996,15.84595966,47475.00733,0.89,,76.175,13.1
USA,United States,1997,15.78919983,49355.19615,0.893,,76.498,13.06499996
USA,United States,1998,15.73243999,51531.55678,0.895,,76.659,13.02999992
USA,United States,1999,15.59130001,53220.99116,0.895,,76.669,12.99499989
USA,United States,2000,15.40754986,54984.28826,0.895,,76.806,12.95999985
USA,United States,2001,15.54766006,55297.86722,0.897,,76.919,12.92499981
USA,United States,2002,15.68777027,55563.34575,0.898,,76.988,12.88999977
USA,United States,2003,15.82788048,56287.34355,0.9,,77.137,12.85499973
USA,United States,2004,15.96799068,57883.25153,0.905,,77.535,12.81999969
USA,United States,2005,16.10810089,59230.6859,0.907,,77.526,12.82999992
USA,United States,2006,16.16569567,60735.11516,0.911,,77.798,12.90999985
USA,United States,2007,16.22329044,60587.48114,0.914,,78.047,12.94999981
USA,United States,2008,16.28088522,58996.06739,0.914,,78.127,12.98999977
USA,United States,2009,16.33848,57608.45222,0.915,,78.476,13.01000023
USA,United States,2010,16.39607477,59211.70567,0.919,,78.668,13.05000019
USA,United States,2011,16.45366955,59959.59549,0.92,,78.702,13.10000038
USA,United States,2012,16.51126432,61373.27134,0.923,,78.817,13.14000034
USA,United States,2013,16.5688591,61908.27302,0.925,,78.817,13.19999981
USA,United States,2014,16.55954933,63487.01958,0.926,,78.879,13.22000027
USA,United States,2015,16.59604073,65047.89673,0.928,,78.722,13.25
USA,United States,2016,16.67295074,65448.40693,0.929,,78.686,13.34000015
USA,United States,2017,16.67160034,66787.72003,0.931,,78.648,13.41329002
USA,United States,2018,16.64285088,68421.04156,0.934,,78.8,13.5
USA,United States,2019,16.63553047,69956.86857,0.936,,78.916,13.59000015
USA,United States,2020,16.62663078,67529.79373,0.925,,77.011,13.68000031
USA,United States,2021,16.41274071,71608.71331,0.921,,76.384,13.57549953
USA,United States,2022,15.92300034,72993.29894,0.93,,77.979,13.90999985
USA,United States,2023,15.92300034,73650.03077,0.938,17.0,79.304,13.90999985
UZB,Uzbekistan,1990,11.07470989,3430.223432,0.603,,65.772,10.06157244
UZB,Uzbekistan,1991,10.98771954,3332.265908,0.603,,65.529,10.06157244
UZB,Uzbekistan,1992,10.63961983,2887.134423,0.603,,65.236,10.06157244
UZB,Uzbekistan,1993,10.63850416,2761.316238,0.603,,64.924,10.06157244
UZB,Uzbekistan,1994,10.6373885,2563.329209,0.603,,64.681,10.06157244
UZB,Uzbekistan,1995,10.63627284,2491.86151,0.603,,64.67,10.06157244
UZB,Uzbekistan,1996,10.63515718,2480.406666,0.603,,64.78,10.06157244
UZB,Uzbekistan,1997,10.63404151,2547.583047,0.603,,65.028,10.06157244
UZB,Uzbekistan,1998,10.63292585,2631.838898,0.603,,65.169,10.06157244
UZB,Uzbekistan,1999,10.63181019,2700.89844,0.603,,65.307,10.06157244
UZB,Uzbekistan,2000,10.59078026,2714.546755,0.603,,65.456,10.06157244
UZB,Uzbekistan,2001,10.81514676,2829.234417,0.61,,65.853,10.14974056
UZB,Uzbekistan,2002,11.03951327,2921.088085,0.618,,66.376,10.23868127
UZB,Uzbekistan,2003,11.26387978,3018.402262,0.625,,66.852,10.32840137
UZB,Uzbekistan,2004,11.31293011,3227.66305,0.632,,67.203,10.41890767
UZB,Uzbekistan,2005,11.39583969,3417.669895,0.638,,67.481,10.51020706
UZB,Uzbekistan,2006,11.44326019,3594.247404,0.644,,67.905,10.60230649
UZB,Uzbekistan,2007,11.56993008,4186.803892,0.658,,68.483,10.69521298
UZB,Uzbekistan,2008,11.45750999,4384.085051,0.663,,69.035,10.7889336
UZB,Uzbekistan,2009,11.54841995,4708.877147,0.672,,69.517,10.88347547
UZB,Uzbekistan,2010,11.60091972,5238.324084,0.681,,69.836,10.9788458
UZB,Uzbekistan,2011,11.47235012,5579.141075,0.686,,70.143,11.07505185
UZB,Uzbekistan,2012,11.59099007,5912.752518,0.692,,70.411,11.17210094
UZB,Uzbekistan,2013,11.60252953,6296.077363,0.698,,70.692,11.27000046
UZB,Uzbekistan,2014,11.63768005,6575.173797,0.703,,70.973,11.34000015
UZB,Uzbekistan,2015,11.66322994,6796.695997,0.707,,71.33,11.35999966
UZB,Uzbekistan,2016,11.7448597,7037.255155,0.714,,71.58,11.67000008
UZB,Uzbekistan,2017,11.86118984,7285.598597,0.719,,71.737,11.72000027
UZB,Uzbekistan,2018,12.00212955,7650.914002,0.725,,71.999,11.77000046
UZB,Uzbekistan,2019,12.21872044,7834.12383,0.73,,72.093,11.89999962
UZB,Uzbekistan,2020,11.89046955,7768.592791,0.723,,71.461,11.88999987
UZB,Uzbekistan,2021,11.82954025,8204.104233,0.727,,71.681,11.88000011
UZB,Uzbekistan,2022,12.46086979,8497.040961,0.737,,72.147,11.90999985
UZB,Uzbekistan,2023,12.46086979,8825.730893,0.74,107.0,72.388,11.90999985
VCT,Saint Vincent and the Grenadines,1990,10.55753964,6546.209382,0.7,,70.647,9.396341268
VCT,Saint Vincent and the Grenadines,1991,10.70005541,6589.419373,0.7,,70.64,9.396341268
VCT,Saint Vincent and the Grenadines,1992,10.844495,7098.215009,0.7,,70.745,9.396341268
VCT,Saint Vincent and the Grenadines,1993,10.99088437,7363.979188,0.7,,70.621,9.396341268
VCT,Saint Vincent and the Grenadines,1994,11.13924985,7125.27533,0.7,,70.602,9.396341268
VCT,Saint Vincent and the Grenadines,1995,11.2896181,7765.420375,0.7,,70.575,9.396341268
VCT,Saint Vincent and the Grenadines,1996,11.44201617,7977.760999,0.7,,70.466,9.396341268
VCT,Saint Vincent and the Grenadines,1997,11.59647145,8210.321229,0.7,,70.382,9.396341268
VCT,Saint Vincent and the Grenadines,1998,11.75301172,8634.065791,0.7,,70.263,9.396341268
VCT,Saint Vincent and the Grenadines,1999,11.91166512,8982.924356,0.7,,70.312,9.396341268
VCT,Saint Vincent and the Grenadines,2000,12.07246017,9202.230782,0.7,,70.35,9.396341268
VCT,Saint Vincent and the Grenadines,2001,12.18380022,9465.853353,0.704,,70.382,9.475387082
VCT,Saint Vincent and the Grenadines,2002,12.29514027,9987.221198,0.71,,70.658,9.555097862
VCT,Saint Vincent and the Grenadines,2003,12.58899975,10531.2742,0.715,,70.43,9.6354792
VCT,Saint Vincent and the Grenadines,2004,12.68760967,10929.14428,0.719,,70.445,9.716536739
VCT,Saint Vincent and the Grenadines,2005,12.90837774,11274.47598,0.724,,70.454,9.798276166
VCT,Saint Vincent and the Grenadines,2006,13.12914581,12259.94354,0.731,,70.434,9.880703218
VCT,Saint Vincent and the Grenadines,2007,13.34991388,12853.63228,0.737,,70.446,9.96382368
VCT,Saint Vincent and the Grenadines,2008,13.57068195,12954.79962,0.741,,70.611,10.04764339
VCT,Saint Vincent and the Grenadines,2009,13.79145002,13016.51829,0.745,,70.712,10.13216822
VCT,Saint Vincent and the Grenadines,2010,14.01221809,12512.68421,0.746,,70.66,10.2174041
VCT,Saint Vincent and the Grenadines,2011,14.23298616,12492.00142,0.749,,70.609,10.30335703
VCT,Saint Vincent and the Grenadines,2012,14.45375423,12885.85196,0.753,,70.539,10.39003302
VCT,Saint Vincent and the Grenadines,2013,14.6745223,13352.14676,0.755,,70.091,10.47743817
VCT,Saint Vincent and the Grenadines,2014,14.89529037,13213.05809,0.759,,70.355,10.56557861
VCT,Saint Vincent and the Grenadines,2015,15.09107018,13765.31804,0.765,,70.463,10.65371905
VCT,Saint Vincent and the Grenadines,2016,15.31661697,14352.0898,0.771,,70.7,10.74185949
VCT,Saint Vincent and the Grenadines,2017,15.54553472,14954.78553,0.778,,71.013,10.82999992
VCT,Saint Vincent and the Grenadines,2018,15.7778738,15577.22206,0.783,,71.017,10.91814036
VCT,Saint Vincent and the Grenadines,2019,16.01368537,15795.69332,0.787,,70.994,11.0438768
VCT,Saint Vincent and the Grenadines,2020,16.2530213,15106.05969,0.781,,69.605,11.16961324
VCT,Saint Vincent and the Grenadines,2021,16.2530213,15370.1803,0.781,,69.132,11.29534968
VCT,Saint Vincent and the Grenadines,2022,16.2530213,16152.68012,0.794,,71.191,11.29534968
VCT,Saint Vincent and the Grenadines,2023,16.2530213,17246.63609,0.798,76.0,71.23,11.29534968
VEN,Venezuela (Bolivarian Republic of),1990,10.27801037,18021.09,0.658,,70.964,5.340000153
VEN,Venezuela (Bolivarian Republic of),1991,10.53991032,19309.13,0.669,,71.172,5.588181929
VEN,Venezuela (Bolivarian Republic of),1992,10.67339039,20008.43,0.676,,71.177,5.836363706
VEN,Venezuela (Bolivarian Republic of),1993,10.6458478,19612.56,0.68,,71.385,6.084545482
VEN,Venezuela (Bolivarian Republic of),1994,10.61830521,18730.78,0.681,,71.283,6.332727259
VEN,Venezuela (Bolivarian Republic of),1995,10.59076262,19052.12,0.687,,71.714,6.580909035
VEN,Venezuela (Bolivarian Republic of),1996,10.56322002,18614.02,0.69,,71.92,6.829090812
VEN,Venezuela (Bolivarian Republic of),1997,10.53567743,19400.09,0.698,,72.56,7.077272589
VEN,Venezuela (Bolivarian Republic of),1998,10.50813484,19075.63,0.7,,72.446,7.325454365
VEN,Venezuela (Bolivarian Republic of),1999,10.48059225,17585.02,0.698,,72.088,7.573636142
VEN,Venezuela (Bolivarian Republic of),2000,10.45304966,17634.27,0.703,,72.388,7.821817918
VEN,Venezuela (Bolivarian Republic of),2001,11.04607487,17932.35,0.708,,71.019,8.069999695
VEN,Venezuela (Bolivarian Republic of),2002,11.63910007,16079.02,0.716,,72.823,7.957999802
VEN,Venezuela (Bolivarian Republic of),2003,11.66431999,14594.73,0.707,,72.056,7.845999908
VEN,Venezuela (Bolivarian Republic of),2004,11.8837204,16991.15,0.718,,72.752,7.734000015
VEN,Venezuela (Bolivarian Republic of),2005,12.42912769,18452.27,0.728,,73.075,7.622000122
VEN,Venezuela (Bolivarian Republic of),2006,12.97453499,19961.97,0.736,,72.972,7.510000229
VEN,Venezuela (Bolivarian Republic of),2007,13.51994228,21379.37,0.753,,73.348,7.989999771
VEN,Venezuela (Bolivarian Republic of),2008,14.06534958,22169.64,0.759,,72.578,8.140000343
VEN,Venezuela (Bolivarian Republic of),2009,14.1207304,21141.1,0.76,,72.785,8.25
VEN,Venezuela (Bolivarian Republic of),2010,14.02840114,20520.8,0.764,,73.092,8.684999943
VEN,Venezuela (Bolivarian Republic of),2011,13.93667558,21067.88,0.77,,73.09,9.119999886
VEN,Venezuela (Bolivarian Republic of),2012,13.84554978,21933.83,0.772,,73.086,9.25
VEN,Venezuela (Bolivarian Republic of),2013,13.75501981,21914.38,0.773,,73.076,9.380000114
VEN,Venezuela (Bolivarian Republic of),2014,13.66508177,20768.08,0.77,,72.837,9.510000229
VEN,Venezuela (Bolivarian Republic of),2015,13.57514373,19212.89,0.768,,73.004,9.640000343
VEN,Venezuela (Bolivarian Republic of),2016,13.48520569,15890.37,0.761,,72.002,10.31000042
VEN,Venezuela (Bolivarian Republic of),2017,13.39526765,13519.56,0.749,,71.903,10.13614271
VEN,Venezuela (Bolivarian Republic of),2018,13.30532962,11440.55,0.741,,72.641,9.962285008
VEN,Venezuela (Bolivarian Republic of),2019,13.19201193,8598.08,0.724,,72.766,9.820335191
VEN,Venezuela (Bolivarian Republic of),2020,13.07869424,5990.3,0.699,,72.369,9.678385373
VEN,Venezuela (Bolivarian Republic of),2021,12.96537654,6130.16,0.696,,71.536,9.678385373
VEN,Venezuela (Bolivarian Republic of),2022,12.96537654,6785.11,0.706,,72.566,9.678385373
VEN,Venezuela (Bolivarian Republic of),2023,12.96537654,7157.08,0.709,121.0,72.514,9.678385373
VNM,Viet Nam,1990,7.688290119,2263.62019,0.499,,69.027,4.098730664
VNM,Viet Nam,1991,8.000851333,2374.854543,0.509,,69.303,4.236048544
VNM,Viet Nam,1992,8.313412547,2579.540159,0.521,,69.62,4.373366424
VNM,Viet Nam,1993,8.625973761,2723.456105,0.531,,69.957,4.510684304
VNM,Viet Nam,1994,8.938534975,2949.897559,0.543,,70.379,4.648002184
VNM,Viet Nam,1995,9.251096189,3257.135674,0.556,,70.871,4.785320064
VNM,Viet Nam,1996,9.563657403,3481.515022,0.567,,71.296,4.955927127
VNM,Viet Nam,1997,9.876218617,3686.545301,0.578,,71.67,5.12653419
VNM,Viet Nam,1998,10.18877983,3821.728166,0.588,,72.283,5.297141254
VNM,Viet Nam,1999,10.37370014,3968.268563,0.596,,72.575,5.467748317
VNM,Viet Nam,2000,10.55862045,4205.498465,0.604,,72.746,5.63835538
VNM,Viet Nam,2001,10.70526981,4423.858118,0.612,,72.984,5.850573922
VNM,Viet Nam,2002,10.93157673,4643.353991,0.621,,73.138,6.062792464
VNM,Viet Nam,2003,11.15788364,4915.32396,0.63,,73.236,6.275011006
VNM,Viet Nam,2004,11.38419056,5217.709264,0.638,,73.062,6.487229548
VNM,Viet Nam,2005,11.61049747,5554.561442,0.647,,73.198,6.69944809
VNM,Viet Nam,2006,11.83680439,5866.293867,0.656,,73.293,6.909586058
VNM,Viet Nam,2007,12.06311131,6186.533382,0.664,,73.385,7.119724026
VNM,Viet Nam,2008,12.28941822,6459.612953,0.672,,73.455,7.329861994
VNM,Viet Nam,2009,12.51572514,6654.354068,0.679,,73.525,7.539999962
VNM,Viet Nam,2010,12.74203205,7071.442951,0.686,,73.611,7.629999924
VNM,Viet Nam,2011,12.96833897,7462.734111,0.693,,73.713,7.719999886
VNM,Viet Nam,2012,13.19464588,7754.73891,0.698,,73.762,7.809999847
VNM,Viet Nam,2013,13.4209528,8079.871201,0.704,,73.821,7.899999809
VNM,Viet Nam,2014,13.64725971,8472.929299,0.711,,73.886,7.989999771
VNM,Viet Nam,2015,13.87356663,8859.765815,0.717,,73.955,8.079999733
VNM,Viet Nam,2016,14.09987354,9305.309265,0.723,,73.984,8.169999695
VNM,Viet Nam,2017,14.32618046,9787.739829,0.729,,74.026,8.259999657
VNM,Viet Nam,2018,14.55248737,10521.9865,0.737,,74.1,8.349999619
VNM,Viet Nam,2019,14.77879429,11203.2953,0.744,,74.211,8.43999958
VNM,Viet Nam,2020,15.0051012,11515.65468,0.755,,75.383,8.619999568
VNM,Viet Nam,2021,15.23140812,11604.54861,0.754,,74.145,8.799999555
VNM,Viet Nam,2022,15.45771503,12490.12898,0.764,,74.502,8.979999542
VNM,Viet Nam,2023,15.45771503,13032.63533,0.766,93.0,74.588,8.979999542
VUT,Vanuatu,1990,7.575694146,2905.932791,0.561,,66.684,5.575515217
VUT,Vanuatu,1991,7.722767663,2760.260286,0.561,,67.114,5.575515217
VUT,Vanuatu,1992,7.872696445,2587.566065,0.561,,67.433,5.575515217
VUT,Vanuatu,1993,8.025535925,2596.59907,0.561,,67.724,5.575515217
VUT,Vanuatu,1994,8.18134261,2577.444103,0.561,,67.984,5.575515217
VUT,Vanuatu,1995,8.340174105,2692.041333,0.561,,68.104,5.575515217
VUT,Vanuatu,1996,8.502089134,2739.193338,0.561,,68.176,5.575515217
VUT,Vanuatu,1997,8.66714756,2764.399231,0.561,,68.309,5.575515217
VUT,Vanuatu,1998,8.835410408,2817.228412,0.561,,68.372,5.575515217
VUT,Vanuatu,1999,9.006939888,2919.531595,0.561,,67.924,5.575515217
VUT,Vanuatu,2000,9.334440231,2913.855137,0.561,,68.586,5.575515217
VUT,Vanuatu,2001,9.400449753,2865.51243,0.561,,68.722,5.575515217
VUT,Vanuatu,2002,9.542039871,2662.143484,0.561,,68.836,5.575515217
VUT,Vanuatu,2003,9.913769722,2702.03239,0.561,,68.933,5.575515217
VUT,Vanuatu,2004,9.90997982,2725.375229,0.561,,68.985,5.575515217
VUT,Vanuatu,2005,10.03939349,2758.967252,0.561,,69.166,5.575515217
VUT,Vanuatu,2006,10.16880715,2983.891353,0.567,,69.126,5.667716087
VUT,Vanuatu,2007,10.29822082,2989.073892,0.57,,69.144,5.76144166
VUT,Vanuatu,2008,10.42763449,3224.478126,0.578,,69.302,5.856717149
VUT,Vanuatu,2009,10.55704816,3135.208633,0.579,,69.422,5.953568184
VUT,Vanuatu,2010,10.68646182,3117.90196,0.582,,69.57,6.052020819
VUT,Vanuatu,2011,10.81587549,3163.49022,0.587,,69.729,6.152101541
VUT,Vanuatu,2012,10.94528916,3016.606111,0.587,,69.898,6.253837273
VUT,Vanuatu,2013,11.07470282,3136.734121,0.592,,69.986,6.357255382
VUT,Vanuatu,2014,11.20411649,3210.038659,0.597,,70.043,6.460673491
VUT,Vanuatu,2015,11.33353016,3154.34392,0.599,,70.163,6.5640916
VUT,Vanuatu,2016,11.41321012,3240.323519,0.603,,70.397,6.667509709
VUT,Vanuatu,2017,11.49289008,3292.173781,0.607,,70.5,6.770927818
VUT,Vanuatu,2018,11.57257004,3410.697171,0.612,,70.626,6.908355121
VUT,Vanuatu,2019,11.65225,3876.426337,0.622,,70.783,7.045782424
VUT,Vanuatu,2020,11.73192996,3471.713671,0.617,,70.385,7.183209727
VUT,Vanuatu,2021,11.81160992,3439.98327,0.615,,69.952,7.183209727
VUT,Vanuatu,2022,11.81160992,3457.862708,0.621,,71.302,7.183209727
VUT,Vanuatu,2023,11.81160992,3403.690193,0.621,146.0,71.477,7.183209727
WSM,Samoa,1990,11.6098,3776.425957,0.655,,67.808,10.12837681
WSM,Samoa,1991,11.6194,3776.425957,0.655,,68.039,10.1979062
WSM,Samoa,1992,11.629,3776.425957,0.655,,68.532,10.2679129
WSM,Samoa,1993,11.6386,3776.425957,0.655,,68.818,10.33840018
WSM,Samoa,1994,11.6482,3776.425957,0.655,,69.162,10.40937134
WSM,Samoa,1995,11.6578,3776.425957,0.655,,69.469,10.4808297
WSM,Samoa,1996,11.6675,4189.373441,0.663,,69.767,10.55277861
WSM,Samoa,1997,11.6771,4185.6728,0.665,,70.045,10.62522144
WSM,Samoa,1998,11.68673992,4265.816513,0.669,,70.308,10.69816158
WSM,Samoa,1999,11.75737953,4358.564083,0.672,,70.555,10.77160243
WSM,Samoa,2000,11.60974026,4621.673453,0.676,,70.791,10.84554745
WSM,Samoa,2001,11.65107324,4978.017892,0.683,,71.028,10.92000008
WSM,Samoa,2002,11.69240623,4724.272853,0.682,,71.233,10.9960001
WSM,Samoa,2003,11.73373922,4949.573551,0.687,,71.441,11.07200012
WSM,Samoa,2004,11.77507221,5170.021436,0.691,,71.508,11.14800014
WSM,Samoa,2005,11.81640519,5367.774493,0.694,,71.487,11.22400017
WSM,Samoa,2006,11.85773818,5405.500323,0.697,,71.62,11.30000019
WSM,Samoa,2007,11.89907117,5769.828655,0.701,,71.605,11.37600021
WSM,Samoa,2008,11.94040415,5767.215857,0.702,,71.531,11.45200024
WSM,Samoa,2009,11.98173714,5761.907376,0.694,,69.486,11.52800026
WSM,Samoa,2010,12.02307013,6161.000527,0.708,,71.451,11.60400028
WSM,Samoa,2011,12.06440312,6335.229664,0.711,,71.393,11.68000031
WSM,Samoa,2012,12.1057361,6055.132393,0.707,,71.159,11.64522529
WSM,Samoa,2013,12.14706909,5942.910448,0.706,,71.229,11.61045027
WSM,Samoa,2014,12.18840208,5972.526191,0.706,,71.142,11.57567525
WSM,Samoa,2015,12.22973506,6254.219915,0.708,,71.06,11.54090023
WSM,Samoa,2016,12.27106805,6668.888165,0.712,,71.003,11.50612521
WSM,Samoa,2017,12.31240104,6645.358924,0.712,,70.991,11.47135019
WSM,Samoa,2018,12.35373403,6511.705103,0.711,,71.052,11.43657517
WSM,Samoa,2019,12.39506701,6682.698683,0.708,,70.269,11.40180016
WSM,Samoa,2020,12.4364,6415.937474,0.708,,70.727,11.36733981
WSM,Samoa,2021,12.4364,5990.579284,0.706,,71.096,11.33298361
WSM,Samoa,2022,12.4364,5510.816082,0.703,,71.55,11.33298361
WSM,Samoa,2023,12.4364,5952.016925,0.708,122.0,71.698,11.33298361
YEM,Yemen,1990,5.393598749,2527.789309,0.359,,58.528,0.32312139
YEM,Yemen,1991,5.551342272,2409.091425,0.364,,58.805,0.403344631
YEM,Yemen,1992,5.71369923,2419.35734,0.37,,59.26,0.483567873
YEM,Yemen,1993,5.880804551,2441.082517,0.377,,59.655,0.563791115
YEM,Yemen,1994,6.052797106,2406.024481,0.382,,59.828,0.644014356
YEM,Yemen,1995,6.229819829,2632.636768,0.393,,60.532,0.724237598
YEM,Yemen,1996,6.412019836,2926.649583,0.405,,60.884,0.846800884
YEM,Yemen,1997,6.599548543,3011.949177,0.413,,61.34,0.969364169
YEM,Yemen,1998,6.792561796,3167.584947,0.423,,61.788,1.091927455
YEM,Yemen,1999,6.991219997,3087.557535,0.429,,62.275,1.214490741
YEM,Yemen,2000,7.207654953,3247.362392,0.439,,62.761,1.337054027
YEM,Yemen,2001,7.424089909,3370.923501,0.449,,63.286,1.48412997
YEM,Yemen,2002,7.640524864,3417.293258,0.458,,63.807,1.631205913
YEM,Yemen,2003,7.85695982,3474.527133,0.467,,64.407,1.778281856
YEM,Yemen,2004,8.075110435,3488.828772,0.475,,64.881,1.925357798
YEM,Yemen,2005,8.133910179,3558.490683,0.481,,65.356,2.072433741
YEM,Yemen,2006,8.045473417,3722.107605,0.486,,65.8,2.237337071
YEM,Yemen,2007,7.957036654,3733.650459,0.489,,66.23,2.402240401
YEM,Yemen,2008,7.868599892,3722.65043,0.492,,66.609,2.567143731
YEM,Yemen,2009,7.943425179,3742.061155,0.497,,66.905,2.732047061
YEM,Yemen,2010,8.018250465,3707.591613,0.502,,67.223,2.896950391
YEM,Yemen,2011,8.368570328,2995.362486,0.501,,67.412,3.119792729
YEM,Yemen,2012,8.231055081,2979.199419,0.503,,67.569,3.342635067
YEM,Yemen,2013,8.095799532,3025.684972,0.507,,67.961,3.565477405
YEM,Yemen,2014,7.962766549,2603.491709,0.502,,68.003,3.788319742
YEM,Yemen,2015,7.829733567,1667.18619,0.475,,66.761,4.01116208
YEM,Yemen,2016,7.696700584,1387.98091,0.467,,67.105,4.17606541
YEM,Yemen,2017,7.563667601,1202.717951,0.459,,67.12,4.34096874
YEM,Yemen,2018,7.430634618,1160.527497,0.454,,65.915,4.50587207
YEM,Yemen,2019,7.494902735,1149.183574,0.458,,66.567,4.6707754
YEM,Yemen,2020,7.494902735,1129.91045,0.459,,66.435,4.83567873
YEM,Yemen,2021,7.494902735,1084.227132,0.458,,66.019,5.051835798
YEM,Yemen,2022,7.494902735,1069.82396,0.466,,67.952,5.267992865
YEM,Yemen,2023,7.494902735,1018.20058,0.47,184.0,69.295,5.484149933
ZAF,South Africa,1990,11.99145985,9628.174037,0.633,,62.942,6.699636675
ZAF,South Africa,1991,12.4724102,9310.661968,0.641,,62.983,7.056812991
ZAF,South Africa,1992,12.7001435,8917.393094,0.645,,62.839,7.413989307
ZAF,South Africa,1993,12.92787679,8885.029193,0.65,,62.618,7.771165622
ZAF,South Africa,1994,13.15561008,9029.094966,0.654,,62.069,8.128341938
ZAF,South Africa,1995,12.95232761,9069.525153,0.654,,61.603,8.485518254
ZAF,South Africa,1996,12.74904513,9400.03824,0.649,,61.079,8.281122559
ZAF,South Africa,1997,12.54576266,9485.98568,0.642,,60.538,8.076726864
ZAF,South Africa,1998,12.34248018,9378.204604,0.634,,59.912,7.872331168
ZAF,South Africa,1999,12.13919771,9400.757427,0.626,,59.19,7.667935473
ZAF,South Africa,2000,11.93591523,9643.376205,0.618,,58.368,7.463539778
ZAF,South Africa,2001,11.73263276,9799.470791,0.613,,57.161,7.670000076
ZAF,South Africa,2002,11.52935028,10186.52947,0.614,,55.58,8.520000458
ZAF,South Africa,2003,11.64111042,10416.77908,0.61,,54.245,8.760000229
ZAF,South Africa,2004,11.85159969,10915.21171,0.613,,53.963,8.819999695
ZAF,South Africa,2005,11.85476017,11420.73855,0.616,,53.914,8.899999619
ZAF,South Africa,2006,11.96778965,12080.35425,0.622,,54.22,8.949999809
ZAF,South Africa,2007,12.31620979,12530.18191,0.632,,54.948,9.079999924
ZAF,South Africa,2008,12.47587967,12894.92203,0.643,,55.982,9.220000267
ZAF,South Africa,2009,12.63554955,12859.28352,0.657,,57.413,9.600000381
ZAF,South Africa,2010,12.8413496,13291.54152,0.669,,58.886,9.670000076
ZAF,South Africa,2011,13.10684967,13729.97575,0.683,,60.602,9.68999958
ZAF,South Africa,2012,13.54292011,13677.73993,0.696,,61.737,9.930000305
ZAF,South Africa,2013,13.91226006,13774.90855,0.705,,62.388,10.03999996
ZAF,South Africa,2014,14.2816,13671.41134,0.713,,63.184,10.14999962
ZAF,South Africa,2015,14.60560989,13653.94951,0.722,,64.053,10.22999954
ZAF,South Africa,2016,14.24452019,13635.83522,0.722,,64.749,10.18499994
ZAF,South Africa,2017,14.26511002,13862.17756,0.726,,65.422,10.14000034
ZAF,South Africa,2018,14.0805397,13839.46332,0.732,,65.726,10.75500011
ZAF,South Africa,2019,14.21393013,13882.0147,0.742,,66.071,11.36999989
ZAF,South Africa,2020,13.98349953,13241.77516,0.724,,65.15,10.55465984
ZAF,South Africa,2021,14.11433983,13901.69786,0.721,,62.01,11.60999966
ZAF,South Africa,2022,13.79325008,13819.63409,0.737,,65.454,11.60999966
ZAF,South Africa,2023,13.79325008,13693.98858,0.741,106.0,66.139,11.60999966
ZMB,Zambia,1990,7.79542017,2277.766516,0.422,,48.204,4.480000019
ZMB,Zambia,1991,7.854483475,2110.7485,0.416,,47.443,4.571048226
ZMB,Zambia,1992,7.91354678,2058.029188,0.414,,46.968,4.662096432
ZMB,Zambia,1993,7.972610085,2196.686003,0.417,,46.678,4.753144639
ZMB,Zambia,1994,8.03167339,1988.015814,0.413,,46.344,4.844192845
ZMB,Zambia,1995,8.090736695,1999.151179,0.413,,46.051,4.935241052
ZMB,Zambia,1996,8.1498,2085.928146,0.415,,45.757,5.026289259
ZMB,Zambia,1997,8.252778915,2108.589038,0.418,,45.743,5.117337465
ZMB,Zambia,1998,8.355757831,2035.966227,0.418,,45.709,5.208385672
ZMB,Zambia,1999,8.458736746,2107.057741,0.423,,45.924,5.299433878
ZMB,Zambia,2000,8.561715661,2139.219725,0.429,,46.577,5.390482085
ZMB,Zambia,2001,8.664694577,2192.869514,0.437,,47.408,5.481530292
ZMB,Zambia,2002,8.767673492,2232.39488,0.445,,48.461,5.572578498
ZMB,Zambia,2003,9.21109085,2330.567153,0.458,,49.616,5.663626705
ZMB,Zambia,2004,9.654508207,2329.578095,0.468,,50.54,5.754674911
ZMB,Zambia,2005,10.09792556,2386.694464,0.48,,51.615,5.845723118
ZMB,Zambia,2006,10.54134292,2445.638023,0.492,,52.693,5.936771325
ZMB,Zambia,2007,10.98476028,2506.596717,0.504,,53.73,6.027819531
ZMB,Zambia,2008,10.9873134,2699.902446,0.514,,54.835,6.118867738
ZMB,Zambia,2009,10.98986653,3003.05892,0.526,,55.886,6.209915945
ZMB,Zambia,2010,10.99241965,3068.884675,0.533,,56.896,6.300964151
ZMB,Zambia,2011,10.99497277,3059.51003,0.538,,57.843,6.392012358
ZMB,Zambia,2012,10.99752589,3544.167885,0.551,,58.704,6.483060564
ZMB,Zambia,2013,11.00007902,3601.22973,0.557,,59.445,6.574108771
ZMB,Zambia,2014,11.00263214,3467.217092,0.559,,60.109,6.665156978
ZMB,Zambia,2015,11.00518704,3608.291752,0.565,,60.728,6.756205184
ZMB,Zambia,2016,11.00774254,3438.58463,0.565,,61.129,6.847253391
ZMB,Zambia,2017,11.01029863,3524.589923,0.57,,61.564,6.938301597
ZMB,Zambia,2018,11.01285531,3615.705908,0.575,,62.138,7.029349804
ZMB,Zambia,2019,11.01541258,3531.823111,0.578,,62.914,7.157121491
ZMB,Zambia,2020,11.01797045,3312.227362,0.578,,63.361,7.284893177
ZMB,Zambia,2021,11.02052892,3219.787938,0.574,,62.363,7.397408543
ZMB,Zambia,2022,11.02052892,3345.773032,0.589,,65.279,7.397408543
ZMB,Zambia,2023,11.02052892,3446.675821,0.595,154.0,66.349,7.397408543
ZWE,Zimbabwe,1990,9.529560089,2568.179511,0.5,,58.319,5.026712187
ZWE,Zimbabwe,1991,9.931150436,2639.899942,0.502,,57.037,5.171277376
ZWE,Zimbabwe,1992,9.542510033,2366.546009,0.487,,55.602,5.320000172
ZWE,Zimbabwe,1993,9.644214358,2389.253265,0.483,,53.976,5.473000145
ZWE,Zimbabwe,1994,9.745918683,2511.567688,0.482,,52.537,5.626000118
ZWE,Zimbabwe,1995,9.847623008,2477.237574,0.477,,51.144,5.779000092
ZWE,Zimbabwe,1996,9.949327333,2715.722386,0.472,,48.981,5.932000065
ZWE,Zimbabwe,1997,10.05103166,2669.205668,0.472,,48.536,6.085000038
ZWE,Zimbabwe,1998,10.15273598,2586.839232,0.467,,47.551,6.238000011
ZWE,Zimbabwe,1999,10.25444031,2506.929398,0.462,,46.379,6.390999985
ZWE,Zimbabwe,2000,10.41816044,2294.020689,0.458,,46.034,6.543999958
ZWE,Zimbabwe,2001,10.91864014,2343.05293,0.456,,44.525,6.696999931
ZWE,Zimbabwe,2002,10.52871037,2192.137975,0.459,,45.938,6.849999905
ZWE,Zimbabwe,2003,10.28876972,1991.047702,0.45,,45.373,6.951999903
ZWE,Zimbabwe,2004,10.3613898,1888.260619,0.453,,46.043,7.053999901
ZWE,Zimbabwe,2005,10.43400987,1790.993373,0.455,,46.57,7.155999899
ZWE,Zimbabwe,2006,10.50662994,1707.113037,0.457,,47.056,7.257999897
ZWE,Zimbabwe,2007,10.57925002,1652.247166,0.459,,47.576,7.359999895
ZWE,Zimbabwe,2008,10.65187009,1400.848106,0.456,,48.456,7.461999893
ZWE,Zimbabwe,2009,10.72449017,2128.913891,0.488,,49.75,7.563999891
ZWE,Zimbabwe,2010,10.79711024,2584.716677,0.512,,51.925,7.665999889
ZWE,Zimbabwe,2011,10.86973031,2843.665451,0.529,,53.911,7.767999887
ZWE,Zimbabwe,2012,10.94235039,3238.161095,0.545,,55.386,7.869999886
ZWE,Zimbabwe,2013,10.80508041,3309.625854,0.554,,56.842,7.989999771
ZWE,Zimbabwe,2014,10.83630927,3233.611071,0.56,,58.106,8.109999657
ZWE,Zimbabwe,2015,10.86762838,3177.721042,0.567,,58.989,8.38904953
ZWE,Zimbabwe,2016,10.89903801,3124.088959,0.57,,59.76,8.424524784
ZWE,Zimbabwe,2017,10.93053842,3220.71557,0.575,,60.263,8.460000038
ZWE,Zimbabwe,2018,10.96212987,3639.342768,0.586,,60.906,8.573729992
ZWE,Zimbabwe,2019,10.99381263,3352.185618,0.584,,61.06,8.687459946
ZWE,Zimbabwe,2020,11.02558696,3021.423576,0.582,,61.53,8.808312975
ZWE,Zimbabwe,2021,11.05745312,3216.553233,0.581,,60.135,8.930847216
ZWE,Zimbabwe,2022,11.05745312,3351.026955,0.594,,62.36,8.930847216
ZWE,Zimbabwe,2023,11.05745312,3511.463215,0.598,153.0,62.775,8.930847216
